episode,game_score,occupied,final_day,train_reward,steps,elapsed
1,8380,26,97,95.8,209,0.1
2,7780,9,97,77.6,219,0.2
3,7780,9,97,77.7,203,0.3
4,7955,14,97,82.95,222,0.4
5,7960,14,97,83.0,208,0.5
6,8100,18,97,87.2,205,0.6
7,8730,36,97,106.3,261,0.8
8,8170,20,97,89.3,246,0.9
9,8030,16,97,85.1,208,1.0
10,9575,61,97,133.13,238,1.5
11,7745,8,97,76.65,172,1.5
12,8060,17,97,86.3,192,1.6
13,8100,18,97,87.2,199,1.8
14,8170,20,97,89.3,183,1.9
15,8135,19,97,88.25,168,1.9
16,9075,46,97,116.95,205,2.1
17,8320,24,97,93.6,185,2.2
18,7920,13,97,81.8,162,2.3
19,7855,11,97,79.75,176,2.3
20,8590,32,97,101.9,193,2.4
21,8725,36,97,106.45,190,2.9
22,7925,13,97,81.95,183,3.0
23,8135,19,97,88.25,205,3.1
24,8735,36,97,106.25,210,3.2
25,8060,17,97,86.1,176,3.3
26,8025,16,97,85.05,176,3.4
27,8065,17,97,86.05,193,3.5
28,8450,28,97,98.1,204,3.6
29,8165,20,97,89.25,190,3.7
30,7890,12,97,80.9,191,3.8
31,8520,30,97,99.8,198,4.2
32,8135,19,97,88.25,172,4.3
33,7960,14,97,83.0,184,4.4
34,8485,29,97,98.85,184,4.5
35,7745,8,97,76.65,160,4.6
36,8405,27,97,96.75,187,4.7
37,8205,21,97,90.35,179,4.8
38,8060,17,97,86.1,187,4.9
39,8310,24,97,93.6,178,5.0
40,8160,20,97,89.6,181,5.1
41,8515,30,97,99.95,191,5.2
42,9665,63,97,135.13,211,5.3
43,8555,31,97,100.75,166,5.8
44,8350,25,97,94.6,156,5.9
45,8130,19,97,88.4,160,5.9
46,8445,28,97,97.85,195,6.1
47,8480,29,97,98.8,188,6.2
48,8235,22,97,91.55,175,6.3
49,8625,33,97,103.15,186,6.4
50,7995,15,97,84.05,168,6.4
51,7780,9,97,77.7,156,6.5
52,8065,17,97,86.15,162,6.6
53,8935,42,97,112.75,187,6.7
54,8100,18,97,87.2,162,7.1
55,8410,27,97,97.0,161,7.2
56,8760,37,97,107.6,180,7.3
57,8030,16,97,85.1,139,7.4
58,8555,31,97,100.85,159,7.5
59,8410,27,97,96.7,159,7.6
60,8560,31,97,100.8,160,7.6
61,8315,24,97,93.55,151,7.7
62,7955,14,97,82.95,131,7.8
63,8315,24,97,93.55,160,7.9
64,8340,25,97,94.9,151,8.0
65,8200,21,97,90.5,152,8.1
66,8205,21,97,90.35,147,8.1
67,9285,51,97,122.85,189,8.2
68,8305,24,97,93.35,137,8.6
69,8135,19,97,88.15,144,8.7
70,8135,19,97,88.25,139,8.8
71,8300,24,97,93.6,143,8.9
72,7850,11,97,79.8,133,8.9
73,8555,31,97,100.85,158,9.0
74,8065,17,97,86.15,137,9.1
75,8585,32,97,102.05,153,9.2
76,8870,40,97,110.5,171,9.3
77,8240,22,97,91.4,145,9.3
78,8415,27,97,96.85,146,9.4
79,8515,30,97,99.85,166,9.5
80,8100,18,97,87.4,153,9.6
81,7950,14,97,83.0,148,10.0
82,8230,22,97,91.5,142,10.1
83,7995,15,97,84.05,134,10.2
84,8625,33,97,103.35,171,10.3
85,8690,35,97,105.4,158,10.3
86,7850,11,97,79.8,124,10.4
87,9180,49,97,120.3,176,10.5
88,8515,30,97,99.85,153,10.6
89,8205,21,97,90.25,132,10.7
90,8415,27,97,96.85,141,10.7
91,8130,19,97,88.1,147,10.8
92,8660,34,97,104.4,152,10.9
93,8060,17,97,85.9,157,11.0
94,7785,9,97,77.65,131,11.1
95,8170,20,97,89.3,138,11.5
96,8275,23,97,92.65,137,11.6
97,8420,27,97,96.7,147,11.7
98,8440,28,97,97.8,143,11.8
99,7955,14,97,82.95,133,11.8
100,8095,18,97,87.35,130,11.9
101,8945,42,97,112.65,158,12.0
102,8205,21,97,90.55,135,12.1
103,8025,16,97,85.05,133,12.2
104,8065,17,97,86.35,132,12.2
105,8615,33,97,103.05,153,12.3
106,8480,29,97,98.8,147,12.4
107,8375,26,97,95.75,140,12.5
108,8305,24,97,93.65,137,12.6
109,9235,50,97,121.05,165,12.7
110,8240,22,97,91.3,136,13.0
111,8060,17,97,86.1,136,13.1
112,8135,19,97,88.25,132,13.2
113,8475,29,97,99.05,145,13.3
114,8370,26,97,95.7,141,13.4
115,8630,33,97,102.9,142,13.5
116,8275,23,97,92.45,137,13.6
117,8275,23,97,92.45,138,13.6
118,8445,28,97,97.85,141,13.7
119,8170,20,97,89.3,132,13.8
120,8625,33,97,103.15,143,13.9
121,8165,20,97,89.45,135,14.0
122,8315,24,97,93.55,134,14.1
123,8235,22,97,91.35,130,14.1
124,7995,15,97,84.05,119,14.2
125,8915,42,97,112.69,154,14.6
126,8655,34,97,104.15,145,14.7
127,8585,32,97,102.25,141,14.8
128,8770,37,97,107.3,161,14.9
129,8515,30,97,99.95,147,15.0
130,8135,19,97,88.25,132,15.1
131,8800,38,97,108.4,152,15.2
132,8510,30,97,99.9,139,15.2
133,7640,5,97,73.4,120,15.3
134,7995,15,97,84.05,132,15.4
135,8235,22,97,91.75,135,15.5
136,9570,60,97,131.7,170,15.6
137,8860,40,97,110.6,149,15.7
138,8095,18,97,87.35,129,15.7
139,8655,34,97,104.15,142,16.1
140,7675,6,97,74.55,117,16.2
141,8550,31,97,101.2,140,16.3
142,9360,54,97,125.4,175,16.4
143,8205,21,97,90.35,131,16.5
144,8410,27,97,96.8,136,16.6
145,8860,40,97,110.4,148,16.6
146,7955,14,97,82.95,132,16.7
147,8880,40,97,110.3,151,16.8
148,9040,45,97,115.9,162,16.9
149,10680,82,97,157.08,189,17.0
150,8275,23,97,92.65,135,17.1
151,8060,17,97,86.1,126,17.2
152,8615,33,97,103.05,143,17.3
153,8205,21,97,90.55,139,17.6
154,8170,20,97,89.3,127,17.7
155,8545,31,97,100.95,139,17.8
156,8695,35,97,105.15,143,17.9
157,8480,29,97,98.8,136,18.0
158,8310,24,97,93.5,134,18.0
159,9080,46,97,116.7,157,18.1
160,8350,25,97,94.6,130,18.2
161,9620,58,97,130.38,164,18.3
162,8130,19,97,88.2,125,18.4
163,8505,30,97,99.85,141,18.5
164,8345,25,97,94.35,152,18.6
165,8525,30,97,100.05,161,18.7
166,8165,20,97,89.25,121,18.7
167,8065,17,97,86.15,125,18.8
168,8480,29,97,99.1,134,19.2
169,8625,33,97,102.95,140,19.3
170,7955,14,97,82.85,130,19.4
171,8545,31,97,100.95,145,19.4
172,8310,24,97,93.4,146,19.5
173,8555,31,97,100.75,140,19.6
174,8380,26,97,95.8,137,19.7
175,8560,31,97,100.9,135,19.8
176,8695,35,97,105.25,143,19.9
177,8055,17,97,86.25,122,20.0
178,9175,48,97,119.23,156,20.1
179,8870,40,97,110.2,157,20.2
180,8420,27,97,96.7,141,20.2
181,8165,20,97,89.35,138,20.3
182,8725,36,97,106.25,143,20.6
183,8480,29,97,98.9,135,20.7
184,8025,16,97,85.05,130,20.8
185,8315,24,97,93.55,129,20.9
186,8375,26,97,95.65,135,21.0
187,9185,47,97,118.33,154,21.1
188,8380,26,97,95.8,135,21.2
189,8765,37,97,107.75,144,21.2
190,8130,19,97,88.4,126,21.3
191,8730,36,97,106.3,147,21.4
192,8135,19,97,88.15,132,21.5
193,8205,21,97,90.35,126,21.5
194,8335,25,97,94.65,133,21.6
195,8380,26,97,95.5,142,21.7
196,8870,40,97,110.3,142,21.8
197,8165,20,97,89.25,137,22.2
198,8970,43,97,113.5,152,22.3
199,8695,35,97,105.25,137,22.4
200,8655,34,97,104.35,141,22.5
201,8840,39,97,109.3,146,22.5
202,8490,29,97,98.7,138,22.6
203,7960,14,97,82.9,124,22.7
204,9800,65,97,137.0,173,22.8
205,7955,14,97,82.95,118,22.9
206,8800,38,97,108.2,140,23.0
207,8270,23,97,92.8,130,23.1
208,8590,32,97,102.3,137,23.1
209,8730,36,97,106.1,138,23.2
210,8545,31,97,100.95,128,23.3
211,8135,19,97,88.15,125,23.4
212,9570,60,97,131.2,167,24.0
213,7925,13,97,81.95,121,24.1
214,10845,85,97,160.65,186,24.2
215,9330,53,97,124.4,153,24.3
216,8865,40,97,110.45,141,24.4
217,8205,21,97,90.25,128,24.4
218,7850,11,97,79.8,112,24.5
219,7925,13,97,81.95,118,24.6
220,11720,106,97,183.9,207,24.7
221,8165,20,97,89.45,119,24.8
222,8660,34,97,104.0,142,24.9
223,8415,27,97,96.55,137,24.9
224,8560,31,97,100.9,132,25.0
225,8130,19,97,88.2,128,25.1
226,11115,91,97,167.31,199,25.6
227,9290,52,97,123.1,153,25.8
228,8095,18,97,87.15,123,25.8
229,8410,27,97,96.8,130,25.9
230,8485,29,97,98.65,137,26.0
231,7890,12,97,80.9,121,26.1
232,9145,48,97,119.05,148,26.1
233,8340,25,97,94.7,130,26.2
234,7885,12,97,80.75,118,26.3
235,8270,23,97,92.6,123,26.3
236,9370,52,97,123.84,157,26.4
237,8445,28,97,97.75,128,26.5
238,9140,48,97,119.24,148,26.6
239,8660,34,97,104.2,134,26.7
240,8620,33,97,103.3,137,26.7
241,8655,34,97,104.15,132,26.8
242,8455,28,97,97.65,145,27.2
243,8750,37,97,107.4,138,27.3
244,11240,94,97,170.78,198,27.5
245,8445,28,97,97.85,129,27.5
246,10245,72,97,146.19,170,27.6
247,8100,18,97,87.2,125,27.7
248,9845,68,97,140.29,172,27.8
249,9330,54,97,125.48,151,27.9
250,8345,25,97,94.75,124,28.0
251,8760,37,97,107.3,140,28.1
252,8030,16,97,85.1,115,28.2
253,8840,39,97,109.3,139,28.2
254,10390,75,97,149.54,175,28.4
255,8700,35,97,105.1,134,28.8
256,8420,27,97,96.9,128,28.8
257,8210,21,97,90.4,121,28.9
258,8695,35,97,105.15,139,29.0
259,8625,33,97,103.35,132,29.1
260,8555,31,97,101.05,136,29.2
261,8280,23,97,92.5,127,29.2
262,9300,52,97,123.4,156,29.3
263,8445,28,97,97.75,131,29.4
264,8415,27,97,96.65,130,29.5
265,11110,91,97,167.3,194,29.6
266,9475,54,97,126.17,154,29.7
267,8205,21,97,90.35,124,29.8
268,8520,30,97,100.0,128,29.9
269,9115,47,97,117.85,147,30.0
270,11400,98,97,174.9,234,30.5
271,9085,46,97,116.55,160,30.6
272,8565,31,97,100.85,131,30.7
273,8795,38,97,108.15,139,30.8
274,9530,59,97,130.6,171,30.9
275,8480,29,97,98.7,135,31.0
276,8415,27,97,96.85,129,31.1
277,7785,9,97,77.65,114,31.1
278,8815,39,97,109.59,138,31.2
279,13045,137,97,218.01,238,31.4
280,8170,20,97,89.5,119,31.5
281,7885,12,97,80.85,111,31.5
282,8660,34,97,104.0,133,31.6
283,8695,35,97,105.25,135,31.7
284,9125,46,97,117.35,143,32.1
285,9350,51,97,122.7,148,32.3
286,8635,33,97,103.05,129,32.3
287,8560,31,97,100.9,129,32.4
288,8280,23,97,92.5,126,32.5
289,8380,26,97,95.8,125,32.6
290,8870,40,97,110.5,142,32.6
291,8765,37,97,107.35,138,32.7
292,10585,81,97,155.61,176,32.9
293,8775,37,97,107.25,137,32.9
294,8930,42,97,112.64,141,33.0
295,7955,14,97,82.95,117,33.1
296,8555,31,97,101.05,126,33.2
297,8355,25,97,94.65,135,33.2
298,12835,136,97,216.39,255,33.7
299,9080,46,97,116.8,147,33.9
300,8765,37,97,107.35,145,34.0
301,9335,53,97,124.05,154,34.1
302,8310,24,97,93.5,119,34.1
303,9260,51,97,122.3,156,34.2
304,8415,27,97,96.85,131,34.3
305,11975,113,97,190.79,215,34.5
306,8835,39,97,109.05,144,34.5
307,10615,81,97,155.79,181,34.7
308,10620,75,97,152.1,181,34.8
309,8985,43,97,113.75,142,34.9
310,13175,141,97,222.35,252,35.0
311,8065,17,97,86.35,116,35.5
312,8480,29,97,98.9,132,35.6
313,11470,99,97,176.18,201,35.8
314,8210,21,97,90.6,122,35.8
315,8275,23,97,92.65,122,35.9
316,8595,32,97,102.15,135,36.0
317,9045,45,97,115.75,151,36.1
318,11470,99,97,176.18,197,36.2
319,9455,54,97,125.85,148,36.3
320,8380,26,97,95.7,126,36.4
321,11395,98,97,175.09,202,36.5
322,8700,35,97,105.1,131,36.6
323,8720,36,97,106.4,139,36.6
324,8770,37,97,107.4,136,36.7
325,8375,26,97,95.65,126,37.1
326,11615,103,97,180.23,203,37.4
327,8445,28,97,97.85,129,37.5
328,8960,42,97,112.82,139,37.5
329,8270,23,97,92.6,127,37.6
330,13165,142,97,222.73,243,37.8
331,8345,25,97,94.65,126,37.9
332,8620,33,97,103.1,129,37.9
333,11360,96,97,172.82,198,38.1
334,8905,41,97,111.35,138,38.1
335,8350,25,97,94.6,127,38.2
336,12085,114,97,192.47,212,38.4
337,15385,180,97,268.15,278,38.9
338,11780,105,97,182.98,210,39.1
339,8660,34,97,104.2,139,39.2
340,8310,24,97,93.7,134,39.2
341,8405,27,97,96.75,130,39.3
342,8805,38,97,108.45,138,39.4
343,8805,38,97,108.15,138,39.5
344,10515,78,97,152.75,184,39.6
345,8580,32,97,102.0,139,39.7
346,8240,22,97,91.6,130,39.7
347,8890,41,97,111.68,156,39.8
348,9895,64,97,137.29,170,39.9
349,8630,33,97,103.2,136,40.0
350,9325,53,97,124.35,159,40.5
351,9590,57,97,129.38,161,40.7
352,9245,51,97,122.39,152,40.8
353,9565,56,97,128.39,156,40.9
354,11640,104,97,181.38,198,41.0
355,9225,50,97,121.05,156,41.1
356,11475,99,97,176.03,201,41.3
357,8765,37,97,107.25,138,41.4
358,11370,96,97,172.88,199,41.5
359,8535,30,97,99.95,133,41.6
360,16505,213,97,302.63,314,41.8
361,8065,17,97,86.35,123,41.9
362,8760,37,97,107.3,142,42.3
363,11565,103,97,180.09,205,42.5
364,11315,96,97,172.77,200,42.7
365,9410,53,97,124.94,151,42.7
366,11615,105,97,181.95,206,42.9
367,11625,103,97,180.29,203,43.0
368,8100,18,97,87.2,126,43.1
369,9075,46,97,117.09,140,43.2
370,8090,18,97,87.2,124,43.3
371,9230,48,97,119.64,148,43.3
372,8275,23,97,92.45,136,43.4
373,11390,98,97,175.08,197,43.6
374,11300,95,97,171.96,197,44.0
375,11330,98,97,174.52,201,44.2
376,8735,36,97,106.35,142,44.3
377,9045,45,97,115.75,144,44.4
378,9175,48,97,119.37,150,44.5
379,11370,96,97,173.04,192,44.6
380,8690,35,97,105.2,130,44.7
381,8525,30,97,99.85,134,44.7
382,8205,21,97,90.55,122,44.8
383,8760,37,97,107.5,147,44.9
384,10550,78,97,153.0,177,45.0
385,9325,51,97,122.73,147,45.1
386,8275,23,97,92.65,121,45.1
387,8490,29,97,99.0,131,45.2
388,8450,28,97,97.9,130,45.7
389,8550,31,97,101.0,134,45.9
390,8135,19,97,88.25,117,46.0
391,9275,50,97,121.65,153,46.1
392,9150,48,97,118.9,156,46.1
393,10410,75,97,149.82,172,46.3
394,10905,89,97,164.51,190,46.4
395,8910,41,97,111.6,138,46.5
396,8485,29,97,98.75,124,46.5
397,9455,55,97,126.75,155,46.6
398,12370,124,97,203.58,236,46.8
399,9275,50,97,121.65,154,46.9
400,8590,32,97,101.9,128,47.0
401,9080,46,97,117.0,141,47.4
402,11275,94,97,170.61,189,47.6
403,9465,57,97,128.55,152,47.7
404,8660,34,97,104.2,133,47.8
405,11090,90,97,166.2,187,47.9
406,9975,65,97,138.47,167,48.0
407,11240,94,97,170.46,201,48.1
408,11985,114,97,192.03,208,48.3
409,11235,94,97,170.71,188,48.4
410,8240,22,97,91.4,125,48.4
411,8840,39,97,109.5,138,48.5
412,9765,61,97,133.89,157,48.6
413,9075,46,97,117.03,140,48.7
414,8595,32,97,101.85,130,49.1
415,9040,45,97,115.98,145,49.2
416,10435,76,97,150.69,176,49.3
417,11330,96,97,172.68,200,49.4
418,8660,34,97,104.2,139,49.5
419,8555,31,97,101.05,133,49.6
420,9005,44,97,114.99,149,49.7
421,9795,62,97,135.09,167,49.8
422,11430,98,97,174.92,192,49.9
423,10585,80,97,154.75,183,50.0
424,8590,32,97,102.1,135,50.1
425,11365,97,97,173.77,191,50.2
426,8245,22,97,91.35,118,50.3
427,10300,74,97,148.38,171,50.7
428,9795,62,97,135.09,164,50.9
429,11435,99,97,176.29,195,51.0
430,9430,54,97,126.12,157,51.1
431,9020,44,97,114.8,142,51.2
432,11315,96,97,172.93,192,51.3
433,20350,258,97,365.32,351,51.6
434,11820,110,97,187.64,205,51.8
435,8980,43,97,113.7,141,51.9
436,9390,53,97,124.8,153,51.9
437,8545,31,97,100.95,126,52.0
438,9715,64,97,135.95,163,52.4
439,11315,96,97,172.77,193,52.6
440,11430,99,97,175.98,200,52.7
441,8900,41,97,111.5,142,52.8
442,10480,77,97,151.9,177,52.9
443,11380,97,97,174.1,199,53.0
444,8590,32,97,102.1,130,53.1
445,9240,49,97,120.6,146,53.2
446,10190,71,97,145.26,165,53.3
447,8450,28,97,98.1,134,53.4
448,11370,97,97,173.94,210,53.5
449,12528,126,97,206.58,220,53.7
450,12930,137,97,217.48,230,54.2
451,13330,141,97,222.98,242,54.4
452,9090,45,97,116.2,140,54.5
453,8905,41,97,111.75,144,54.6
454,9605,61,97,132.75,156,54.7
455,11370,97,97,173.94,191,54.8
456,11325,96,97,172.83,190,54.9
457,8910,41,97,111.6,138,55.0
458,11190,92,97,168.44,188,55.1
459,11630,104,97,181.32,206,55.3
460,9440,54,97,126.18,148,55.4
461,10775,84,97,159.45,180,55.8
462,11335,97,97,173.91,195,56.0
463,8660,34,97,104.2,131,56.0
464,19190,256,97,355.04,352,56.4
465,22455,312,97,425.49,407,56.8
466,12640,131,97,211.02,229,56.9
467,9155,48,97,118.95,145,57.0
468,8525,30,97,99.85,128,57.1
469,11295,95,97,171.63,190,57.2
470,9370,52,97,124.08,150,57.3
471,9275,50,97,121.35,145,57.7
472,10290,73,97,147.3,167,57.8
473,11315,96,97,172.87,190,57.9
474,9310,50,97,121.64,149,58.0
475,11265,95,97,171.81,189,58.2
476,11360,97,97,173.88,193,58.3
477,9195,47,97,118.59,143,58.4
478,8270,23,97,92.8,119,58.5
479,9510,55,97,127.38,149,58.5
480,18910,240,97,341.52,335,58.8
481,9335,51,97,122.63,145,58.9
482,9185,48,97,119.43,142,59.0
483,9670,63,97,134.8,165,59.4
484,8590,32,97,102.1,129,59.5
485,11330,96,97,172.68,190,59.6
486,18730,248,97,345.24,343,59.9
487,10290,73,97,147.3,169,60.0
488,10380,75,97,149.52,172,60.2
489,11755,106,97,184.05,202,60.3
490,12570,129,97,208.48,226,60.5
491,11325,96,97,172.83,190,60.6
492,12610,124,97,204.1,218,60.8
493,11510,100,97,177.08,194,61.4
494,8590,32,97,102.1,127,61.5
495,11330,96,97,172.68,191,61.7
496,11325,96,97,172.83,190,61.8
497,10190,70,97,143.96,166,61.9
498,11440,98,97,174.98,192,62.0
499,8170,20,97,89.5,115,62.1
500,11325,96,97,172.83,190,62.2
501,11325,96,97,172.83,194,62.4
502,11325,96,97,172.83,190,62.5
503,11240,94,97,170.42,190,62.6
504,11325,96,97,172.83,190,62.8
505,11290,95,97,171.78,191,63.2
506,8480,29,97,99.1,124,63.3
507,11060,90,97,166.3,189,63.4
508,15325,183,97,270.13,280,63.6
509,8910,41,97,111.6,136,63.7
510,8840,39,97,109.5,137,63.8
511,19720,249,97,353.72,344,64.1
512,11405,97,97,173.93,200,64.2
513,10445,76,97,150.71,172,64.3
514,11325,96,97,172.83,190,64.5
515,8940,42,97,112.6,138,64.9
516,17560,214,97,311.42,309,65.2
517,11325,96,97,172.83,196,65.3
518,11040,90,97,166.26,191,65.5
519,11365,97,97,173.73,192,65.6
520,11405,98,97,174.83,192,65.7
521,9795,62,97,135.09,157,65.8
522,11325,96,97,172.83,190,65.9
523,8935,42,97,112.55,139,66.0
524,11325,96,97,172.83,193,66.1
525,12385,120,97,199.55,217,66.3
526,11055,89,97,165.27,184,66.7
527,11235,94,97,170.61,188,66.9
528,9210,50,97,121.1,147,67.0
529,11355,97,97,174.03,196,67.1
530,15260,180,97,267.56,274,67.3
531,11620,103,97,180.24,200,67.5
532,11405,97,97,173.93,194,67.6
533,10830,85,97,160.62,185,67.7
534,9090,46,97,116.7,146,67.8
535,8670,34,97,104.3,136,67.9
536,8800,38,97,108.6,135,67.9
537,11475,99,97,176.03,196,68.4
538,17450,223,97,316.5,316,68.7
539,11325,96,97,172.83,190,68.8
540,10875,86,97,161.73,180,68.9
541,9275,50,97,121.65,144,69.0
542,11420,99,97,175.92,205,69.1
543,11510,100,97,177.08,194,69.3
544,19010,246,97,345.06,339,69.6
545,8910,41,97,111.4,141,69.6
546,11325,96,97,172.83,199,69.8
547,11290,95,97,171.78,190,70.2
548,9135,46,97,117.41,144,70.3
549,8585,32,97,102.25,127,70.4
550,11325,96,97,172.83,190,70.5
551,11960,113,97,190.88,208,70.6
552,8835,39,97,109.35,139,70.7
553,8415,27,97,96.65,122,70.8
554,11355,97,97,174.03,194,70.9
555,11325,96,97,172.83,194,71.0
556,9440,54,97,126.18,152,71.1
557,11325,95,97,171.83,195,71.3
558,11290,95,97,171.78,189,71.4
559,12535,122,97,201.79,218,71.8
560,11290,95,97,171.78,189,72.0
561,7820,10,97,78.8,112,72.0
562,8530,30,97,99.8,126,72.1
563,14485,164,97,249.15,257,72.3
564,19300,258,97,357.24,363,72.6
565,11280,95,97,171.82,191,72.7
566,12610,124,97,204.04,218,72.9
567,8485,29,97,98.95,130,73.0
568,8665,34,97,104.05,138,73.0
569,11325,96,97,172.83,190,73.4
570,10330,74,97,148.56,169,73.5
571,11325,96,97,172.83,192,73.7
572,12075,112,97,190.89,208,73.8
573,9230,49,97,120.54,143,73.9
574,9275,50,97,121.65,144,74.0
575,11325,96,97,172.83,190,74.2
576,11325,96,97,172.83,190,74.3
577,9865,66,97,138.63,160,74.4
578,11325,96,97,172.83,190,74.5
579,8800,38,97,108.6,133,74.6
580,9530,56,97,128.44,153,74.7
581,16670,206,97,297.54,299,75.3
582,11325,96,97,172.83,192,75.4
583,11330,96,97,172.68,190,75.6
584,9155,48,97,119.15,143,75.6
585,11325,96,97,172.83,190,75.8
586,11325,96,97,172.83,190,75.9
587,11325,96,97,172.83,190,76.0
588,11350,97,97,173.98,194,76.1
589,11325,96,97,172.83,193,76.3
590,11360,97,97,173.88,191,76.4
591,11370,97,97,173.94,191,76.5
592,11325,96,97,172.83,196,76.9
593,8555,31,97,101.05,126,77.0
594,11325,96,97,172.83,190,77.2
595,12610,125,97,205.1,219,77.3
596,11535,101,97,178.23,198,77.5
597,11010,89,97,165.06,184,77.6
598,11325,96,97,172.83,191,77.7
599,8620,33,97,103.0,129,77.8
600,11340,96,97,172.74,190,77.9
601,8800,38,97,108.6,133,78.0
602,12835,129,97,209.75,223,78.1
603,8480,29,97,99.1,124,78.5
604,11325,96,97,172.83,190,78.6
605,11310,96,97,172.92,190,78.8
606,11325,96,97,172.83,197,78.9
607,11325,96,97,172.83,190,79.0
608,11325,96,97,172.83,190,79.2
609,11325,96,97,172.83,191,79.3
610,11145,92,97,168.39,188,79.4
611,11325,96,97,172.83,190,79.5
612,10110,69,97,142.86,163,79.6
613,11405,97,97,173.93,191,79.8
614,12610,124,97,204.2,218,80.2
615,12030,115,97,192.98,211,80.4
616,8980,43,97,113.7,141,80.5
617,11775,105,97,183.03,199,80.6
618,11755,106,97,184.05,200,80.7
619,11325,96,97,172.83,194,80.9
620,11370,97,97,173.94,191,81.0
621,11360,97,97,173.88,191,81.1
622,12610,124,97,204.2,221,81.3
623,11350,97,97,173.82,192,81.4
624,10380,75,97,149.52,171,81.5
625,11325,96,97,172.83,190,81.9
626,11325,96,97,172.83,191,82.0
627,11325,96,97,172.83,191,82.2
628,11290,95,97,171.78,189,82.3
629,11360,97,97,173.88,191,82.4
630,11325,96,97,172.83,190,82.6
631,11325,96,97,172.83,190,82.7
632,13035,140,97,220.43,238,82.9
633,11370,97,97,173.94,192,83.0
634,8660,34,97,104.2,129,83.1
635,10410,76,97,150.72,171,83.2
636,11325,96,97,172.83,191,83.6
637,11325,96,97,172.83,191,83.8
638,9275,50,97,121.65,144,83.9
639,8555,31,97,101.05,134,84.0
640,13060,128,97,210.84,227,84.1
641,11440,98,97,174.98,195,84.2
642,19530,265,97,364.66,359,84.6
643,11405,97,97,173.93,196,84.7
644,11325,96,97,172.83,196,84.8
645,9715,64,97,135.95,159,84.9
646,12835,129,97,209.75,223,85.4
647,11325,96,97,172.83,192,85.6
648,11110,91,97,167.34,187,85.7
649,10110,69,97,142.86,165,85.8
650,11325,96,97,172.83,191,85.9
651,11180,93,97,169.44,188,86.1
652,11325,96,97,172.83,190,86.2
653,11290,95,97,172.02,189,86.3
654,11325,96,97,172.83,190,86.4
655,11325,96,97,172.83,193,86.6
656,11280,95,97,171.72,189,86.7
657,12580,124,97,203.9,224,87.2
658,8555,31,97,101.05,126,87.3
659,11220,94,97,170.7,192,87.4
660,9440,54,97,126.18,150,87.5
661,8870,40,97,110.5,136,87.6
662,11330,96,97,172.68,190,87.7
663,11280,95,97,171.72,190,87.8
664,11575,102,97,179.13,196,88.0
665,11395,98,97,174.93,192,88.1
666,11325,96,97,172.83,190,88.2
667,13030,140,97,220.94,235,88.4
668,11325,96,97,172.83,190,88.7
669,11280,95,97,171.72,190,88.9
670,11325,96,97,172.83,191,89.0
671,11290,95,97,171.78,192,89.1
672,11325,96,97,172.83,190,89.3
673,11325,96,97,172.83,190,89.4
674,11235,94,97,170.61,190,89.5
675,11325,96,97,172.83,190,89.6
676,11325,96,97,172.83,190,89.8
677,11325,96,97,172.83,195,89.9
678,11325,95,97,171.93,189,90.0
679,10290,73,97,147.3,176,90.5
680,8840,39,97,109.5,141,90.6
681,11480,100,97,177.14,196,90.7
682,11755,106,97,184.05,206,90.8
683,11280,95,97,171.72,195,91.0
684,9275,50,97,121.65,144,91.0
685,11325,96,97,172.83,190,91.2
686,11325,96,97,172.83,191,91.3
687,9275,50,97,121.65,145,91.4
688,11325,96,97,172.83,192,91.5
689,9440,54,97,126.18,151,91.6
690,11325,96,97,172.83,190,92.0
691,11325,96,97,172.83,190,92.1
692,10335,74,97,148.41,171,92.3
693,11325,96,97,172.83,190,92.4
694,11325,96,97,172.83,190,92.5
695,11280,95,97,171.72,189,92.6
696,11325,96,97,172.83,190,92.8
697,11325,96,97,172.83,191,92.9
698,11325,96,97,172.83,191,93.0
699,11325,96,97,172.83,190,93.1
700,11325,96,97,172.83,191,93.3
701,11800,107,97,185.16,203,93.7
702,11770,105,97,183.02,201,93.9
703,11000,89,97,165.0,183,94.0
704,11330,96,97,172.68,190,94.1
705,11325,96,97,172.83,197,94.3
706,11325,96,97,172.83,192,94.4
707,12925,137,97,217.43,232,94.6
708,11325,96,97,172.83,190,94.7
709,9440,53,97,125.28,147,94.8
710,10110,69,97,142.86,163,94.9
711,11325,96,97,172.83,190,95.0
712,11325,96,97,172.83,190,95.4
713,12835,129,97,209.75,223,95.6
714,11325,96,97,172.83,191,95.7
715,11325,96,97,172.83,191,95.8
716,11325,96,97,172.83,190,95.9
717,9090,45,97,116.2,140,96.0
718,10560,79,97,153.96,173,96.1
719,11785,109,97,186.33,203,96.3
720,11325,96,97,172.83,190,96.4
721,11370,97,97,173.94,191,96.5
722,11325,96,97,172.83,193,96.6
723,11325,96,97,172.83,190,97.1
724,11325,96,97,172.83,190,97.2
725,11325,96,97,172.83,190,97.3
726,11320,96,97,172.82,190,97.5
727,11360,97,97,173.88,197,97.6
728,11325,96,97,172.83,190,97.7
729,11440,98,97,174.98,192,97.9
730,12025,111,97,189.77,205,98.0
731,11325,96,97,172.83,190,98.1
732,11280,95,97,171.72,189,98.3
733,11325,96,97,172.83,190,98.6
734,11325,96,97,172.83,190,98.8
735,11325,96,97,172.83,190,99.0
736,11325,96,97,172.83,190,99.1
737,11325,96,97,172.83,193,99.2
738,16950,209,97,301.72,304,99.5
739,11310,96,97,172.92,191,99.6
740,8735,36,97,106.35,131,99.7
741,11360,97,97,173.88,193,99.8
742,11395,98,97,174.93,193,99.9
743,11180,93,97,169.44,187,100.0
744,11325,96,97,172.83,190,100.4
745,11325,96,97,172.83,194,100.6
746,17975,231,97,326.53,325,100.8
747,11325,96,97,172.83,196,100.9
748,11475,99,97,176.03,196,101.1
749,11540,101,97,178.28,195,101.2
750,11325,96,97,172.83,190,101.3
751,11325,96,97,172.83,190,101.5
752,11325,96,97,172.83,196,101.6
753,11325,96,97,172.83,190,101.7
754,11325,96,97,172.83,190,102.2
755,11325,96,97,172.83,190,102.3
756,10560,79,97,153.96,173,102.4
757,11390,98,97,175.08,192,102.5
758,9185,48,97,119.43,142,102.6
759,11325,96,97,172.83,190,102.8
760,12570,123,97,202.94,217,102.9
761,10005,67,97,140.73,164,103.0
762,11280,95,97,171.72,189,103.1
763,11960,113,97,190.88,207,103.3
764,11325,96,97,172.83,190,103.4
765,11325,96,97,172.83,190,103.8
766,11290,95,97,171.78,190,104.0
767,11325,96,97,172.83,190,104.1
768,13200,144,97,225.18,237,104.3
769,11325,96,97,172.83,190,104.4
770,11325,96,97,172.83,190,104.5
771,10910,87,97,162.78,181,104.6
772,13000,139,97,219.74,238,104.8
773,10875,86,97,161.73,180,104.9
774,8735,36,97,106.35,131,105.0
775,8705,35,97,105.05,131,105.1
776,11325,96,97,172.83,190,105.4
777,11325,96,97,172.83,190,105.6
778,11290,95,97,171.78,191,105.7
779,11325,96,97,172.83,190,105.9
780,11325,96,97,172.83,190,106.0
781,11325,96,97,172.83,190,106.1
782,11280,95,97,171.72,189,106.2
783,11325,96,97,172.83,190,106.4
784,11330,96,97,172.68,193,106.5
785,11285,95,97,171.73,189,106.6
786,9275,50,97,121.65,144,106.7
787,9090,45,97,116.2,140,107.1
788,11325,96,97,172.83,190,107.3
789,11325,96,97,172.93,190,107.4
790,14880,173,97,259.08,266,107.6
791,8940,42,97,112.5,138,107.7
792,11360,97,97,173.88,191,107.8
793,11325,96,97,172.83,190,107.9
794,9440,54,97,126.18,152,108.0
795,8735,36,97,106.35,132,108.1
796,11325,96,97,172.83,190,108.2
797,11400,98,97,174.98,192,108.4
798,8835,39,97,109.35,135,108.4
799,11325,96,97,172.83,190,108.9
800,12030,116,97,193.68,210,109.1
801,11325,96,97,172.83,190,109.2
802,11360,97,97,173.88,191,109.3
803,11325,96,97,172.83,190,109.5
804,11325,96,97,172.83,190,109.6
805,11325,96,97,172.83,190,109.7
806,11325,96,97,172.83,190,109.9
807,11370,97,97,173.78,191,110.0
808,11330,96,97,172.68,190,110.1
809,11325,96,97,172.83,190,110.5
810,9090,45,97,116.2,140,110.6
811,10875,86,97,161.73,182,110.8
812,11325,96,97,172.83,190,110.9
813,11325,96,97,172.83,190,111.0
814,11360,97,97,173.88,191,111.1
815,11325,96,97,172.83,190,111.3
816,8700,35,97,105.3,130,111.3
817,11280,95,97,171.72,189,111.5
818,11325,96,97,172.83,190,111.6
819,11325,96,97,172.83,190,111.7
820,11325,96,97,172.83,190,111.8
821,11395,98,97,174.93,194,112.3
822,11280,95,97,171.72,189,112.4
823,11325,96,97,172.83,190,112.6
824,12610,124,97,204.1,218,112.7
825,11325,96,97,172.83,190,112.8
826,10380,75,97,149.52,170,113.0
827,11325,96,97,172.83,190,113.1
828,11325,96,97,172.83,190,113.2
829,11325,96,97,172.83,190,113.3
830,11330,96,97,172.68,190,113.5
831,11280,95,97,171.72,189,114.0
832,11325,96,97,172.83,190,114.2
833,11365,97,97,173.73,191,114.3
834,11325,96,97,172.83,191,114.4
835,11325,96,97,172.83,190,114.6
836,11325,96,97,172.83,190,114.7
837,11325,96,97,172.83,190,114.8
838,12925,137,97,217.43,230,115.0
839,11325,96,97,172.83,190,115.1
840,11325,96,97,172.83,190,115.2
841,11325,96,97,172.83,190,115.4
842,11325,96,97,172.83,190,115.8
843,11325,96,97,172.83,190,116.0
844,11325,96,97,172.83,190,116.1
845,11325,96,97,172.83,190,116.2
846,17780,224,97,319.46,317,116.5
847,11325,96,97,172.83,190,116.6
848,8555,31,97,101.05,126,116.7
849,9185,48,97,119.43,142,116.8
850,11325,96,97,172.83,194,116.9
851,11325,96,97,172.83,190,117.0
852,11325,96,97,172.83,190,117.2
853,11280,95,97,171.72,190,117.6
854,11515,101,97,178.11,196,117.7
855,11325,96,97,172.83,190,117.8
856,11325,96,97,172.83,190,118.0
857,11325,96,97,172.83,190,118.1
858,11325,96,97,172.83,190,118.2
859,11325,96,97,172.83,193,118.4
860,11325,96,97,172.83,190,118.5
861,11325,96,97,172.83,190,118.6
862,11325,95,97,171.93,190,118.7
863,11325,96,97,172.83,190,119.1
864,11325,96,97,172.83,190,119.3
865,11360,97,97,173.88,191,119.4
866,21000,306,97,407.98,399,119.8
867,11370,97,97,173.94,191,119.9
868,11325,96,97,172.83,190,120.1
869,11325,96,97,172.83,190,120.2
870,11280,95,97,171.72,189,120.3
871,11530,101,97,178.02,195,120.4
872,9050,45,97,115.8,140,120.5
873,11325,96,97,172.83,190,120.9
874,8835,39,97,109.35,135,121.0
875,11370,97,97,173.94,191,121.2
876,11325,96,97,172.83,190,121.3
877,11440,98,97,174.98,192,121.4
878,10365,75,97,149.61,169,121.6
879,11280,95,97,171.72,189,121.7
880,9390,46,97,119.8,140,121.8
881,11330,96,97,172.68,190,121.9
882,11325,96,97,172.83,190,122.0
883,11325,96,97,172.83,190,122.1
884,11325,96,97,172.83,190,122.3
885,11325,96,97,172.83,191,122.7
886,11325,96,97,172.83,190,122.8
887,11325,96,97,172.83,190,123.0
888,11330,96,97,172.68,191,123.1
889,11325,96,97,172.83,190,123.2
890,11325,96,97,172.83,191,123.3
891,11325,96,97,172.83,190,123.5
892,8910,41,97,111.6,136,123.6
893,12565,124,97,203.99,218,123.7
894,11325,96,97,172.83,190,123.8
895,11325,96,97,172.83,190,124.0
896,11325,96,97,172.83,191,124.4
897,11395,98,97,174.93,192,124.5
898,13280,142,97,223.64,235,124.7
899,11280,95,97,171.72,189,124.8
900,9275,50,97,121.65,145,124.9
901,11325,96,97,172.83,190,125.1
902,11325,96,97,172.83,191,125.2
903,12845,135,97,215.27,228,125.3
904,11325,96,97,172.83,190,125.5
905,11325,96,97,172.83,190,125.6
906,12795,135,97,214.95,228,126.0
907,11325,96,97,172.83,192,126.2
908,11960,113,97,190.88,208,126.3
909,11325,96,97,172.83,190,126.5
910,8555,31,97,101.05,126,126.5
911,11325,96,97,172.83,190,126.7
912,8835,39,97,109.35,136,126.7
913,11325,96,97,172.83,190,126.9
914,11325,96,97,172.83,190,127.0
915,11325,96,97,172.83,190,127.1
916,11325,96,97,172.83,190,127.2
917,11325,96,97,172.83,190,127.6
918,11395,98,97,174.93,192,127.8
919,8555,31,97,101.05,126,127.8
920,11325,96,97,172.83,190,128.0
921,11325,96,97,172.83,190,128.1
922,11325,96,97,172.83,190,128.2
923,11360,97,97,173.88,191,128.3
924,8875,40,97,110.35,135,128.4
925,11325,96,97,172.83,190,128.6
926,11145,92,97,168.39,186,128.8
927,11325,96,97,172.83,190,128.9
928,11325,96,97,172.83,190,129.0
929,11325,96,97,172.83,190,129.5
930,11315,96,97,172.93,190,129.6
931,12925,137,97,217.43,230,129.8
932,11280,95,97,171.72,189,129.9
933,11325,96,97,172.83,190,130.0
934,11325,96,97,172.83,190,130.2
935,9370,52,97,123.68,146,130.2
936,11395,98,97,174.93,192,130.4
937,11325,96,97,172.83,190,130.5
938,9160,48,97,119.0,143,130.6
939,11325,96,97,172.83,190,130.7
940,11325,96,97,172.83,190,131.1
941,11325,96,97,172.83,190,131.2
942,11280,95,97,171.72,189,131.4
943,11325,96,97,172.83,190,131.5
944,11325,96,97,172.83,190,131.6
945,9440,54,97,126.18,148,131.7
946,9275,50,97,121.65,144,131.8
947,11325,96,97,172.83,190,131.9
948,12565,124,97,203.99,218,132.1
949,11325,96,97,172.83,190,132.2
950,20035,280,97,380.65,373,132.8
951,11985,111,97,189.35,205,133.1
952,11280,95,97,171.72,189,133.2
953,11235,94,97,170.61,188,133.3
954,13820,151,97,234.2,244,133.5
955,11325,96,97,172.83,192,133.6
956,11325,96,97,172.83,190,133.8
957,11325,96,97,172.83,190,133.9
958,11325,96,97,172.83,190,134.0
959,9440,54,97,126.18,148,134.1
960,11325,96,97,172.83,190,134.5
961,11325,96,97,172.83,190,134.7
962,11395,98,97,174.93,192,134.8
963,11325,96,97,172.83,190,134.9
964,11325,96,97,172.83,190,135.0
965,11575,102,97,179.13,196,135.2
966,11325,96,97,172.83,190,135.3
967,12970,138,97,218.54,231,135.4
968,11325,96,97,172.83,190,135.6
969,11325,96,97,172.83,190,135.7
970,11325,96,97,172.83,190,135.8
971,20145,280,97,381.838,373,136.4
972,11325,96,97,172.83,190,136.5
973,11325,96,97,172.83,191,136.7
974,11755,106,97,184.05,200,136.8
975,11405,98,97,174.83,192,136.9
976,11575,102,97,179.13,196,137.1
977,8655,34,97,104.05,130,137.2
978,11280,95,97,171.72,189,137.3
979,11325,96,97,172.83,191,137.4
980,11355,97,97,174.03,191,137.5
981,11325,96,97,172.83,192,137.9
982,12615,130,97,210.07,223,138.1
983,11325,96,97,172.83,190,138.3
984,10335,74,97,148.41,168,138.4
985,11395,98,97,174.93,192,138.5
986,11325,96,97,172.83,190,138.6
987,12970,138,97,218.54,235,138.8
988,11325,96,97,172.83,190,138.9
989,11325,96,97,172.83,190,139.1
990,11325,96,97,172.83,191,139.2
991,11325,96,97,172.83,190,139.6
992,11405,98,97,174.83,192,139.8
993,11325,96,97,172.83,190,139.9
994,11325,96,97,172.83,190,140.0
995,11325,96,97,172.83,190,140.2
996,11960,113,97,190.88,207,140.3
997,11280,95,97,171.72,199,140.4
998,11325,96,97,172.83,190,140.6
999,11325,96,97,172.83,190,140.7
1000,11325,96,97,172.83,190,140.8
1001,11325,96,97,172.83,190,141.0
1002,11325,96,97,172.83,190,141.4
1003,11325,96,97,172.83,190,141.5
1004,12790,128,97,208.64,222,141.7
1005,9345,51,97,122.69,145,141.8
1006,8835,39,97,109.35,135,141.9
1007,8735,36,97,106.35,131,141.9
1008,11325,96,97,172.83,190,142.0
1009,11280,95,97,171.72,189,142.2
1010,11325,96,97,172.83,190,142.3
1011,11325,96,97,172.83,190,142.4
1012,11325,96,97,172.83,190,142.5
1013,11325,96,97,172.83,190,142.7
1014,12770,129,97,209.18,223,143.2
1015,11325,96,97,172.83,190,143.3
1016,11220,94,97,170.7,188,143.4
1017,11325,96,97,172.83,190,143.5
1018,11325,96,97,172.83,190,143.7
1019,11360,97,97,173.72,191,143.8
1020,11325,96,97,172.83,190,143.9
1021,11325,96,97,172.83,190,144.0
1022,12645,126,97,206.15,220,144.2
1023,11325,96,97,172.83,190,144.3
1024,11325,96,97,172.83,190,144.7
1025,18995,256,97,353.75,349,145.1
1026,11330,96,97,172.68,195,145.3
1027,11325,96,97,172.83,191,145.4
1028,11325,96,97,172.83,190,145.5
1029,11325,96,97,172.83,190,145.6
1030,11325,96,97,172.83,190,145.8
1031,11325,96,97,172.83,190,145.9
1032,11325,96,97,172.83,190,146.0
1033,10830,85,97,160.62,179,146.1
1034,11595,101,97,178.59,200,146.6
1035,11325,96,97,172.83,190,146.7
1036,11325,96,97,172.83,190,146.8
1037,12565,124,97,203.99,218,147.0
1038,11325,96,97,172.83,197,147.1
1039,11325,96,97,172.83,190,147.3
1040,11845,108,97,186.23,202,147.4
1041,11325,96,97,172.83,190,147.5
1042,10365,75,97,149.61,171,147.6
1043,11960,113,97,190.88,207,147.8
1044,11325,96,97,172.83,190,148.1
1045,10875,86,97,161.73,180,148.3
1046,11325,96,97,172.83,195,148.4
1047,11325,96,97,172.83,190,148.5
1048,11325,96,97,172.83,194,148.7
1049,11325,96,97,172.83,190,148.8
1050,11325,96,97,172.83,193,148.9
1051,11325,96,97,172.83,190,149.1
1052,11325,96,97,172.83,190,149.2
1053,11325,96,97,172.83,190,149.3
1054,11325,96,97,172.83,190,149.5
1055,11325,96,97,172.93,190,149.8
1056,11325,96,97,172.83,190,150.0
1057,10290,73,97,147.3,167,150.1
1058,11325,96,97,172.83,190,150.2
1059,11280,95,97,171.72,189,150.4
1060,11280,95,97,171.72,189,150.5
1061,11325,96,97,172.83,190,150.6
1062,11755,106,97,184.05,200,150.8
1063,10560,79,97,153.96,173,150.9
1064,11325,96,97,172.83,198,151.0
1065,11325,96,97,172.83,191,151.1
1066,11325,96,97,172.83,190,151.5
1067,11325,96,97,172.83,190,151.7
1068,11325,96,97,172.83,191,151.8
1069,11325,96,97,172.83,190,151.9
1070,11325,96,97,172.83,190,152.1
1071,11325,96,97,172.83,190,152.2
1072,12905,131,97,211.85,225,152.3
1073,11325,96,97,172.83,190,152.5
1074,11325,96,97,172.83,190,152.6
1075,11325,96,97,172.83,190,152.7
1076,11325,96,97,172.83,194,152.9
1077,11325,96,97,172.83,190,153.3
1078,11325,96,97,172.83,190,153.5
1079,11325,96,97,172.83,190,153.6
1080,11365,97,97,173.73,191,153.7
1081,11960,113,97,190.88,209,153.9
1082,11475,99,97,176.03,193,154.0
1083,11325,96,97,172.83,191,154.1
1084,11190,93,97,169.5,187,154.3
1085,11325,96,97,172.83,190,154.4
1086,11325,96,97,172.83,190,154.5
1087,11325,96,97,172.83,190,154.9
1088,11325,96,97,172.83,190,155.1
1089,11325,96,97,172.83,190,155.2
1090,11325,96,97,172.83,190,155.3
1091,11325,96,97,172.83,190,155.5
1092,11325,96,97,172.83,190,155.6
1093,11325,96,97,172.83,190,155.7
1094,11325,96,97,172.83,190,155.8
1095,11325,96,97,172.93,190,156.0
1096,11325,96,97,172.83,190,156.1
1097,11325,96,97,172.83,190,156.2
1098,11325,96,97,172.83,190,156.6
1099,11325,96,97,172.83,191,156.8
1100,11370,97,97,173.94,191,156.9
1101,11325,96,97,172.83,192,157.1
1102,11325,96,97,172.83,190,157.2
1103,11325,96,97,172.83,190,157.3
1104,11325,96,97,172.83,190,157.5
1105,11395,98,97,174.93,192,157.6
1106,11325,96,97,172.83,190,157.7
1107,11325,96,97,172.83,190,157.8
1108,11325,96,97,172.83,190,158.0
1109,11325,96,97,172.83,190,158.4
1110,11325,96,97,172.83,190,158.5
1111,11325,96,97,172.83,190,158.7
1112,11290,95,97,171.78,189,158.8
1113,12565,124,97,203.99,218,159.0
1114,9185,48,97,119.43,142,159.0
1115,11220,94,97,170.7,192,159.2
1116,11325,96,97,172.83,190,159.3
1117,11325,96,97,172.83,190,159.4
1118,12610,124,97,204.2,218,159.6
1119,12790,135,97,215.1,228,160.0
1120,11325,96,97,172.83,190,160.2
1121,11325,96,97,172.83,190,160.3
1122,8900,41,97,111.5,143,160.4
1123,9230,49,97,120.54,148,160.5
1124,11325,96,97,172.83,190,160.6
1125,11400,98,97,174.78,192,160.7
1126,12640,125,97,205.3,220,160.9
1127,11325,96,97,172.83,190,161.0
1128,11510,100,97,177.08,194,161.2
1129,10290,73,97,147.3,167,161.3
1130,11960,113,97,190.88,207,161.4
1131,11325,96,97,172.83,190,161.9
1132,11325,96,97,172.83,190,162.0
1133,11280,95,97,171.72,189,162.2
1134,9235,49,97,120.39,143,162.2
1135,11325,96,97,172.83,190,162.4
1136,13420,152,97,233.04,245,162.5
1137,11325,96,97,172.83,190,162.7
1138,11325,96,97,172.83,190,162.8
1139,11410,98,97,174.84,199,162.9
1140,11325,96,97,172.83,190,163.1
1141,11325,95,97,171.93,189,163.5
1142,11800,107,97,185.12,201,163.7
1143,11325,96,97,172.83,190,163.8
1144,11370,97,97,173.94,191,163.9
1145,11360,97,97,173.88,191,164.1
1146,11290,95,97,171.78,189,164.2
1147,11960,113,97,190.88,207,164.4
1148,11325,96,97,172.83,190,164.5
1149,11325,96,97,172.83,190,164.6
1150,10365,75,97,149.61,169,164.7
1151,22650,341,97,448.368,434,165.4
1152,11280,95,97,171.72,189,165.6
1153,11325,96,97,172.83,190,165.7
1154,11325,96,97,172.83,190,165.8
1155,11325,96,97,172.83,190,165.9
1156,11355,97,97,174.03,192,166.1
1157,12625,126,97,206.01,220,166.2
1158,11325,96,97,172.83,190,166.3
1159,11325,96,97,172.83,190,166.5
1160,11325,96,97,172.83,190,166.6
1161,11325,96,97,172.83,190,166.9
1162,13015,139,97,219.65,232,167.2
1163,11845,108,97,186.23,202,167.3
1164,11325,96,97,172.83,190,167.4
1165,11350,97,97,173.98,191,167.6
1166,9440,54,97,126.18,148,167.7
1167,10560,79,97,153.96,173,167.8
1168,11355,97,97,174.03,191,167.9
1169,9185,48,97,119.43,142,168.0
1170,11325,96,97,172.83,190,168.1
1171,10110,69,97,142.86,163,168.2
1172,11360,97,97,173.88,191,168.6
1173,11325,96,97,172.83,190,168.7
1174,12835,129,97,209.75,223,168.9
1175,11325,96,97,172.83,193,169.0
1176,11290,95,97,171.78,189,169.2
1177,11215,94,97,170.49,188,169.3
1178,11395,98,97,174.93,193,169.4
1179,11145,92,97,168.39,186,169.5
1180,11325,96,97,172.83,190,169.7
1181,11325,96,97,172.83,190,169.8
1182,11235,94,97,170.61,188,169.9
1183,11365,97,97,173.73,191,170.4
1184,11235,94,97,170.61,188,170.5
1185,11845,108,97,186.23,202,170.7
1186,12890,136,97,216.38,229,170.9
1187,11665,104,97,181.83,198,171.0
1188,11355,97,97,174.03,191,171.1
1189,11350,97,97,173.98,191,171.3
1190,11325,96,97,172.83,190,171.4
1191,11325,96,97,172.83,190,171.5
1192,11325,96,97,172.83,190,171.7
1193,9275,50,97,121.65,144,171.7
1194,10290,73,97,147.3,167,172.1
1195,11960,113,97,190.88,207,172.3
1196,8910,41,97,111.6,136,172.4
1197,11325,96,97,172.83,190,172.5
1198,9440,54,97,126.18,148,172.6
1199,8945,42,97,112.65,137,172.7
1200,11325,96,97,172.83,194,172.8
1201,11325,96,97,172.83,190,172.9
1202,11325,96,97,172.83,190,173.0
1203,11325,96,97,172.83,190,173.2
1204,11350,97,97,173.98,193,173.3
1205,11325,96,97,172.83,196,173.7
1206,11325,96,97,172.83,190,173.9
1207,11325,96,97,172.83,190,174.0
1208,11325,96,97,172.83,190,174.1
1209,11325,96,97,172.83,190,174.2
1210,11325,96,97,172.83,190,174.4
1211,11265,95,97,171.81,189,174.5
1212,11325,96,97,172.83,190,174.6
1213,9230,49,97,120.54,151,174.7
1214,11325,96,97,172.83,190,174.8
1215,11845,108,97,186.23,202,175.0
1216,11325,96,97,172.83,195,175.4
1217,11360,97,97,173.88,191,175.5
1218,11285,95,97,171.57,189,175.7
1219,11235,94,97,170.61,188,175.8
1220,11325,96,97,172.83,190,175.9
1221,11405,98,97,174.83,192,176.0
1222,11220,94,97,170.7,188,176.2
1223,11325,96,97,172.83,190,176.3
1224,11325,96,97,172.83,193,176.4
1225,11325,96,97,172.83,190,176.5
1226,9275,50,97,121.65,153,176.7
1227,11325,96,97,172.83,190,177.0
1228,9185,48,97,119.43,142,177.1
1229,11325,96,97,172.83,190,177.3
1230,11290,95,97,171.78,189,177.4
1231,11325,96,97,172.83,190,177.5
1232,9275,50,97,121.65,144,177.6
1233,11325,96,97,172.83,190,177.7
1234,11325,96,97,172.83,190,177.9
1235,11395,98,97,174.93,192,178.0
1236,11325,96,97,172.83,190,178.1
1237,11325,96,97,172.83,190,178.3
1238,11475,99,97,176.03,193,178.6
1239,11325,96,97,172.83,190,178.8
1240,11325,96,97,172.83,190,178.9
1241,11325,96,97,172.83,190,179.1
1242,11325,96,97,172.83,190,179.2
1243,9485,55,97,127.29,149,179.3
1244,11325,96,97,172.83,195,179.4
1245,8910,41,97,111.6,136,179.5
1246,11325,96,97,172.83,190,179.6
1247,11325,96,97,172.83,190,179.7
1248,16355,199,97,289.75,292,180.0
1249,9230,49,97,120.54,143,180.3
1250,11325,96,97,172.83,190,180.5
1251,12800,128,97,208.7,223,180.7
1252,11325,96,97,172.83,190,180.8
1253,11320,96,97,172.62,190,181.0
1254,8210,21,97,90.4,116,181.0
1255,8910,41,97,111.6,136,181.1
1256,11325,96,97,172.83,190,181.2
1257,11325,96,97,172.83,190,181.4
1258,11325,96,97,172.83,190,181.5
1259,9440,54,97,126.18,148,181.6
1260,11280,95,97,171.72,189,181.7
1261,11325,96,97,172.83,190,182.2
1262,12565,124,97,203.99,218,182.3
1263,11400,98,97,174.98,192,182.5
1264,8875,40,97,110.25,136,182.5
1265,11845,108,97,186.23,202,182.7
1266,11290,95,97,171.78,189,182.8
1267,11325,96,97,172.83,190,182.9
1268,11325,96,97,172.83,190,183.1
1269,11360,97,97,173.88,191,183.2
1270,11325,96,97,172.83,190,183.3
1271,11325,96,97,172.83,190,183.5
1272,11430,98,97,174.92,192,183.9
1273,11325,96,97,172.83,190,184.0
1274,11325,96,97,172.83,190,184.1
1275,11835,108,97,186.05,202,184.3
1276,11325,96,97,172.83,190,184.4
1277,13400,143,97,225.12,236,184.6
1278,11280,95,97,171.72,189,184.7
1279,11325,96,97,172.83,190,184.9
1280,11395,98,97,174.93,192,185.0
1281,11235,94,97,170.61,188,185.1
1282,11755,106,97,184.05,200,185.5
1283,11245,94,97,170.67,188,185.7
1284,11325,96,97,172.83,193,185.8
1285,11535,101,97,178.35,200,186.0
1286,11325,96,97,172.83,192,186.1
1287,11280,95,97,171.72,189,186.2
1288,12960,138,97,218.7,231,186.4
1289,11370,97,97,173.94,193,186.5
1290,11280,95,97,171.72,192,186.7
1291,11360,97,97,173.88,193,186.8
1292,9155,48,97,119.15,143,186.9
1293,11665,104,97,181.79,198,187.3
1294,11325,96,97,172.83,190,187.4
1295,11880,109,97,187.28,203,187.6
1296,11325,96,97,172.83,197,187.7
1297,12775,134,97,214.17,231,187.9
1298,11325,96,97,172.83,192,188.0
1299,11325,96,97,172.83,190,188.1
1300,10470,77,97,151.74,177,188.3
1301,11325,96,97,172.83,192,188.4
1302,11325,96,97,172.83,190,188.5
1303,11350,97,97,173.82,191,188.9
1304,11590,101,97,178.58,195,189.1
1305,12565,124,97,203.99,218,189.2
1306,11310,96,97,172.92,190,189.3
1307,11280,95,97,171.72,189,189.5
1308,11355,97,97,174.03,191,189.6
1309,12410,126,97,205.8,218,189.7
1310,11280,95,97,171.72,195,189.9
1311,11325,96,97,172.83,190,190.0
1312,11315,96,97,172.77,190,190.1
1313,11200,93,97,169.56,187,190.3
1314,11245,94,97,170.67,188,190.7
1315,11325,96,97,172.83,190,190.9
1316,11340,97,97,174.12,191,191.0
1317,11325,96,97,172.83,190,191.1
1318,11325,96,97,172.83,190,191.3
1319,11280,95,97,171.72,189,191.4
1320,11325,96,97,172.83,190,191.5
1321,11665,104,97,181.79,198,191.6
1322,11325,96,97,172.83,190,191.8
1323,11360,97,97,173.88,191,191.9
1324,12835,129,97,209.75,223,192.3
1325,9440,54,97,126.18,148,192.5
1326,11325,96,97,172.83,190,192.6
1327,11795,106,97,184.01,200,192.8
1328,11325,96,97,172.83,190,192.9
1329,11325,96,97,172.83,198,193.0
1330,13005,139,97,219.59,232,193.2
1331,12610,125,97,205.1,219,193.3
1332,11370,97,97,173.94,195,193.5
1333,11325,96,97,172.83,190,193.6
1334,11235,94,97,170.61,188,193.7
1335,11325,96,97,172.83,190,194.1
1336,11325,96,97,172.83,190,194.3
1337,8835,39,97,109.35,135,194.3
1338,12445,121,97,200.61,215,194.5
1339,11325,96,97,172.83,190,194.6
1340,11325,96,97,172.83,190,194.8
1341,11325,96,97,172.83,190,194.9
1342,11360,97,97,173.88,191,195.0
1343,11325,96,97,172.83,191,195.1
1344,11235,94,97,170.61,188,195.3
1345,11280,95,97,171.72,196,195.4
1346,11325,96,97,172.83,190,195.8
1347,11280,95,97,171.72,189,196.0
1348,11145,92,97,168.39,186,196.1
1349,11290,95,97,171.78,190,196.2
1350,11325,96,97,172.83,190,196.4
1351,10380,75,97,149.52,169,196.5
1352,11235,94,97,170.61,188,196.7
1353,11280,95,97,171.72,189,196.8
1354,11325,96,97,172.83,190,196.9
1355,11325,96,97,172.83,190,197.0
1356,11325,96,97,172.83,190,197.2
1357,11280,95,97,171.72,189,197.6
1358,9630,58,97,130.72,152,197.7
1359,11370,97,97,173.78,191,197.8
1360,12625,126,97,206.01,223,198.0
1361,11290,95,97,171.78,189,198.1
1362,11220,94,97,170.7,188,198.2
1363,11355,97,97,174.03,191,198.3
1364,11325,96,97,172.83,190,198.5
1365,11235,94,97,170.61,188,198.6
1366,11325,96,97,172.83,190,198.7
1367,11325,96,97,172.83,190,198.8
1368,11325,96,97,172.83,190,199.3
1369,11325,96,97,172.83,190,199.4
1370,11355,97,97,174.03,193,199.6
1371,11325,96,97,172.83,190,199.7
1372,11325,96,97,172.83,190,199.8
1373,11730,104,97,181.92,198,200.0
1374,11325,96,97,172.83,190,200.1
1375,11325,96,97,172.83,192,200.2
1376,11235,94,97,170.61,188,200.4
1377,11325,96,97,172.83,190,200.5
1378,11325,96,97,172.83,190,200.9
1379,11325,96,97,172.83,190,201.1
1380,11280,95,97,171.72,189,201.2
1381,11325,96,97,172.83,190,201.3
1382,12295,112,97,192.97,208,201.5
1383,11325,96,97,172.83,190,201.6
1384,9005,44,97,114.99,138,201.7
1385,11845,108,97,186.23,203,201.8
1386,9160,48,97,119.0,143,201.9
1387,11475,99,97,176.03,193,202.1
1388,11325,96,97,172.83,190,202.2
1389,9155,48,97,119.15,143,202.3
1390,11360,97,97,173.88,191,202.7
1391,11395,98,97,174.93,192,202.8
1392,9440,54,97,126.18,148,202.9
1393,12530,123,97,202.94,217,203.1
1394,11395,98,97,174.93,192,203.2
1395,11325,96,97,172.83,192,203.4
1396,11395,98,97,174.93,192,203.5
1397,11175,93,97,169.59,187,203.6
1398,11325,96,97,172.83,190,203.7
1399,11290,95,97,171.78,191,203.9
1400,10365,75,97,149.61,169,204.0
1401,11325,96,97,172.83,190,204.4
1402,9155,48,97,119.15,143,204.5
1403,11325,96,97,172.83,192,204.7
1404,8695,35,97,105.25,130,204.7
1405,11325,96,97,172.83,190,204.9
1406,11325,96,97,172.83,190,205.0
1407,11325,96,97,172.83,190,205.1
1408,11325,96,97,172.83,190,205.2
1409,11325,96,97,172.83,191,205.4
1410,11325,96,97,172.83,190,205.5
1411,12610,124,97,204.2,218,205.7
1412,11325,96,97,172.83,190,206.1
1413,11325,96,97,172.83,191,206.3
1414,11325,96,97,172.83,191,206.4
1415,12565,124,97,203.99,218,206.5
1416,11755,106,97,184.05,205,206.7
1417,11325,96,97,172.83,190,206.8
1418,11325,96,97,172.83,190,206.9
1419,11325,96,97,172.83,190,207.1
1420,13015,139,97,220.19,232,207.2
1421,12925,137,97,217.43,230,207.4
1422,11325,96,97,172.83,190,207.8
1423,11405,98,97,174.83,192,208.0
1424,11325,96,97,172.83,190,208.1
1425,9440,54,97,126.18,148,208.2
1426,11325,96,97,172.83,190,208.3
1427,11485,100,97,176.91,194,208.5
1428,11325,96,97,172.83,190,208.6
1429,11325,96,97,172.83,190,208.7
1430,11325,96,97,172.83,190,208.8
1431,12925,137,97,217.43,230,209.0
1432,11370,97,97,173.94,191,209.1
1433,11325,96,97,172.83,191,209.6
1434,11325,96,97,172.83,190,209.8
1435,11325,96,97,172.83,190,209.9
1436,11330,96,97,172.68,190,210.0
1437,11325,96,97,172.83,193,210.2
1438,10875,86,97,161.73,180,210.3
1439,11325,96,97,172.93,191,210.4
1440,11325,96,97,172.83,194,210.5
1441,11325,96,97,172.83,190,210.7
1442,11325,96,97,172.83,194,210.8
1443,12085,113,97,191.69,207,211.2
1444,11325,96,97,172.83,191,211.4
1445,9240,49,97,120.6,143,211.5
1446,11325,96,97,172.83,190,211.6
1447,11280,95,97,171.72,189,211.7
1448,11325,96,97,172.83,190,211.9
1449,11325,96,97,172.83,190,212.0
1450,9310,51,97,122.7,145,212.1
1451,11405,98,97,174.83,192,212.2
1452,11325,96,97,172.83,190,212.3
1453,12970,138,97,218.54,231,212.5
1454,13195,137,97,218.63,231,213.0
1455,11325,96,97,172.83,190,213.1
1456,11325,96,97,172.83,190,213.3
1457,11280,95,97,171.72,189,213.4
1458,11325,96,97,172.83,192,213.5
1459,11325,96,97,172.83,190,213.7
1460,11325,96,97,172.83,190,213.8
1461,11325,96,97,172.83,190,213.9
1462,11325,96,97,172.83,190,214.0
1463,11325,96,97,172.83,190,214.2
1464,9275,50,97,121.65,144,214.3
1465,11370,96,97,172.88,192,214.7
1466,12610,124,97,204.2,218,214.9
1467,11325,96,97,172.83,190,215.0
1468,11325,96,97,172.83,190,215.1
1469,11325,96,97,172.83,190,215.3
1470,11325,96,97,172.83,194,215.4
1471,11325,96,97,172.83,190,215.5
1472,11325,96,97,172.83,190,215.7
1473,11325,96,97,172.83,190,215.8
1474,11280,95,97,171.72,189,215.9
1475,11325,96,97,172.83,190,216.1
1476,11325,96,97,172.83,195,216.6
1477,11325,96,97,172.83,190,216.7
1478,11325,96,97,172.83,190,216.8
1479,11325,96,97,172.83,190,217.0
1480,9795,62,97,135.09,156,217.1
1481,11325,96,97,172.83,190,217.2
1482,11325,96,97,172.83,190,217.3
1483,11280,95,97,171.72,189,217.5
1484,11325,96,97,172.83,190,217.6
1485,11325,96,97,172.83,190,217.7
1486,11325,96,97,172.83,190,217.8
1487,11325,96,97,172.83,190,218.2
1488,11325,96,97,172.83,190,218.4
1489,11325,96,97,172.83,190,218.5
1490,11325,96,97,172.83,190,218.6
1491,11325,96,97,172.83,190,218.8
1492,11265,95,97,171.81,190,218.9
1493,17865,232,97,326.75,325,219.2
1494,11360,97,97,173.88,191,219.3
1495,11590,101,97,178.58,195,219.4
1496,11325,96,97,172.83,190,219.6
1497,11405,98,97,174.83,192,220.0
1498,11395,98,97,174.93,193,220.1
1499,11325,96,97,172.83,190,220.3
1500,12430,120,97,199.76,214,220.4
1501,11325,96,97,172.83,190,220.6
1502,11325,96,97,172.83,191,220.7
1503,12565,124,97,203.99,221,220.9
1504,11265,95,97,171.81,189,221.0
1505,14590,174,97,258.54,267,221.2
1506,11325,96,97,172.83,190,221.3
1507,11055,90,97,166.17,184,221.8
1508,11325,96,97,172.83,190,221.9
1509,12565,124,97,203.99,218,222.0
1510,17725,224,97,318.97,317,222.3
1511,17670,223,97,318.02,316,222.6
1512,11325,96,97,172.83,190,222.7
1513,11325,96,97,172.83,190,222.8
1514,11325,96,97,172.83,190,223.0
1515,11290,95,97,171.78,192,223.1
1516,11200,93,97,169.56,187,223.5
1517,12565,124,97,203.99,218,223.7
1518,11860,109,97,187.14,203,223.8
1519,20030,258,97,365.22,351,224.2
1520,8555,31,97,101.05,126,224.2
1521,11590,105,97,181.94,203,224.4
1522,11235,94,97,170.61,188,224.5
1523,17405,205,97,305.11,298,224.8
1524,11325,96,97,172.83,190,224.9
1525,12365,119,97,198.45,213,225.4
1526,11415,98,97,175.05,192,225.6
1527,14345,170,97,253.97,263,225.8
1528,11405,97,97,173.93,191,225.9
1529,9865,64,97,137.19,158,226.0
1530,8945,42,97,112.65,140,226.1
1531,11310,96,97,172.92,190,226.3
1532,11360,97,97,173.88,191,226.4
1533,12385,120,97,199.55,214,226.5
1534,9440,54,97,126.18,148,226.6
1535,11100,91,97,167.28,185,226.7
1536,11235,94,97,170.61,188,227.2
1537,12180,118,97,196.82,212,227.3
1538,11325,96,97,172.83,190,227.5
1539,11325,96,97,172.83,190,227.6
1540,10875,86,97,161.73,180,227.7
1541,11355,97,97,174.03,191,227.9
1542,18955,240,97,341.61,333,228.2
1543,11045,90,97,166.15,186,228.3
1544,11325,96,97,172.83,190,228.4
1545,11325,96,97,172.83,191,228.6
1546,11325,96,97,172.83,190,229.0
1547,9275,50,97,121.65,144,229.1
1548,14590,174,97,258.54,267,229.3
1549,8910,41,97,111.6,136,229.4
1550,12725,128,97,208.15,222,229.5
1551,11225,94,97,170.55,188,229.7
1552,12265,117,97,196.13,211,229.8
1553,11355,97,97,174.03,191,230.0
1554,12565,124,97,203.99,218,230.1
1555,12695,128,97,208.11,222,230.3
1556,12565,124,97,203.99,218,230.7
1557,11900,112,97,189.86,206,230.9
1558,11325,96,97,172.83,190,231.0
1559,11265,95,97,171.81,189,231.1
1560,12805,129,97,209.41,223,231.3
1561,8305,24,97,93.65,119,231.4
1562,11245,94,97,170.67,188,231.5
1563,11290,95,97,171.78,191,231.6
1564,17065,214,97,307.37,308,231.9
1565,9155,48,97,119.15,143,232.0
1566,11325,96,97,172.83,190,232.1
1567,11665,104,97,181.63,198,232.5
1568,9310,51,97,122.7,145,232.6
1569,11755,106,97,184.05,200,232.8
1570,12935,139,97,219.65,232,233.0
1571,11325,96,97,172.83,190,233.1
1572,9275,50,97,121.65,144,233.2
1573,12165,112,97,193.99,207,233.4
1574,11850,108,97,186.28,202,233.5
1575,12610,125,97,205.1,219,233.7
1576,22755,300,97,416.95,394,234.1
1577,11265,95,97,171.81,189,234.5
1578,9275,50,97,121.65,144,234.6
1579,9470,55,97,127.38,149,234.7
1580,13060,137,97,218.14,230,234.9
1581,12350,113,97,194.14,207,235.1
1582,12730,128,97,208.16,224,235.2
1583,11355,97,97,174.03,191,235.4
1584,9475,55,97,127.23,149,235.5
1585,11940,110,97,188.46,204,235.6
1586,9445,54,97,126.03,148,235.7
1587,11090,91,97,167.26,185,235.8
1588,11100,91,97,167.28,185,236.2
1589,8905,41,97,111.75,136,236.3
1590,18080,221,97,320.24,314,236.5
1591,11280,95,97,171.72,189,236.7
1592,11860,108,97,186.14,202,236.8
1593,9440,54,97,126.18,150,236.9
1594,11245,95,97,171.69,192,237.0
1595,11770,105,97,183.02,199,237.2
1596,9565,57,97,129.45,151,237.3
1597,12710,127,97,207.26,221,237.4
1598,11325,96,97,172.83,190,237.8
1599,9440,54,97,126.18,148,237.9
1600,12970,127,97,209.62,221,238.1
1601,11325,96,97,172.83,190,238.3
1602,12565,124,97,203.99,222,238.4
1603,11255,95,97,171.75,189,238.6
1604,14145,164,97,247.63,257,238.8
1605,12765,131,97,210.85,225,239.0
1606,11280,95,97,171.72,189,239.1
1607,12565,124,97,203.99,218,239.3
1608,11255,95,97,171.59,189,239.6
1609,9440,54,97,126.18,148,239.7
1610,11100,91,97,167.28,185,239.8
1611,11325,96,97,172.83,190,240.0
1612,11280,95,97,171.72,189,240.1
1613,11325,96,97,172.83,190,240.2
1614,11325,96,97,172.83,190,240.3
1615,11325,96,97,172.83,190,240.5
1616,12610,124,97,204.2,218,240.6
1617,11360,97,97,173.88,191,240.8
1618,8910,41,97,111.6,136,240.9
1619,11325,96,97,172.83,191,241.2
1620,11845,108,97,186.23,202,241.4
1621,11865,108,97,186.15,202,241.6
1622,11325,96,97,172.83,193,241.7
1623,12265,117,97,196.13,211,241.9
1624,11280,95,97,171.72,190,242.0
1625,10830,85,97,160.62,179,242.1
1626,12610,124,97,204.2,218,242.3
1627,11100,91,97,167.28,185,242.5
1628,12590,125,97,204.98,219,242.6
1629,11325,96,97,172.83,190,242.7
1630,12600,125,97,205.04,219,243.2
1631,11135,92,97,168.33,186,243.3
1632,12625,126,97,206.01,220,243.5
1633,11800,107,97,185.12,201,243.6
1634,11280,95,97,171.72,189,243.8
1635,11395,98,97,174.93,192,243.9
1636,9020,44,97,114.8,144,244.0
1637,12610,125,97,205.1,219,244.1
1638,9475,55,97,127.23,151,244.2
1639,12610,125,97,205.1,219,244.4
1640,11235,94,97,170.61,191,244.8
1641,11325,96,97,172.83,190,245.0
1642,11100,91,97,167.28,185,245.1
1643,9440,54,97,126.18,148,245.2
1644,11360,97,97,173.88,192,245.3
1645,8735,36,97,106.35,131,245.4
1646,12520,123,97,202.88,217,245.5
1647,11280,95,97,171.72,189,245.7
1648,11325,96,97,172.83,190,245.8
1649,8800,38,97,108.6,133,245.9
1650,11365,97,97,173.73,191,246.0
1651,12565,123,97,203.09,217,246.2
1652,12160,115,97,194.0,209,246.6
1653,11265,95,97,171.81,192,246.8
1654,12970,138,97,218.54,231,246.9
1655,13015,128,97,210.73,222,247.1
1656,11235,94,97,170.61,188,247.2
1657,11100,91,97,167.28,185,247.3
1658,11325,96,97,172.83,190,247.5
1659,11615,102,97,179.57,198,247.6
1660,11325,96,97,172.83,190,247.7
1661,12565,124,97,203.99,222,247.9
1662,11190,93,97,169.5,191,248.2
1663,8235,22,97,91.55,125,248.3
1664,11325,96,97,172.83,190,248.5
1665,13105,130,97,212.95,224,248.6
1666,12520,123,97,202.88,217,248.8
1667,12480,122,97,201.66,216,248.9
1668,11325,96,97,172.83,190,249.1
1669,8835,39,97,109.35,135,249.1
1670,12565,124,97,203.99,218,249.3
1671,11325,96,97,172.83,190,249.4
1672,12565,124,97,203.99,218,249.8
1673,11100,91,97,167.28,185,250.0
1674,11320,96,97,172.62,190,250.1
1675,12100,114,97,192.98,208,250.2
1676,12930,137,97,217.46,231,250.5
1677,13060,129,97,211.84,223,250.7
1678,13060,129,97,211.84,224,250.8
1679,13225,138,97,219.71,231,251.0
1680,12650,126,97,206.0,220,251.2
1681,12490,122,97,201.68,216,251.3
1682,12880,136,97,216.16,229,251.9
1683,12690,127,97,207.26,222,252.0
1684,11325,96,97,172.83,190,252.2
1685,11225,94,97,170.39,188,252.3
1686,8900,41,97,111.5,150,252.4
1687,11795,107,97,184.95,207,252.5
1688,11360,97,97,173.88,192,252.7
1689,12610,125,97,205.1,220,252.8
1690,12565,124,97,203.99,218,253.0
1691,12295,120,97,198.93,214,253.1
1692,11895,109,97,187.35,203,253.5
1693,11405,98,97,174.83,211,253.7
1694,12600,125,97,205.04,219,253.9
1695,11325,96,97,172.83,190,254.0
1696,12565,124,97,203.99,218,254.2
1697,12520,123,97,202.88,219,254.3
1698,11440,99,97,175.88,193,254.5
1699,12645,126,97,205.99,220,254.6
1700,10560,79,97,153.96,174,254.7
1701,12745,129,97,209.43,226,254.9
1702,12565,124,97,203.99,218,255.3
1703,12600,125,97,205.04,219,255.5
1704,12490,122,97,201.72,216,255.7
1705,12300,118,97,197.18,212,255.8
1706,12600,125,97,205.04,219,256.0
1707,12600,125,97,205.04,219,256.1
1708,12610,125,97,205.1,219,256.3
1709,12430,121,97,200.66,215,256.4
1710,12645,126,97,205.99,222,256.6
1711,12625,126,97,206.01,220,257.0
1712,8565,31,97,101.15,126,257.1
1713,12690,127,97,207.1,222,257.3
1714,12610,125,97,205.1,221,257.5
1715,12610,125,97,205.1,219,257.6
1716,12600,125,97,205.04,219,257.8
1717,12565,124,97,203.99,218,257.9
1718,12610,125,97,205.1,219,258.1
1719,12645,126,97,206.15,220,258.2
1720,12565,124,97,203.99,218,258.4
1721,12565,124,97,203.99,218,258.8
1722,12645,126,97,206.15,220,259.0
1723,12645,126,97,205.99,220,259.1
1724,12565,124,97,203.99,218,259.3
1725,12525,123,97,202.73,217,259.5
1726,12610,125,97,205.1,219,259.6
1727,12625,125,97,205.11,219,259.8
1728,12565,124,97,203.99,218,259.9
1729,11325,96,97,172.83,190,260.1
1730,11360,97,97,173.72,192,260.2
1731,12565,124,97,203.99,218,260.6
1732,12565,124,97,203.99,218,260.8
1733,12565,124,97,203.99,218,260.9
1734,12565,124,97,203.99,218,261.1
1735,12565,124,97,203.99,218,261.3
1736,12565,124,97,203.99,218,261.4
1737,12610,125,97,205.1,219,261.6
1738,12310,118,97,197.24,212,261.7
1739,12565,124,97,203.99,218,261.9
1740,12645,126,97,205.99,223,262.4
1741,12530,123,97,202.94,219,262.6
1742,12630,126,97,206.24,220,262.7
1743,14530,174,97,258.42,267,262.9
1744,12625,126,97,206.01,224,263.1
1745,14365,169,97,253.53,261,263.3
1746,13085,130,97,212.83,225,263.5
1747,12445,121,97,200.61,215,263.6
1748,12850,131,97,211.34,230,263.8
1749,12520,123,97,202.88,219,264.2
1750,12715,128,97,208.09,227,264.4
1751,12610,125,97,205.1,219,264.6
1752,12660,127,97,206.9,221,264.7
1753,12610,125,97,205.1,220,264.9
1754,11755,106,97,184.05,200,265.0
1755,12565,124,97,203.99,218,265.2
1756,12555,124,97,203.93,218,265.3
1757,12725,128,97,208.15,222,265.5
1758,13015,128,97,210.73,222,265.9
1759,12565,124,97,203.99,218,266.1
1760,13095,130,97,212.89,225,266.3
1761,12385,120,97,199.55,214,266.4
1762,12565,124,97,203.99,218,266.6
1763,12610,125,97,205.1,219,266.7
1764,12445,121,97,200.61,215,266.9
1765,12565,124,97,203.99,218,267.0
1766,12565,124,97,203.99,226,267.2
1767,13060,129,97,211.84,223,267.4
1768,12600,125,97,205.04,219,267.9
1769,12605,125,97,204.89,219,268.1
1770,12580,125,97,204.9,220,268.2
1771,12565,124,97,203.99,218,268.4
1772,12610,125,97,205.1,219,268.5
1773,12670,127,97,207.12,221,268.7
1774,13390,145,97,226.86,238,268.9
1775,11495,100,97,177.05,194,269.0
1776,12625,126,97,206.01,220,269.2
1777,20635,292,97,393.83,386,269.9
1778,12915,138,97,218.31,231,270.0
1779,12565,124,97,203.99,218,270.2
1780,12910,126,97,208.6,220,270.4
1781,12565,124,97,203.99,218,270.5
1782,12565,124,97,203.99,227,270.7
1783,11910,109,97,187.26,203,270.8
1784,12430,121,97,200.66,215,271.0
1785,12105,114,97,192.83,208,271.1
1786,12565,124,97,203.99,218,271.6
1787,12565,124,97,203.99,218,271.8
1788,13270,143,97,223.94,274,271.9
1789,12520,123,97,202.88,217,272.1
1790,12665,127,97,206.91,221,272.3
1791,12565,124,97,203.99,218,272.4
1792,12610,125,97,205.1,219,272.6
1793,12465,122,97,201.55,216,272.7
1794,12385,120,97,199.55,214,272.9
1795,12565,124,97,203.99,218,273.3
1796,12430,121,97,200.66,215,273.5
1797,12600,125,97,205.04,219,273.6
1798,12565,124,97,203.99,227,273.8
1799,13195,140,97,221.47,233,274.0
1800,12645,126,97,206.15,220,274.1
1801,12605,125,97,204.89,219,274.3
1802,12520,123,97,202.88,217,274.4
1803,12580,125,97,204.9,219,274.6
1804,12600,125,97,205.04,219,275.0
1805,13015,128,97,210.73,222,275.2
1806,12885,132,97,212.39,227,275.4
1807,12600,125,97,205.04,219,275.5
1808,12565,124,97,203.99,218,275.7
1809,12645,126,97,205.99,220,275.8
1810,12565,124,97,203.99,218,276.0
1811,12610,125,97,204.94,219,276.2
1812,10920,87,97,162.84,184,276.3
1813,12645,126,97,205.99,220,276.4
1814,12310,118,97,197.24,212,276.9
1815,12565,124,97,203.99,218,277.0
1816,12605,125,97,204.89,219,277.2
1817,12605,125,97,204.89,219,277.4
1818,12645,126,97,205.99,220,277.5
1819,12565,124,97,203.99,218,277.7
1820,12565,124,97,203.99,223,277.8
1821,12565,124,97,203.99,218,278.0
1822,12645,126,97,205.99,220,278.2
1823,12565,124,97,203.99,219,278.6
1824,11940,110,97,188.1,204,278.8
1825,12565,124,97,203.99,218,278.9
1826,11700,105,97,182.84,199,279.1
1827,13050,129,97,211.78,223,279.3
1828,10815,85,97,160.71,179,279.4
1829,15495,196,97,282.61,289,279.6
1830,15195,189,97,274.91,282,279.8
1831,12565,124,97,203.99,218,280.0
1832,12565,124,97,203.99,218,280.5
1833,11865,108,97,186.15,202,280.6
1834,12600,125,97,205.04,219,280.8
1835,8870,40,97,110.3,167,280.9
1836,9520,56,97,128.18,150,281.0
1837,13015,128,97,210.73,222,281.1
1838,12565,124,97,203.99,218,281.3
1839,12625,126,97,206.01,220,281.4
1840,11845,108,97,186.23,204,281.6
1841,13315,143,97,224.69,236,281.7
1842,12565,124,97,203.99,218,282.2
1843,12565,124,97,203.99,219,282.4
1844,11965,114,97,192.27,207,282.5
1845,12565,124,97,203.99,218,282.7
1846,12645,126,97,206.15,220,282.8
1847,11100,91,97,167.28,185,283.0
1848,12610,125,97,205.1,219,283.1
1849,13055,129,97,211.63,223,283.3
1850,12105,114,97,192.67,208,283.4
1851,12565,124,97,203.99,219,283.6
1852,12665,127,97,206.91,222,284.1
1853,12665,127,97,206.91,222,284.2
1854,12130,114,97,192.8,208,284.4
1855,12530,123,97,202.62,217,284.5
1856,10335,74,97,148.41,168,284.6
1857,12645,126,97,205.99,220,284.8
1858,12565,124,97,203.99,218,285.0
1859,8760,37,97,107.3,168,285.0
1860,12525,123,97,202.61,217,285.2
1861,12660,127,97,206.9,221,285.6
1862,11185,93,97,169.29,187,285.8
1863,9310,51,97,122.7,145,285.9
1864,12565,124,97,203.99,218,286.1
1865,12175,115,97,193.91,209,286.2
1866,12565,124,97,203.99,218,286.4
1867,12565,124,97,203.99,218,286.5
1868,10920,87,97,162.84,181,286.6
1869,12565,124,97,203.99,218,286.8
1870,12580,125,97,204.9,219,287.0
1871,12565,124,97,203.99,218,287.1
1872,12600,119,97,200.52,213,287.5
1873,12565,124,97,203.99,218,287.7
1874,12705,128,97,208.01,222,287.9
1875,12565,124,97,203.99,218,288.0
1876,8910,41,97,111.6,136,288.1
1877,12890,132,97,212.44,239,288.3
1878,12595,125,97,205.19,219,288.5
1879,12565,124,97,203.99,218,288.6
1880,12605,125,97,204.89,220,288.8
1881,12565,124,97,203.99,218,289.2
1882,12565,124,97,203.99,218,289.4
1883,12955,127,97,209.71,221,289.6
1884,15330,194,97,280.08,287,289.8
1885,12600,125,97,205.04,219,290.0
1886,12565,124,97,203.99,218,290.1
1887,12645,126,97,205.99,220,290.3
1888,12565,124,97,203.99,218,290.5
1889,9510,59,97,130.58,164,290.6
1890,12565,124,97,203.99,218,291.0
1891,12565,124,97,203.99,218,291.2
1892,12650,126,97,206.0,221,291.4
1893,12565,123,97,203.09,217,291.5
1894,12645,126,97,205.99,220,291.7
1895,12645,126,97,205.99,220,291.8
1896,12660,127,97,206.9,226,292.0
1897,12565,124,97,203.99,218,292.1
1898,12645,126,97,205.99,220,292.3
1899,13050,129,97,211.78,223,292.5
1900,12565,124,97,203.99,219,292.9
1901,12680,127,97,207.04,221,293.1
1902,12575,127,97,206.15,226,293.3
1903,12565,124,97,203.99,218,293.5
1904,14315,168,97,252.21,260,293.7
1905,13055,129,97,211.63,223,293.8
1906,9315,51,97,122.55,145,293.9
1907,12565,124,97,203.99,218,294.1
1908,12515,123,97,202.71,217,294.2
1909,12445,121,97,200.61,215,294.7
1910,11145,92,97,168.39,186,294.9
1911,12070,113,97,191.78,207,295.0
1912,12250,111,97,191.86,205,295.2
1913,11100,91,97,167.28,185,295.3
1914,12600,125,97,205.04,219,295.4
1915,11065,90,97,166.23,184,295.6
1916,12600,125,97,204.88,219,295.7
1917,12610,125,97,205.1,219,295.9
1918,12565,124,97,203.99,218,296.0
1919,12520,123,97,202.88,217,296.5
1920,12520,123,97,202.88,217,296.7
1921,12290,118,97,197.32,212,296.8
1922,11185,93,97,169.29,187,297.0
1923,12600,125,97,205.04,220,297.1
1924,12565,124,97,203.99,218,297.3
1925,11885,109,97,187.13,203,297.4
1926,12555,124,97,203.93,218,297.6
1927,11865,107,97,185.25,201,297.7
1928,12910,126,97,208.6,220,297.9
1929,11280,95,97,171.72,189,298.3
1930,12610,125,97,205.1,219,298.5
1931,12915,138,97,218.29,231,298.7
1932,13015,128,97,210.73,222,298.8
1933,12565,124,97,203.99,218,299.0
1934,12600,125,97,204.88,219,299.1
1935,12565,124,97,203.99,218,299.3
1936,12645,126,97,205.99,220,299.5
1937,12565,124,97,203.99,218,299.6
1938,12645,126,97,206.15,220,300.0
1939,11945,110,97,188.15,204,300.2
1940,11100,91,97,167.28,185,300.3
1941,13015,128,97,210.73,222,300.5
1942,12565,124,97,203.99,218,300.6
1943,12445,121,97,200.61,216,300.8
1944,12565,124,97,203.99,219,300.9
1945,12665,127,97,206.91,221,301.1
1946,12385,120,97,199.55,214,301.3
1947,12605,125,97,204.89,219,301.4
1948,12565,124,97,203.99,219,301.9
1949,12580,125,97,204.9,219,302.1
1950,12580,125,97,204.9,219,302.2
1951,12580,125,97,204.9,219,302.4
1952,14615,176,97,260.45,269,302.6
1953,13015,128,97,210.73,222,302.8
1954,13060,129,97,211.84,223,302.9
1955,12565,124,97,203.99,218,303.1
1956,12565,124,97,203.99,218,303.3
1957,12645,126,97,205.99,220,303.7
1958,12565,124,97,203.99,218,303.9
1959,12625,126,97,206.01,220,304.1
1960,12555,124,97,203.93,219,304.2
1961,12660,127,97,206.9,221,304.4
1962,11280,95,97,171.72,189,304.5
1963,12520,123,97,202.88,217,304.7
1964,12565,124,97,203.99,218,304.8
1965,12490,122,97,201.72,216,305.0
1966,11725,108,97,185.27,202,305.1
1967,14230,167,97,250.56,260,305.6
1968,12565,124,97,203.99,218,305.8
1969,13050,129,97,211.78,223,305.9
1970,11865,108,97,186.15,202,306.1
1971,12565,124,97,203.99,218,306.2
1972,12565,124,97,203.99,218,306.4
1973,12565,124,97,203.99,218,306.5
1974,12605,125,97,204.89,219,306.7
1975,12520,123,97,202.88,217,306.8
1976,13015,128,97,210.73,222,307.3
1977,12565,124,97,203.99,219,307.5
1978,12565,124,97,203.99,218,307.7
1979,12645,126,97,205.99,220,307.8
1980,12565,124,97,203.99,218,308.0
1981,12565,124,97,203.99,218,308.1
1982,12520,123,97,202.88,217,308.3
1983,12445,121,97,200.61,215,308.4
1984,12565,124,97,203.99,218,308.6
1985,8490,29,97,98.8,124,308.7
1986,12565,124,97,203.99,218,309.2
1987,9230,49,97,120.54,144,309.3
1988,12665,127,97,206.91,223,309.4
1989,13100,130,97,212.74,224,309.6
1990,12930,132,97,212.76,234,309.7
1991,12565,124,97,203.99,218,309.9
1992,12445,121,97,200.61,215,310.0
1993,12565,124,97,203.99,218,310.2
1994,9265,50,97,121.59,144,310.3
1995,13895,160,97,242.73,253,310.8
1996,12910,126,97,208.6,220,311.0
1997,12565,124,97,203.99,218,311.1
1998,13060,129,97,211.84,223,311.3
1999,12605,125,97,204.89,219,311.4
2000,12115,117,97,194.99,224,311.6
2001,12990,128,97,210.6,222,311.8
2002,12565,124,97,203.99,222,311.9
2003,13055,129,97,211.63,224,312.1
2004,12215,116,97,194.81,210,312.2
2005,12565,124,97,203.99,218,312.7
2006,12565,124,97,203.99,218,312.9
2007,12600,125,97,205.04,221,313.0
2008,12620,126,97,205.8,220,313.2
2009,12565,124,97,203.99,218,313.3
2010,12565,124,97,203.99,218,313.5
2011,12645,126,97,205.99,220,313.7
2012,12400,120,97,199.46,214,313.8
2013,12645,126,97,205.99,220,314.0
2014,12605,125,97,204.89,219,314.4
2015,12880,131,97,211.44,225,314.6
2016,11865,108,97,186.15,204,314.8
2017,11145,92,97,168.39,187,314.9
2018,13060,129,97,211.84,223,315.0
2019,14275,167,97,251.31,259,315.2
2020,12310,118,97,197.24,212,315.4
2021,9520,56,97,128.18,150,315.5
2022,12565,124,97,203.99,218,315.6
2023,13015,128,97,210.73,222,315.8
2024,12645,126,97,205.99,220,316.2
2025,13060,129,97,211.84,223,316.4
2026,13015,128,97,210.73,222,316.6
2027,12445,121,97,200.61,215,316.7
2028,11075,93,97,169.05,196,316.9
2029,11865,108,97,186.15,202,317.0
2030,12445,121,97,200.61,215,317.2
2031,12645,126,97,205.99,220,317.3
2032,12645,126,97,205.99,221,317.5
2033,13010,134,97,214.76,228,317.9
2034,12445,121,97,200.61,215,318.1
2035,12445,121,97,200.61,215,318.2
2036,13195,146,97,226.75,239,318.4
2037,12565,124,97,203.99,218,318.5
2038,12705,128,97,208.01,222,318.7
2039,12605,125,97,204.89,219,318.9
2040,12645,126,97,205.99,220,319.0
2041,12300,118,97,197.02,212,319.2
2042,9530,56,97,128.44,150,319.3
2043,12565,124,97,203.99,218,319.7
2044,12645,126,97,205.99,220,319.9
2045,11845,108,97,186.23,202,320.0
2046,12085,113,97,191.69,210,320.2
2047,12625,125,97,205.11,219,320.3
2048,12565,124,97,203.99,218,320.5
2049,12600,125,97,205.04,219,320.6
2050,12910,126,97,208.6,220,320.8
2051,12645,126,97,205.99,220,321.0
2052,14265,168,97,251.77,261,321.5
2053,9440,54,97,126.18,148,321.6
2054,11835,108,97,186.05,202,321.7
2055,12600,125,97,205.04,219,321.9
2056,12555,124,97,203.93,218,322.0
2057,12565,124,97,203.99,218,322.2
2058,12625,126,97,206.01,220,322.4
2059,11900,109,97,187.2,203,322.5
2060,13400,145,97,227.08,238,322.7
2061,12385,120,97,199.55,214,322.8
2062,13100,130,97,212.74,224,323.3
2063,12210,116,97,194.96,210,323.5
2064,12520,123,97,202.88,217,323.6
2065,12605,125,97,204.89,219,323.8
2066,12655,127,97,206.85,222,323.9
2067,12770,129,97,209.18,223,324.1
2068,12600,125,97,205.04,219,324.3
2069,12660,126,97,206.06,220,324.4
2070,12565,124,97,203.99,218,324.6
2071,12725,128,97,208.15,222,325.0
2072,14245,168,97,251.83,261,325.3
2073,13015,128,97,210.73,222,325.4
2074,11280,95,97,171.72,189,325.6
2075,12520,123,97,202.88,217,325.7
2076,12445,121,97,200.61,215,326.0
2077,12555,124,97,203.93,218,326.2
2078,10955,88,97,163.89,182,326.3
2079,12445,121,97,200.61,215,326.4
2080,12445,121,97,200.61,215,326.6
2081,13015,128,97,210.73,222,327.1
2082,13015,128,97,210.73,222,327.3
2083,14395,163,97,249.15,255,327.5
2084,13015,128,97,210.73,222,327.6
2085,14365,170,97,254.21,262,327.8
2086,12600,125,97,204.88,219,328.0
2087,12660,127,97,207.06,221,328.1
2088,12175,115,97,193.91,209,328.3
2089,14240,167,97,251.1,259,328.5
2090,12575,125,97,204.69,219,329.0
2091,16400,209,97,301.48,302,329.2
2092,12340,119,97,198.44,213,329.4
2093,11100,91,97,167.28,185,329.5
2094,12535,124,97,203.79,218,329.6
2095,12780,129,97,209.52,223,329.8
2096,24953,354,97,477.19,448,330.2
2097,14165,165,97,248.69,258,330.4
2098,12660,127,97,206.9,225,330.9
2099,11100,91,97,167.28,185,331.1
2100,12580,125,97,204.9,219,331.2
2101,12605,125,97,204.89,220,331.4
2102,12565,124,97,203.99,218,331.5
2103,12885,132,97,212.39,226,331.7
2104,12790,123,97,205.22,218,331.9
2105,11000,89,97,164.84,183,332.0
2106,12565,124,97,203.99,218,332.1
2107,12520,123,97,202.88,217,332.6
2108,12565,124,97,203.99,218,332.8
2109,12565,124,97,203.99,218,333.0
2110,13140,131,97,214.24,225,333.1
2111,15345,192,97,278.65,285,333.3
2112,10855,86,97,161.61,188,333.5
2113,11100,91,97,167.28,185,333.6
2114,12765,129,97,209.61,223,333.7
2115,13060,129,97,211.84,223,333.9
2116,12745,122,97,204.11,216,334.3
2117,12525,123,97,202.61,217,334.5
2118,12520,123,97,202.88,217,334.7
2119,12580,125,97,204.9,219,334.8
2120,11360,97,97,173.72,191,334.9
2121,11055,90,97,166.17,184,335.1
2122,12475,116,97,197.41,210,335.2
2123,8870,40,97,110.3,140,335.3
2124,12910,126,97,208.6,220,335.5
2125,11945,110,97,188.15,204,335.6
2126,11790,107,97,185.1,201,335.8
2127,9090,46,97,116.9,154,336.2
2128,13060,129,97,211.84,223,336.4
2129,8665,34,97,104.25,134,336.5
2130,13015,128,97,210.73,222,336.6
2131,12605,125,97,204.89,219,336.8
2132,12565,124,97,203.99,218,337.0
2133,12565,124,97,203.99,218,337.2
2134,12480,122,97,201.66,216,337.3
2135,12565,124,97,203.99,218,337.5
2136,13060,129,97,211.84,223,337.7
2137,12220,116,97,195.02,210,338.1
2138,11100,91,97,167.28,185,338.2
2139,12660,127,97,206.9,221,338.4
2140,12665,126,97,206.15,221,338.6
2141,12520,123,97,202.88,217,338.7
2142,11180,93,97,169.28,187,338.9
2143,13050,129,97,211.78,223,339.0
2144,12605,125,97,204.89,219,339.2
2145,12645,126,97,205.99,220,339.4
2146,12480,122,97,201.5,218,339.8
2147,12565,124,97,203.99,218,340.0
2148,13055,129,97,211.63,224,340.2
2149,13095,130,97,212.89,224,340.4
2150,10920,87,97,162.84,181,340.5
2151,12645,126,97,205.99,220,340.7
2152,12605,125,97,204.89,219,340.9
2153,12580,125,97,204.9,219,341.0
2154,12210,116,97,194.96,210,341.2
2155,12065,113,97,191.57,207,341.4
2156,12600,125,97,205.04,219,341.9
2157,12255,117,97,196.27,211,342.0
2158,12705,128,97,208.01,222,342.2
2159,12565,124,97,203.99,218,342.4
2160,11140,92,97,168.18,186,342.5
2161,12815,130,97,210.29,224,342.7
2162,12565,124,97,203.99,218,342.9
2163,12645,126,97,205.99,220,343.0
2164,11885,109,97,187.17,203,343.2
2165,12565,124,97,203.99,218,343.3
2166,12565,124,97,203.99,218,343.8
2167,15080,181,97,267.22,274,344.0
2168,11180,93,97,169.28,187,344.2
2169,12660,127,97,207.06,223,344.3
2170,12565,124,97,203.99,218,344.5
2171,12600,125,97,205.04,221,344.7
2172,11360,97,97,173.72,191,344.8
2173,13015,128,97,210.73,222,345.0
2174,13060,129,97,211.84,223,345.2
2175,13105,130,97,212.95,224,345.6
2176,12565,124,97,203.99,218,345.8
2177,8975,43,97,113.45,150,345.9
2178,19230,264,97,362.1,357,346.3
2179,12605,125,97,204.89,219,346.4
2180,12175,115,97,193.91,209,346.6
2181,12645,126,97,205.99,220,346.8
2182,12645,126,97,205.99,221,346.9
2183,12025,112,97,190.67,206,347.1
2184,12525,123,97,202.61,217,347.5
2185,12955,127,97,209.71,221,347.7
2186,12645,126,97,205.99,220,347.9
2187,11225,94,97,170.39,188,348.0
2188,12700,128,97,207.96,222,348.2
2189,12600,125,97,205.04,219,348.4
2190,11100,91,97,167.28,185,348.5
2191,12565,124,97,203.99,218,348.6
2192,12565,124,97,203.99,218,348.8
2193,12645,126,97,205.99,220,349.0
2194,12645,126,97,205.99,220,349.5
2195,12565,124,97,203.99,219,349.6
2196,8560,31,97,100.9,127,349.7
2197,12565,124,97,203.99,218,349.9
2198,12565,124,97,203.99,218,350.0
2199,12565,124,97,203.99,218,350.2
2200,12645,126,97,205.99,220,350.4
2201,12580,125,97,204.9,220,350.6
2202,12565,124,97,203.99,221,350.7
2203,13060,129,97,211.84,223,351.2
2204,12645,126,97,206.15,224,351.4
2205,12465,127,97,206.51,221,351.5
2206,9275,50,97,121.65,144,351.6
2207,12885,132,97,212.39,226,351.8
2208,12520,123,97,202.88,217,352.0
2209,12875,137,97,217.21,230,352.1
2210,12565,124,97,203.99,218,352.3
2211,12565,124,97,203.99,218,352.5
2212,12645,126,97,205.99,220,352.7
2213,12565,124,97,203.99,218,353.1
2214,12645,126,97,205.99,220,353.3
2215,12645,126,97,205.99,221,353.4
2216,12615,126,97,206.19,220,353.6
2217,12645,126,97,205.99,220,353.8
2218,12645,126,97,205.99,220,354.0
2219,12605,125,97,204.89,219,354.1
2220,12645,126,97,205.99,220,354.3
2221,12705,128,97,208.01,226,354.4
2222,12645,126,97,205.99,220,354.9
2223,12645,126,97,205.99,220,355.1
2224,11405,98,97,174.83,192,355.2
2225,12525,123,97,202.61,217,355.4
2226,12865,125,97,207.89,219,355.7
2227,11525,101,97,178.41,195,355.8
2228,12485,122,97,201.51,216,356.0
2229,12445,121,97,200.61,215,356.1
2230,11725,105,97,182.85,199,356.3
2231,12300,118,97,197.18,212,356.5
2232,11440,101,97,178.14,194,356.9
2233,11180,93,97,169.28,187,357.0
2234,12175,115,97,193.91,209,357.2
2235,13015,128,97,210.73,222,357.3
2236,12565,124,97,203.99,218,357.5
2237,14220,167,97,251.02,261,357.7
2238,11280,95,97,171.72,189,357.9
2239,12480,122,97,201.66,216,358.0
2240,13015,128,97,210.73,222,358.2
2241,12280,118,97,197.06,212,358.4
2242,12745,129,97,209.43,223,358.9
2243,13095,130,97,212.89,224,359.1
2244,12605,125,97,204.89,219,359.2
2245,12600,125,97,205.04,219,359.4
2246,12525,123,97,202.61,217,359.5
2247,11865,108,97,186.15,202,359.7
2248,12480,122,97,201.5,220,359.8
2249,12565,124,97,203.99,218,360.0
2250,12600,125,97,204.88,219,360.2
2251,12480,122,97,201.66,216,360.6
2252,12565,124,97,203.99,218,360.8
2253,12645,126,97,205.99,220,361.0
2254,12695,121,97,202.75,215,361.1
2255,12565,124,97,203.99,218,361.3
2256,12605,125,97,204.89,219,361.5
2257,13060,129,97,211.84,223,361.6
2258,12565,124,97,203.99,218,361.8
2259,12565,124,97,203.99,218,362.0
2260,12565,124,97,203.99,218,362.4
2261,12615,126,97,205.95,220,362.6
2262,13100,130,97,212.74,224,362.8
2263,14145,165,97,248.75,258,363.0
2264,10995,89,97,165.15,183,363.1
2265,12840,130,97,210.54,224,363.3
2266,12605,125,97,204.89,219,363.5
2267,12560,124,97,203.78,218,363.7
2268,11925,110,97,188.23,204,363.8
2269,12525,123,97,202.61,217,364.0
2270,13140,131,97,213.84,225,364.5
2271,13015,136,97,217.03,229,364.6
2272,12600,125,97,204.88,219,364.8
2273,12670,127,97,207.12,221,365.0
2274,11280,95,97,171.72,190,365.1
2275,11100,91,97,167.28,185,365.2
2276,12525,123,97,202.61,217,365.4
2277,12945,127,97,209.65,221,365.6
2278,12745,129,97,209.43,223,365.8
2279,12565,124,97,203.99,218,366.2
2280,12520,123,97,202.88,218,366.4
2281,12885,131,97,211.65,225,366.6
2282,13060,129,97,211.84,223,366.7
2283,12520,123,97,202.88,217,366.9
2284,12565,124,97,203.99,218,367.1
2285,12565,124,97,203.99,218,367.2
2286,8870,40,97,110.3,150,367.3
2287,12645,126,97,205.99,220,367.5
2288,12565,124,97,203.99,218,367.6
2289,12645,126,97,205.99,220,368.1
2290,14370,170,97,254.38,262,368.4
2291,12935,139,97,219.65,305,368.7
2292,12565,124,97,203.99,218,368.8
2293,13015,128,97,210.73,222,369.0
2294,12565,124,97,203.99,218,369.2
2295,13015,128,97,210.73,222,369.4
2296,13095,130,97,212.89,224,369.5
2297,22060,325,97,432.388,417,370.3
2298,12105,114,97,192.67,208,370.4
2299,9440,54,97,126.18,148,370.5
2300,15235,191,97,277.21,287,370.8
2301,12525,123,97,202.61,217,371.0
2302,13015,128,97,210.73,222,371.1
2303,11905,109,97,187.05,203,371.3
2304,11180,93,97,169.28,187,371.4
2305,11310,96,97,172.96,190,371.6
2306,12625,126,97,206.01,220,372.0
2307,10560,79,97,153.96,173,372.2
2308,12645,126,97,205.99,220,372.3
2309,11865,108,97,186.15,202,372.5
2310,12600,125,97,205.04,219,372.6
2311,12930,132,97,212.76,226,372.8
2312,13095,130,97,212.73,227,373.0
2313,12565,124,97,203.99,224,373.1
2314,12445,121,97,200.61,216,373.3
2315,12600,125,97,205.04,219,373.5
2316,14230,167,97,250.58,260,374.0
2317,11280,95,97,171.72,189,374.1
2318,11945,110,97,188.15,204,374.2
2319,11770,107,97,184.96,201,374.4
2320,12580,125,97,204.9,219,374.6
2321,12200,116,97,195.1,210,374.7
2322,13100,130,97,212.74,224,374.9
2323,13115,139,97,219.71,233,375.1
2324,12565,124,97,203.99,218,375.2
2325,12795,129,97,209.43,223,375.6
2326,13015,128,97,210.73,222,375.9
2327,12930,132,97,212.76,226,376.0
2328,8900,41,97,111.5,147,376.1
2329,11360,97,97,173.72,191,376.2
2330,18165,243,97,338.17,336,376.5
2331,12610,125,97,205.1,219,376.7
2332,12565,124,97,203.99,218,376.9
2333,12565,124,97,203.99,218,377.1
2334,10920,87,97,162.84,181,377.2
2335,12645,126,97,205.99,220,377.7
2336,12625,126,97,206.01,220,377.8
2337,12745,134,97,214.11,227,378.0
2338,14310,169,97,253.12,262,378.2
2339,12565,124,97,203.99,218,378.4
2340,12445,121,97,200.61,215,378.6
2341,12645,126,97,205.99,220,378.7
2342,12990,128,97,210.76,222,378.9
2343,13060,129,97,211.84,223,379.1
2344,12525,123,97,202.61,217,379.5
2345,12700,128,97,208.32,222,379.7
2346,11100,91,97,167.28,185,379.9
2347,13015,128,97,210.73,222,380.0
2348,13015,128,97,210.73,222,380.2
2349,12520,123,97,202.88,217,380.4
2350,12565,124,97,203.99,218,380.5
2351,13060,128,97,210.94,227,380.7
2352,12930,132,97,212.76,226,380.9
2353,12645,126,97,205.99,220,381.3
2354,13060,129,97,211.84,223,381.5
2355,12660,127,97,206.9,226,381.7
2356,12565,124,97,203.99,218,381.9
2357,13015,128,97,210.73,222,382.0
2358,12930,132,97,212.76,226,382.2
2359,12600,125,97,204.88,219,382.3
2360,12565,124,97,203.99,218,382.5
2361,12955,127,97,209.71,221,382.7
2362,12690,121,97,202.9,215,382.8
2363,12730,134,97,213.64,227,383.3
2364,13060,129,97,211.84,223,383.5
2365,17805,240,97,333.53,333,383.7
2366,10920,87,97,162.84,181,383.9
2367,12625,126,97,206.01,220,384.0
2368,12565,124,97,203.99,218,384.2
2369,15055,185,97,270.91,278,384.4
2370,11180,93,97,169.28,187,384.5
2371,10920,87,97,162.84,181,384.7
2372,13015,128,97,210.73,222,385.1
2373,13095,130,97,212.89,224,385.3
2374,12475,122,97,201.77,216,385.5
2375,12745,128,97,208.43,222,385.6
2376,12610,125,97,205.1,219,385.8
2377,11280,95,97,171.72,189,386.0
2378,12565,124,97,203.99,218,386.1
2379,11100,91,97,167.28,185,386.3
2380,11895,109,97,187.35,203,386.4
2381,14090,164,97,247.38,257,386.9
2382,12715,128,97,208.23,222,387.1
2383,15170,188,97,274.12,281,387.3
2384,12930,132,97,212.76,226,387.5
2385,13015,128,97,210.73,222,387.7
2386,12930,132,97,212.76,226,387.9
2387,15550,190,97,277.6,283,388.1
2388,12600,125,97,205.04,219,388.3
2389,12625,126,97,206.01,220,388.5
2390,12885,131,97,211.65,225,388.9
2391,12825,136,97,216.11,229,389.1
2392,12445,121,97,200.61,215,389.3
2393,20695,276,97,382.63,369,389.6
2394,12580,125,97,204.9,219,389.8
2395,12265,117,97,196.13,211,389.9
2396,12155,115,97,193.99,209,390.1
2397,11360,97,97,173.72,191,390.2
2398,14480,173,97,257.3,266,390.6
2399,12565,124,97,203.99,218,390.9
2400,12750,122,97,204.12,216,391.0
2401,13015,128,97,210.73,222,391.2
2402,12375,114,97,194.97,208,391.4
2403,12625,126,97,206.01,220,391.5
2404,12565,124,97,203.99,218,391.7
2405,12945,139,97,219.49,232,391.9
2406,12660,127,97,207.08,226,392.0
2407,12660,127,97,207.06,221,392.2
2408,12625,126,97,206.01,220,392.7
2409,12565,124,97,203.99,218,392.9
2410,12735,129,97,209.21,223,393.0
2411,12520,123,97,202.88,217,393.2
2412,13015,128,97,210.73,227,393.4
2413,13060,129,97,211.84,223,393.5
2414,13015,128,97,210.73,222,393.7
2415,12645,126,97,205.99,220,393.9
2416,12520,123,97,202.88,217,394.0
2417,12520,123,97,202.88,217,394.5
2418,12255,117,97,195.91,211,394.7
2419,12840,130,97,210.54,224,394.9
2420,12660,127,97,206.9,221,395.1
2421,11395,98,97,174.77,192,395.2
2422,12175,115,97,193.91,209,395.4
2423,12565,124,97,203.99,218,395.5
2424,14195,162,97,246.15,255,395.7
2425,11810,107,97,184.86,201,395.9
2426,10920,87,97,162.84,181,396.0
2427,12490,122,97,201.68,216,396.5
2428,13095,130,97,212.73,224,396.7
2429,13060,129,97,211.84,223,396.8
2430,13105,130,97,212.95,224,397.0
2431,12580,125,97,204.9,219,397.2
2432,12565,124,97,203.99,218,397.3
2433,12565,124,97,203.99,218,397.5
2434,12645,126,97,205.99,220,397.7
2435,12565,124,97,203.99,218,397.8
2436,12565,124,97,203.99,218,398.3
2437,13050,129,97,211.78,223,398.5
2438,13015,128,97,210.73,222,398.7
2439,12565,124,97,203.99,218,398.8
2440,12645,126,97,205.99,220,399.0
2441,12645,126,97,205.99,220,399.1
2442,13015,128,97,210.73,222,399.3
2443,12660,127,97,206.9,221,399.5
2444,12660,127,97,206.9,221,399.6
2445,12565,124,97,203.99,218,400.1
2446,12565,124,97,203.99,218,400.3
2447,12670,127,97,207.12,221,400.4
2448,19865,255,97,360.37,348,400.8
2449,10910,87,97,162.62,181,400.9
2450,15430,195,97,281.78,288,401.2
2451,12565,124,97,203.99,218,401.3
2452,13085,130,97,212.83,224,401.5
2453,12580,125,97,204.9,219,401.7
2454,12580,125,97,204.9,219,402.1
2455,12565,124,97,203.99,218,402.3
2456,12565,124,97,203.99,218,402.5
2457,12610,125,97,205.1,219,402.6
2458,12845,130,97,210.55,224,402.8
2459,12840,130,97,210.54,224,403.0
2460,12520,123,97,202.88,217,403.1
2461,12710,127,97,207.26,221,403.3
2462,12645,126,97,205.99,220,403.4
2463,12625,126,97,206.01,220,403.9
2464,15250,190,97,276.3,283,404.1
2465,17690,235,97,328.3,328,404.4
2466,12565,124,97,203.99,218,404.6
2467,13095,130,97,212.73,224,404.7
2468,22700,315,97,427.96,408,405.1
2469,12565,124,97,203.99,218,405.3
2470,11865,108,97,186.15,202,405.4
2471,13060,129,97,211.84,223,405.9
2472,13015,128,97,210.73,222,406.1
2473,13015,128,97,210.73,222,406.3
2474,13105,130,97,212.95,224,406.5
2475,10920,87,97,162.84,181,406.6
2476,12625,126,97,206.01,220,406.8
2477,19340,265,97,364.644,358,407.2
2478,12645,126,97,205.99,220,407.3
2479,10920,87,97,162.84,181,407.5
2480,12610,125,97,205.1,219,407.9
2481,12565,124,97,203.99,218,408.1
2482,12600,125,97,205.04,219,408.2
2483,12565,124,97,203.99,218,408.4
2484,12600,125,97,205.04,219,408.5
2485,12565,124,97,203.99,218,408.7
2486,13060,129,97,211.84,223,408.9
2487,12600,125,97,205.04,220,409.1
2488,12645,126,97,205.99,220,409.2
2489,12565,124,97,203.99,218,409.7
2490,12865,125,97,207.89,219,409.9
2491,11280,95,97,171.72,189,410.0
2492,11280,95,97,171.72,190,410.1
2493,14415,170,97,254.49,262,410.3
2494,12625,126,97,206.01,220,410.5
2495,12520,123,97,202.88,217,410.7
2496,12480,122,97,201.66,216,410.8
2497,12625,126,97,206.01,220,411.0
2498,12445,121,97,200.61,215,411.2
2499,11280,95,97,171.72,189,411.6
2500,14280,169,97,253.28,262,411.8
2501,14150,164,97,247.98,256,412.1
2502,8900,41,97,111.5,138,412.1
2503,12745,129,97,209.43,223,412.3
2504,10910,87,97,162.78,181,412.4
2505,12945,127,97,209.65,221,412.6
2506,11325,96,97,172.83,192,412.7
2507,12175,115,97,193.91,209,412.9
2508,16425,212,97,301.87,305,413.4
2509,15120,186,97,272.14,279,413.7
2510,13060,129,97,211.84,223,413.8
2511,20870,267,97,378.54,360,414.2
2512,12565,124,97,203.99,218,414.3
2513,12700,128,97,208.32,222,414.5
2514,12400,120,97,199.5,214,414.7
2515,12625,126,97,206.01,220,414.8
2516,12625,126,97,206.01,220,415.0
2517,12670,127,97,207.12,221,415.5
2518,11100,91,97,167.28,185,415.6
2519,12205,116,97,195.11,210,415.8
2520,10920,87,97,162.84,181,415.9
2521,11280,95,97,171.72,189,416.0
2522,12580,125,97,204.9,219,416.2
2523,15120,183,97,270.48,275,416.4
2524,11100,91,97,167.28,185,416.5
2525,12560,124,97,203.78,218,416.7
2526,12930,132,97,212.76,226,417.2
2527,10920,87,97,162.84,181,417.4
2528,12445,121,97,200.61,215,417.5
2529,13095,130,97,212.89,224,417.7
2530,12600,125,97,205.04,219,417.9
2531,12660,127,97,206.9,221,418.0
2532,11180,93,97,169.28,187,418.2
2533,17273,220,97,314.19,313,418.5
2534,12200,116,97,195.1,210,418.6
2535,23150,305,97,423.82,398,419.3
2536,14240,167,97,251.1,259,419.5
2537,12910,126,97,208.6,220,419.7
2538,13000,128,97,210.82,222,419.8
2539,20203,267,97,371.69,361,420.2
2540,12910,126,97,208.6,220,420.4
2541,13015,128,97,210.73,222,420.5
2542,16631,222,97,312.87,315,420.8
2543,8970,43,97,113.6,141,421.3
2544,13000,128,97,210.82,222,421.5
2545,12990,128,97,210.6,222,421.6
2546,13060,129,97,211.84,223,421.8
2547,12615,126,97,205.95,220,422.0
2548,12555,124,97,203.93,218,422.1
2549,12565,124,97,203.99,218,422.3
2550,12700,128,97,208.32,222,422.5
2551,13060,129,97,211.84,223,422.7
2552,12445,121,97,200.61,215,423.1
2553,12625,126,97,206.01,220,423.3
2554,13060,129,97,211.84,223,423.5
2555,12565,124,97,203.99,218,423.7
2556,12565,124,97,203.99,218,423.9
2557,15600,200,97,287.28,293,424.1
2558,12625,126,97,206.01,220,424.3
2559,12625,126,97,206.01,220,424.4
2560,11865,108,97,186.15,202,424.6
2561,13050,137,97,218.08,230,425.1
2562,13015,128,97,210.73,222,425.3
2563,11280,95,97,171.72,189,425.5
2564,12175,115,97,193.91,209,425.6
2565,11280,95,97,171.72,189,425.7
2566,12625,126,97,206.01,220,425.9
2567,11490,100,97,177.36,194,426.0
2568,13015,128,97,210.73,222,426.2
2569,11280,95,97,171.72,189,426.3
2570,12565,124,97,203.99,218,426.5
2571,12565,124,97,203.99,218,426.9
2572,10920,87,97,162.84,181,427.0
2573,15855,207,97,294.63,300,427.3
2574,11140,92,97,168.18,188,427.4
2575,16865,205,97,299.93,298,427.6
2576,12205,116,97,195.11,211,427.8
2577,12645,126,97,205.99,221,428.0
2578,12865,131,97,211.53,225,428.1
2579,12735,128,97,208.41,222,428.3
2580,22135,315,97,422.67,408,429.0
2581,13000,128,97,210.82,222,429.1
2582,13015,128,97,210.73,222,429.3
2583,12625,126,97,206.01,220,429.5
2584,15210,189,97,275.48,282,429.7
2585,12160,115,97,194.0,209,429.8
2586,12930,132,97,212.8,226,430.0
2587,13105,130,97,212.95,224,430.2
2588,12445,121,97,200.61,215,430.6
2589,12565,124,97,203.99,218,430.8
2590,19890,263,97,365.36,356,431.1
2591,12220,116,97,195.02,210,431.2
2592,12625,126,97,206.01,220,431.4
2593,13060,129,97,211.84,223,431.6
2594,12565,124,97,203.99,218,431.7
2595,11865,108,97,186.15,202,431.9
2596,12625,126,97,206.01,220,432.0
2597,11100,91,97,167.28,185,432.4
2598,12645,126,97,205.99,220,432.6
2599,8910,41,97,111.6,136,432.7
2600,13060,129,97,211.84,223,432.9
2601,12520,123,97,202.88,217,433.1
2602,18159,218,97,319.55,311,433.3
2603,11940,110,97,188.46,204,433.5
2604,12840,130,97,210.54,224,433.6
2605,12660,127,97,206.9,221,433.8
2606,13035,129,97,211.71,223,433.9
2607,12565,124,97,203.99,218,434.5
2608,13060,129,97,211.84,223,434.7
2609,12565,124,97,203.99,218,434.8
2610,12565,124,97,203.99,218,435.0
2611,12565,124,97,203.99,218,435.1
2612,12565,124,97,203.99,218,435.3
2613,12565,124,97,203.99,218,435.4
2614,12565,124,97,203.99,218,435.6
2615,14405,163,97,249.23,256,435.8
2616,12615,125,97,204.83,219,436.2
2617,12215,116,97,194.81,210,436.4
2618,11865,108,97,186.15,202,436.6
2619,13015,128,97,210.73,222,436.7
2620,12335,119,97,198.23,213,436.9
2621,12520,123,97,202.88,217,437.0
2622,12200,116,97,195.1,210,437.2
2623,12600,125,97,204.88,221,437.3
2624,9005,44,97,114.99,138,437.4
2625,12520,123,97,202.88,217,437.6
2626,12445,121,97,200.61,215,438.1
2627,12885,131,97,211.65,225,438.3
2628,13195,140,97,221.47,233,438.5
2629,12655,126,97,206.21,220,438.6
2630,11865,108,97,186.15,202,438.8
2631,13150,139,97,220.36,232,438.9
2632,12790,123,97,205.22,217,439.1
2633,12525,123,97,202.61,217,439.2
2634,15265,193,97,279.27,286,439.5
2635,13960,161,97,244.3,254,440.1
2636,12480,122,97,201.66,216,440.2
2637,13015,128,97,210.73,223,440.4
2638,14405,171,97,255.23,264,440.6
2639,13060,129,97,211.84,223,440.8
2640,12780,129,97,209.52,223,440.9
2641,12625,126,97,206.01,220,441.1
2642,12340,119,97,198.48,213,441.2
2643,10995,89,97,164.99,183,441.4
2644,12745,129,97,209.43,223,441.8
2645,12655,127,97,207.21,221,442.0
2646,14240,167,97,251.2,259,442.2
2647,12670,127,97,207.12,221,442.4
2648,12565,124,97,203.99,218,442.5
2649,12930,132,97,212.76,226,442.7
2650,9005,44,97,114.99,142,442.8
2651,12490,122,97,201.72,216,443.0
2652,12535,123,97,202.83,217,443.2
2653,12745,129,97,209.43,223,443.6
2654,12580,125,97,204.9,219,443.8
2655,13105,130,97,212.95,224,443.9
2656,12565,124,97,203.99,218,444.1
2657,11100,91,97,167.28,185,444.2
2658,18940,243,97,343.56,336,444.5
2659,12195,116,97,194.89,210,444.7
2660,12745,129,97,209.43,223,444.8
2661,10920,87,97,162.84,181,445.0
2662,15215,190,97,276.11,283,445.4
2663,12565,124,97,203.99,218,445.6
2664,14415,172,97,256.23,265,445.8
2665,13645,154,97,236.69,247,446.0
2666,15875,205,97,293.33,298,446.3
2667,12970,127,97,209.62,221,446.4
2668,12565,124,97,203.99,218,446.6
2669,11100,91,97,167.28,185,446.7
2670,13015,128,97,210.73,222,446.9
2671,15342,189,97,277.02,282,447.4
2672,12175,115,97,193.91,209,447.6
2673,12625,126,97,206.01,220,447.8
2674,12580,125,97,204.9,219,447.9
2675,12825,130,97,210.63,224,448.1
2676,13015,128,97,210.73,222,448.3
2677,12525,123,97,202.61,217,448.4
2678,12700,128,97,208.32,222,448.6
2679,11670,104,97,181.8,198,448.7
2680,13015,128,97,210.73,222,449.3
2681,13015,128,97,210.73,222,449.5
2682,12565,124,97,203.99,218,449.7
2683,13015,128,97,210.73,222,449.9
2684,13060,129,97,211.84,223,450.0
2685,13015,128,97,210.73,222,450.2
2686,12580,125,97,204.9,219,450.4
2687,12660,127,97,206.9,221,450.5
2688,12160,115,97,194.0,209,450.7
2689,13970,160,97,243.32,253,451.3
2690,12650,126,97,206.0,220,451.6
2691,12565,124,97,203.99,218,451.7
2692,12690,127,97,207.1,221,451.9
2693,12610,125,97,205.1,219,452.1
2694,13015,128,97,210.73,222,452.3
2695,11325,96,97,172.83,190,452.5
2696,12085,113,97,191.69,207,452.7
2697,11280,95,97,171.72,189,452.9
2698,12565,124,97,203.99,218,453.1
2699,12565,124,97,203.99,218,453.7
2700,11280,95,97,171.72,189,453.9
2701,12565,124,97,203.99,218,454.1
2702,13150,131,97,214.06,225,454.2
2703,12565,124,97,203.99,218,454.4
2704,12520,123,97,202.88,217,454.6
2705,13015,128,97,210.73,222,454.7
2706,13105,130,97,212.95,224,454.9
2707,13015,128,97,210.73,222,455.1
2708,12660,127,97,206.9,221,455.5
2709,13060,129,97,211.84,223,455.8
2710,10920,87,97,162.84,181,455.9
2711,12200,116,97,195.1,210,456.0
2712,12930,132,97,212.76,226,456.2
2713,12565,124,97,203.99,218,456.4
2714,20857,270,97,380.33,363,456.7
2715,12520,123,97,202.88,217,456.9
2716,15450,191,97,279.0,284,457.1
2717,12565,124,97,203.99,218,457.6
2718,12200,116,97,195.1,210,457.8
2719,13060,129,97,211.84,223,457.9
2720,12625,126,97,206.01,220,458.1
2721,13015,128,97,210.73,222,458.3
2722,11735,108,97,185.33,202,458.4
2723,12520,123,97,202.88,217,458.5
2724,9305,51,97,122.63,145,458.6
2725,12930,132,97,212.76,226,458.8
2726,13015,128,97,210.73,222,459.0
2727,12565,124,97,203.99,218,459.4
2728,12565,124,97,203.99,218,459.6
2729,12565,124,97,203.99,218,459.8
2730,13105,130,97,212.95,224,459.9
2731,14225,166,97,250.15,258,460.1
2732,11145,92,97,168.39,186,460.3
2733,15900,208,97,295.6,301,460.5
2734,12580,125,97,204.9,219,460.7
2735,13060,129,97,211.84,223,460.8
2736,12625,126,97,206.01,220,461.3
2737,19405,253,97,354.19,346,461.6
2738,16128,209,97,298.56,302,461.9
2739,12625,126,97,206.01,220,462.0
2740,12120,114,97,192.9,208,462.2
2741,12565,124,97,203.99,218,462.3
2742,12565,124,97,203.99,218,462.5
2743,12930,132,97,212.76,226,462.7
2744,12565,124,97,203.99,218,463.2
2745,12565,124,97,203.99,218,463.4
2746,12620,125,97,205.0,219,463.5
2747,15631,189,97,277.75,282,463.8
2748,16540,222,97,311.62,315,464.1
2749,12580,125,97,204.9,219,464.3
2750,12385,120,97,199.55,214,464.4
2751,12580,125,97,204.9,219,464.7
2752,11490,100,97,177.36,194,464.8
2753,11865,108,97,186.15,202,465.2
2754,13425,144,97,226.11,237,465.4
2755,12745,129,97,209.43,223,465.6
2756,12475,122,97,201.81,216,465.8
2757,12520,123,97,202.88,217,465.9
2758,12945,127,97,209.49,221,466.1
2759,12580,125,97,204.9,219,466.3
2760,18295,234,97,332.55,327,466.6
2761,8900,41,97,111.5,140,466.6
2762,14485,176,97,260.33,269,467.2
2763,14595,172,97,257.13,265,467.4
2764,14595,174,97,259.03,266,467.6
2765,20080,249,97,358.18,342,467.9
2766,12625,126,97,206.01,220,468.1
2767,14120,167,97,250.8,260,468.3
2768,12885,131,97,211.65,225,468.5
2769,13060,129,97,211.84,223,468.6
2770,12565,124,97,203.99,218,469.1
2771,20804,282,97,388.38,375,469.4
2772,12565,124,97,203.99,218,469.6
2773,12670,127,97,207.12,221,469.8
2774,13060,129,97,211.84,226,469.9
2775,12160,115,97,194.0,209,470.1
2776,12565,124,97,203.99,218,470.3
2777,11685,104,97,181.71,200,470.4
2778,12745,129,97,209.43,223,470.6
2779,13105,130,97,212.95,224,471.0
2780,12565,124,97,203.99,218,471.2
2781,13105,130,97,212.95,224,471.3
2782,15440,195,97,281.94,288,471.6
2783,12700,128,97,208.32,222,471.7
2784,14370,170,97,254.38,262,471.9
2785,12970,135,97,215.92,228,472.1
2786,12930,132,97,212.76,226,472.3
2787,12520,123,97,202.88,217,472.7
2788,15490,195,97,282.38,288,473.0
2789,12565,124,97,203.99,218,473.2
2790,12490,122,97,201.72,216,473.4
2791,12565,124,97,203.99,218,473.5
2792,12955,127,97,209.71,221,473.7
2793,12565,124,97,203.99,218,473.8
2794,12625,126,97,206.01,220,474.0
2795,12565,124,97,203.99,218,474.2
2796,12610,125,97,205.1,219,474.3
2797,12745,129,97,209.43,223,474.8
2798,19239,246,97,348.89,339,475.1
2799,12705,128,97,208.01,222,475.3
2800,11280,95,97,171.72,189,475.4
2801,14375,169,97,253.39,261,475.6
2802,13060,129,97,211.84,223,475.8
2803,12445,121,97,200.61,215,476.0
2804,12520,123,97,202.88,217,476.1
2805,12545,130,97,209.71,223,476.5
2806,13015,128,97,210.73,222,476.7
2807,12625,126,97,206.01,220,476.9
2808,18020,227,97,324.86,320,477.1
2809,12555,124,97,203.93,218,477.3
2810,12625,126,97,206.01,220,477.5
2811,13060,129,97,211.84,223,477.6
2812,18830,242,97,341.92,335,477.9
2813,13015,128,97,210.73,222,478.1
2814,11100,91,97,167.28,185,478.6
2815,12565,124,97,203.99,218,478.7
2816,12205,116,97,195.11,210,478.9
2817,12565,124,97,203.99,218,479.1
2818,12625,126,97,206.01,220,479.2
2819,13060,129,97,211.84,223,479.4
2820,14125,165,97,248.49,259,479.6
2821,13015,128,97,210.73,222,479.8
2822,13095,130,97,212.73,224,479.9
2823,12780,130,97,210.48,224,480.4
2824,12520,123,97,202.88,217,480.5
2825,12540,130,97,209.68,223,480.7
2826,12660,127,97,206.9,221,480.9
2827,12565,124,97,203.99,219,481.1
2828,12565,124,97,203.99,218,481.2
2829,13150,131,97,214.46,225,481.4
2830,11490,100,97,177.36,194,481.5
2831,13060,129,97,211.84,223,481.7
2832,19535,254,97,357.87,347,482.3
2833,13060,129,97,211.84,223,482.5
2834,14648,171,97,256.7,264,482.7
2835,13060,129,97,211.84,223,482.9
2836,13060,129,97,211.84,223,483.0
2837,11135,92,97,168.33,186,483.2
2838,21070,276,97,385.62,369,483.5
2839,12645,126,97,205.99,220,483.7
2840,12565,124,97,203.99,218,484.2
2841,12520,123,97,202.88,218,484.4
2842,13015,128,97,210.73,222,484.6
2843,13060,129,97,211.84,223,484.7
2844,11100,91,97,167.28,185,484.9
2845,11755,106,97,184.05,200,485.0
2846,12565,124,97,203.99,218,485.1
2847,13060,129,97,211.84,223,485.3
2848,12605,125,97,204.89,219,485.5
2849,13750,155,97,237.78,248,485.7
2850,12565,124,97,203.99,218,486.1
2851,13060,129,97,211.84,223,486.3
2852,13055,129,97,211.63,223,486.4
2853,12975,133,97,213.87,227,486.6
2854,13015,128,97,210.73,222,486.8
2855,14415,170,97,254.49,262,487.0
2856,12565,124,97,203.99,218,487.1
2857,12340,119,97,198.44,213,487.3
2858,12565,124,97,203.99,219,487.4
2859,11280,95,97,171.72,189,487.9
2860,14790,177,97,262.7,270,488.1
2861,13105,130,97,212.95,224,488.3
2862,13015,128,97,210.73,222,488.5
2863,12580,125,97,204.9,219,488.6
2864,12625,126,97,206.01,220,488.8
2865,12610,125,97,205.1,219,488.9
2866,12565,124,97,203.99,218,489.1
2867,12565,124,97,203.99,218,489.3
2868,13095,130,97,212.89,225,489.7
2869,12565,124,97,203.99,218,489.9
2870,14375,170,97,254.39,262,490.1
2871,11865,108,97,186.15,202,490.2
2872,12565,124,97,203.99,218,490.4
2873,12610,125,97,205.1,219,490.6
2874,9155,48,97,119.15,143,490.6
2875,11325,96,97,172.83,190,490.8
2876,13060,129,97,211.84,223,491.0
2877,12565,124,97,203.99,218,491.1
2878,13060,129,97,211.84,223,491.6
2879,12565,124,97,203.99,218,491.8
2880,12480,122,97,201.66,216,491.9
2881,12580,125,97,204.9,219,492.1
2882,15345,193,97,279.77,286,492.3
2883,12565,124,97,203.99,218,492.4
2884,12565,124,97,203.99,218,492.6
2885,12565,124,97,203.99,218,492.8
2886,12660,127,97,206.9,221,492.9
2887,12200,116,97,195.1,210,493.6
2888,12780,130,97,210.32,224,493.7
2889,12580,125,97,204.9,219,493.9
2890,11490,100,97,177.36,194,494.0
2891,13085,130,97,212.83,224,494.2
2892,13000,128,97,210.82,222,494.3
2893,14880,182,97,267.48,274,494.6
2894,11490,100,97,177.36,194,494.7
2895,13060,129,97,211.84,223,494.8
2896,12525,123,97,202.61,217,495.3
2897,10920,87,97,162.84,181,495.4
2898,13015,128,97,210.73,222,495.6
2899,12520,123,97,202.88,217,495.8
2900,14730,176,97,261.36,269,496.0
2901,12445,121,97,200.61,215,496.1
2902,16200,215,97,303.86,307,496.4
2903,12175,115,97,193.91,209,496.5
2904,12610,125,97,205.1,219,496.7
2905,13185,132,97,214.95,226,497.1
2906,12565,124,97,203.99,218,497.3
2907,13060,129,97,211.84,223,497.5
2908,12565,124,97,203.99,218,497.6
2909,12565,124,97,203.99,219,497.8
2910,12565,124,97,203.99,218,498.0
2911,12660,127,97,206.9,221,498.1
2912,12565,124,97,203.99,218,498.3
2913,12970,135,97,215.92,228,498.4
2914,12580,125,97,204.9,219,498.9
2915,12445,121,97,200.61,215,499.1
2916,12565,124,97,203.99,218,499.3
2917,12565,124,97,203.99,218,499.4
2918,12580,125,97,204.9,219,499.6
2919,11100,91,97,167.28,185,499.7
2920,13060,129,97,211.84,223,499.9
2921,12580,125,97,204.9,219,500.0
2922,13150,131,97,214.46,225,500.2
2923,12385,120,97,199.55,214,500.4
2924,15525,199,97,285.79,292,500.9
2925,12625,126,97,206.01,220,501.1
2926,14255,168,97,252.19,260,501.3
2927,13060,129,97,211.84,223,501.5
2928,12565,124,97,203.99,218,501.6
2929,12200,116,97,195.1,210,501.8
2930,15540,200,97,287.1,293,502.0
2931,12445,121,97,200.61,215,502.2
2932,12670,127,97,207.12,221,502.6
2933,12690,128,97,208.26,223,502.8
2934,12745,129,97,209.43,223,503.0
2935,12625,126,97,206.01,220,503.2
2936,19061,251,97,351.55,344,503.4
2937,11490,100,97,177.36,194,503.6
2938,13060,129,97,211.84,223,503.7
2939,12625,126,97,206.01,220,503.9
2940,12625,126,97,206.01,220,504.1
2941,12175,115,97,193.91,209,504.5
2942,14235,168,97,251.81,261,504.7
2943,15505,198,97,285.21,291,505.0
2944,11865,108,97,186.15,202,505.1
2945,14268,163,97,248.14,256,505.3
2946,12535,123,97,202.83,217,505.5
2947,12205,116,97,195.11,210,505.6
2948,12645,126,97,205.99,222,505.8
2949,12520,123,97,202.88,217,505.9
2950,10920,87,97,162.84,181,506.4
2951,12625,126,97,206.01,220,506.6
2952,11100,91,97,167.28,185,506.8
2953,12655,126,97,206.21,220,506.9
2954,15575,200,97,286.95,293,507.2
2955,12565,124,97,203.99,218,507.3
2956,13015,128,97,210.73,222,507.5
2957,12245,117,97,196.01,211,507.6
2958,12565,124,97,203.99,218,507.8
2959,21779,285,97,398.73,378,508.5
2960,13150,139,97,220.36,232,508.7
2961,12565,124,97,203.99,218,508.8
2962,12520,123,97,202.88,217,509.0
2963,12865,125,97,207.49,219,509.1
2964,12565,124,97,203.99,218,509.3
2965,12610,125,97,205.1,219,509.5
2966,12930,132,97,212.76,226,509.6
2967,13105,130,97,212.95,224,509.8
2968,12700,128,97,208.32,222,510.2
2969,13015,128,97,210.73,222,510.4
2970,11280,95,97,171.72,189,510.5
2971,13060,129,97,211.84,223,510.7
2972,12565,124,97,203.99,220,510.8
2973,12625,126,97,206.01,221,511.0
2974,12970,127,97,209.62,221,511.2
2975,19975,259,97,367.11,352,511.5
2976,12625,126,97,206.01,220,511.7
2977,13060,129,97,211.84,223,512.1
2978,12625,126,97,206.01,220,512.3
2979,13105,130,97,212.95,225,512.4
2980,12445,121,97,200.61,215,512.6
2981,12625,126,97,206.01,220,512.7
2982,14325,169,97,253.51,266,512.9
2983,12445,121,97,200.61,215,513.1
2984,11490,100,97,177.36,194,513.2
2985,11865,108,97,186.15,206,513.4
2986,12535,123,97,202.83,217,513.8
2987,13015,128,97,210.73,222,514.0
2988,12565,124,97,203.99,218,514.2
2989,12930,132,97,212.76,226,514.3
2990,12565,124,97,203.99,220,514.5
2991,12580,125,97,204.9,219,514.6
2992,13060,129,97,211.84,223,514.8
2993,12840,130,97,210.54,224,515.0
2994,11845,108,97,186.23,203,515.1
2995,12910,126,97,208.6,220,515.5
2996,12625,126,97,206.01,220,515.7
2997,12625,126,97,206.01,220,515.9
2998,12520,123,97,202.88,217,516.1
2999,11905,109,97,187.05,203,516.2
3000,13015,128,97,210.73,222,516.4
3001,12445,121,97,200.61,215,516.6
3002,12445,121,97,200.61,215,516.7
3003,12520,123,97,202.88,217,516.9
3004,11280,95,97,171.72,189,517.0
3005,12625,126,97,206.01,220,517.4
3006,12565,124,97,203.99,218,517.6
3007,11865,108,97,186.15,202,517.7
3008,13015,128,97,210.73,222,517.9
3009,12700,128,97,208.32,222,518.1
3010,12565,124,97,203.99,218,518.2
3011,14410,171,97,255.44,265,518.4
3012,12565,124,97,203.99,218,518.6
3013,11280,95,97,171.72,189,518.7
3014,12565,124,97,203.99,218,519.1
3015,12825,131,97,211.43,225,519.3
3016,12745,129,97,209.43,223,519.5
3017,12175,115,97,193.91,209,519.6
3018,12605,125,97,204.89,219,519.8
3019,13105,130,97,212.95,224,520.0
3020,13105,130,97,212.95,224,520.1
3021,12625,126,97,206.01,220,520.3
3022,13145,131,97,213.85,225,520.4
3023,13105,130,97,212.95,224,520.9
3024,13015,128,97,210.73,222,521.1
3025,12580,125,97,204.9,219,521.3
3026,13060,129,97,211.84,223,521.5
3027,12555,124,97,203.93,218,521.6
3028,12625,126,97,206.01,220,521.8
3029,12520,123,97,202.88,217,521.9
3030,12120,114,97,192.82,208,522.1
3031,12930,132,97,212.76,226,522.3
3032,14505,173,97,257.71,265,522.5
3033,15365,194,97,280.81,287,523.0
3034,12295,112,97,192.97,208,523.2
3035,12565,124,97,203.99,224,523.4
3036,14665,174,97,259.41,267,523.6
3037,12625,126,97,206.01,220,523.7
3038,12565,124,97,203.99,218,523.9
3039,13060,129,97,211.84,223,524.0
3040,13015,128,97,210.73,224,524.2
3041,12625,126,97,206.01,220,524.6
3042,12735,128,97,208.41,222,524.8
3043,12580,125,97,204.9,219,524.9
3044,12745,129,97,209.43,223,525.1
3045,12565,124,97,203.99,218,525.3
3046,12625,126,97,206.01,220,525.4
3047,11100,91,97,167.28,185,525.5
3048,12565,124,97,203.99,218,525.7
3049,12885,131,97,211.65,225,525.8
3050,12930,132,97,212.76,226,526.0
3051,12565,124,97,203.99,218,526.5
3052,12580,125,97,204.9,219,526.7
3053,12700,128,97,208.32,222,526.8
3054,13015,128,97,210.73,222,527.0
3055,12565,124,97,203.99,218,527.2
3056,12565,124,97,203.99,218,527.3
3057,13060,129,97,211.84,223,527.5
3058,14175,166,97,249.71,259,527.7
3059,12175,115,97,193.91,209,527.8
3060,13015,128,97,210.73,222,528.2
3061,12625,126,97,206.01,220,528.4
3062,14120,165,97,248.58,258,528.6
3063,13060,129,97,211.84,226,528.8
3064,12625,126,97,206.01,220,528.9
3065,14245,167,97,250.85,262,529.1
3066,12200,116,97,195.1,210,529.3
3067,13060,129,97,211.84,223,529.4
3068,12445,121,97,200.61,215,529.6
3069,12610,125,97,205.1,219,530.0
3070,12565,124,97,203.99,218,530.2
3071,10920,87,97,162.84,181,530.3
3072,13060,129,97,211.84,223,530.5
3073,13015,128,97,210.73,222,530.7
3074,12565,124,97,203.99,218,530.9
3075,14875,180,97,265.75,273,531.1
3076,12610,125,97,205.1,219,531.3
3077,12625,126,97,206.01,222,531.5
3078,13015,128,97,210.73,222,531.9
3079,15615,200,97,287.07,293,532.2
3080,12565,124,97,203.99,218,532.4
3081,12565,124,97,203.99,218,532.5
3082,12565,124,97,203.99,218,532.7
3083,12580,125,97,204.9,219,532.8
3084,13060,129,97,211.84,223,533.0
3085,13015,128,97,210.73,222,533.2
3086,11325,96,97,172.83,190,533.3
3087,12625,126,97,206.01,220,533.7
3088,13015,128,97,210.73,222,533.9
3089,12490,123,97,202.68,217,534.1
3090,12885,131,97,211.65,225,534.2
3091,13050,129,97,211.78,223,534.4
3092,12840,130,97,210.54,224,534.6
3093,12565,124,97,203.99,218,534.7
3094,12565,124,97,203.99,218,534.9
3095,13060,129,97,211.84,223,535.0
3096,13015,128,97,210.73,222,535.2
3097,12625,126,97,206.01,220,535.7
3098,12580,125,97,204.9,219,535.9
3099,13060,129,97,211.84,223,536.0
3100,12565,124,97,203.99,218,536.2
3101,12565,124,97,203.99,220,536.4
3102,15210,190,97,276.22,283,536.6
3103,12565,124,97,203.99,218,536.8
3104,15360,193,97,279.54,286,537.0
3105,12520,123,97,202.88,219,537.4
3106,12910,126,97,208.6,222,537.6
3107,11865,108,97,186.15,202,537.8
3108,12445,121,97,200.61,215,537.9
3109,12445,121,97,200.61,216,538.1
3110,12445,121,97,200.61,215,538.2
3111,13015,128,97,210.73,222,538.4
3112,13060,129,97,211.84,223,538.5
3113,12670,127,97,207.12,221,538.7
3114,11865,108,97,186.15,202,538.8
3115,12625,126,97,206.01,220,539.3
3116,13060,129,97,211.84,223,539.5
3117,13005,128,97,210.67,222,539.6
3118,15310,185,97,272.12,278,539.9
3119,13015,128,97,210.73,222,540.0
3120,12625,126,97,206.01,220,540.2
3121,12565,124,97,203.99,218,540.3
3122,13015,128,97,210.73,222,540.5
3123,13050,129,97,211.78,223,540.7
3124,12955,127,97,209.71,221,541.2
3125,12565,124,97,203.99,218,541.3
3126,12565,124,97,203.99,218,541.5
3127,12565,124,97,203.99,218,541.7
3128,12745,129,97,209.43,223,541.9
3129,12445,121,97,200.61,215,542.0
3130,12565,124,97,203.99,218,542.2
3131,12565,124,97,203.99,218,542.3
3132,12580,125,97,204.9,219,542.5
3133,11755,106,97,184.05,200,542.9
3134,12520,123,97,202.88,217,543.1
3135,12445,121,97,200.61,215,543.3
3136,12175,115,97,193.91,209,543.4
3137,12835,124,97,206.33,218,543.6
3138,13060,129,97,211.84,223,543.7
3139,12565,123,97,203.09,217,543.9
3140,12625,126,97,206.01,220,544.0
3141,12520,123,97,202.88,217,544.2
3142,12865,125,97,207.49,219,544.4
3143,13890,159,97,241.96,255,544.9
3144,12970,127,97,209.62,221,545.0
3145,12840,130,97,210.54,224,545.2
3146,12700,128,97,208.32,222,545.4
3147,12200,116,97,195.1,210,545.5
3148,12930,132,97,212.76,227,545.7
3149,12955,127,97,209.71,221,545.8
3150,12490,122,97,201.72,216,546.0
3151,12955,127,97,209.71,221,546.3
3152,11100,91,97,167.28,185,546.6
3153,15710,202,97,289.6,295,546.9
3154,12580,125,97,204.9,219,547.1
3155,12400,120,97,199.5,214,547.2
3156,12580,125,97,204.9,219,547.4
3157,9530,56,97,128.44,150,547.5
3158,14370,169,97,253.38,261,547.7
3159,13015,128,97,210.73,222,547.8
3160,11280,95,97,171.72,189,547.9
3161,9795,62,97,135.09,156,548.0
3162,12745,129,97,209.43,223,548.5
3163,19005,254,97,352.95,348,548.8
3164,13930,160,97,243.06,253,549.0
3165,15410,196,97,282.4,289,549.2
3166,12910,126,97,208.6,220,549.4
3167,12655,126,97,206.21,220,549.6
3168,14325,168,97,252.27,260,549.8
3169,12600,125,97,205.04,219,549.9
3170,20385,279,97,381.89,372,550.6
3171,12580,125,97,204.9,219,550.7
3172,12840,130,97,210.54,226,550.9
3173,11865,108,97,186.15,202,551.0
3174,12475,122,97,201.77,216,551.2
3175,12245,117,97,196.21,211,551.3
3176,12565,124,97,203.99,218,551.5
3177,12625,131,97,210.85,224,551.7
3178,12445,121,97,200.61,215,552.1
3179,23435,336,97,448.49,429,552.5
3180,12565,124,97,203.99,218,552.7
3181,10920,87,97,162.84,181,552.8
3182,15285,192,97,278.37,285,553.0
3183,12700,128,97,208.32,222,553.2
3184,13105,130,97,212.95,224,553.3
3185,12945,127,97,209.65,221,553.5
3186,15465,197,97,284.11,289,554.0
3187,12580,125,97,204.9,219,554.2
3188,12340,119,97,198.44,213,554.4
3189,12565,124,97,203.99,218,554.5
3190,14965,183,97,268.79,276,554.7
3191,15595,200,97,287.15,293,555.0
3192,12625,126,97,206.01,220,555.1
3193,15135,187,97,273.31,280,555.3
3194,14135,165,97,248.49,258,555.5
3195,12670,127,97,207.12,221,556.0
3196,13060,129,97,211.84,223,556.2
3197,22425,310,97,422.39,403,556.5
3198,13060,129,97,211.84,223,556.7
3199,12700,128,97,208.32,222,556.9
3200,13060,129,97,211.84,223,557.0
3201,17505,235,97,328.998,328,557.4
3202,12625,126,97,206.01,220,557.6
3203,12745,129,97,209.43,223,558.0
3204,12610,125,97,205.1,220,558.2
3205,12910,126,97,208.6,220,558.4
3206,11490,100,97,177.36,194,558.5
3207,14485,173,97,257.35,266,558.7
3208,12535,124,97,203.79,218,558.8
3209,11415,98,97,175.05,194,559.0
3210,12200,116,97,195.1,210,559.1
3211,14765,178,97,263.27,271,559.4
3212,12565,124,97,203.99,218,559.8
3213,14140,165,97,248.5,258,560.0
3214,13095,130,97,212.73,224,560.2
3215,12565,124,97,203.99,218,560.3
3216,12565,124,97,203.99,218,560.5
3217,14315,165,97,249.41,258,560.7
3218,12200,116,97,195.1,210,560.8
3219,12445,121,97,200.61,216,561.0
3220,12520,123,97,202.88,217,561.2
3221,12745,129,97,209.43,223,561.7
3222,12580,125,97,204.9,219,561.8
3223,17085,224,97,318.53,317,562.1
3224,14970,183,97,268.56,276,562.3
3225,20300,258,97,367.72,352,562.6
3226,12200,116,97,195.1,210,562.8
3227,12200,116,97,195.1,210,562.9
3228,13015,128,97,210.73,222,563.1
3229,12610,125,97,205.1,220,563.5
3230,12220,116,97,195.06,210,563.7
3231,14415,170,97,254.49,262,563.9
3232,15880,208,97,296.24,300,564.1
3233,12565,124,97,203.99,218,564.3
3234,12565,124,97,203.99,218,564.4
3235,12885,131,97,211.65,225,564.6
3236,13015,128,97,210.73,222,564.7
3237,11100,91,97,167.28,185,564.9
3238,12610,125,97,205.1,219,565.4
3239,13060,129,97,211.84,223,565.5
3240,12445,121,97,200.61,215,565.7
3241,14440,172,97,256.22,265,565.9
3242,8900,41,97,111.5,138,566.0
3243,15680,202,97,289.14,295,566.2
3244,12700,128,97,208.32,222,566.4
3245,12565,124,97,203.99,218,566.5
3246,15175,188,97,274.25,281,566.7
3247,15255,191,97,277.19,284,567.3
3248,12520,123,97,202.88,217,567.4
3249,12580,125,97,204.9,221,567.6
3250,12910,126,97,208.6,220,567.7
3251,13970,161,97,244.12,254,568.0
3252,12790,123,97,205.22,217,568.1
3253,12625,126,97,206.01,220,568.3
3254,12490,122,97,201.72,216,568.4
3255,12665,126,97,206.15,220,568.6
3256,12625,131,97,210.85,224,569.1
3257,13015,128,97,210.73,222,569.2
3258,12625,126,97,206.01,220,569.4
3259,12910,126,97,208.6,220,569.6
3260,12200,116,97,195.1,210,569.7
3261,13975,161,97,244.17,254,569.9
3262,12580,125,97,204.9,219,570.1
3263,12625,126,97,206.01,220,570.2
3264,14855,180,97,265.59,273,570.7
3265,16245,204,97,293.51,297,571.0
3266,13015,128,97,210.73,222,571.1
3267,12475,122,97,201.81,216,571.3
3268,12200,116,97,195.1,210,571.4
3269,12930,132,97,212.76,226,571.6
3270,12565,124,97,203.99,218,571.8
3271,15804,198,97,287.02,291,572.0
3272,11505,100,97,177.27,194,572.1
3273,8935,42,97,112.55,139,572.2
3274,12745,129,97,209.43,223,572.7
3275,14090,164,97,247.4,257,572.9
3276,12700,128,97,208.32,222,573.1
3277,12565,124,97,203.99,218,573.2
3278,15894,202,97,290.94,295,573.5
3279,12565,124,97,203.99,218,573.6
3280,15120,183,97,269.54,276,573.8
3281,12625,126,97,206.01,220,574.0
3282,12745,129,97,209.43,223,574.4
3283,12175,115,97,193.91,209,574.6
3284,12735,129,97,209.37,223,574.8
3285,12930,132,97,212.76,226,575.0
3286,15605,199,97,286.09,292,575.2
3287,12625,126,97,206.01,222,575.4
3288,12865,125,97,207.49,219,575.5
3289,12655,127,97,207.21,221,575.7
3290,12745,129,97,209.43,223,575.8
3291,12200,116,97,195.1,210,576.3
3292,10920,87,97,162.84,181,576.4
3293,13105,130,97,212.95,224,576.6
3294,12565,124,97,203.99,218,576.7
3295,10920,87,97,162.84,181,576.8
3296,15415,194,97,280.75,287,577.1
3297,12625,126,97,206.01,220,577.2
3298,12565,124,97,203.99,218,577.4
3299,12580,125,97,204.9,219,577.6
3300,9160,48,97,119.0,143,577.6
3301,11100,91,97,167.28,185,578.0
3302,12565,124,97,203.99,218,578.2
3303,12580,125,97,204.9,219,578.4
3304,15140,187,97,273.22,280,578.6
3305,14010,162,97,245.22,255,578.8
3306,12735,128,97,208.41,222,578.9
3307,11940,110,97,188.46,204,579.1
3308,14890,182,97,267.8,275,579.3
3309,16630,225,97,314.48,318,579.8
3310,12885,131,97,211.65,225,580.1
3311,13015,128,97,210.73,222,580.2
3312,12520,123,97,202.88,217,580.4
3313,15430,195,97,281.76,289,580.6
3314,12445,121,97,200.61,215,580.7
3315,12565,124,97,203.99,218,580.9
3316,12910,126,97,208.6,220,581.1
3317,12735,128,97,208.41,222,581.3
3318,11325,96,97,172.83,190,581.7
3319,13060,128,97,210.78,222,581.9
3320,12625,126,97,206.01,220,582.1
3321,12565,124,97,203.99,218,582.3
3322,12700,128,97,208.32,222,582.4
3323,13060,129,97,211.84,224,582.6
3324,12700,128,97,208.32,222,582.7
3325,12670,127,97,207.12,221,582.9
3326,13060,129,97,211.84,223,583.1
3327,12195,116,97,195.05,210,583.3
3328,12700,128,97,208.32,222,583.7
3329,14680,174,97,259.16,267,583.9
3330,13015,128,97,210.73,222,584.1
3331,13055,135,97,216.23,229,584.3
3332,12670,127,97,207.12,221,584.5
3333,12580,125,97,204.9,219,584.6
3334,12745,129,97,209.43,223,584.8
3335,12580,125,97,204.9,219,585.0
3336,12175,115,97,193.91,209,585.1
3337,12565,124,97,203.99,218,585.6
3338,12625,126,97,206.01,222,585.8
3339,13060,129,97,211.84,223,585.9
3340,12790,130,97,210.54,224,586.1
3341,12520,123,97,202.88,218,586.2
3342,11280,95,97,171.72,189,586.3
3343,12445,121,97,200.61,215,586.5
3344,12580,125,97,204.9,219,586.7
3345,15120,187,97,273.1,280,586.9
3346,14800,179,97,264.34,273,587.5
3347,13060,129,97,211.84,223,587.7
3348,12660,127,97,207.06,221,587.8
3349,12745,129,97,209.43,223,588.0
3350,12200,116,97,195.1,211,588.1
3351,14135,165,97,248.51,258,588.4
3352,11895,109,97,187.35,203,588.5
3353,12565,124,97,203.99,218,588.7
3354,12565,124,97,203.99,218,588.8
3355,13105,130,97,212.95,224,589.2
3356,12625,126,97,206.01,220,589.4
3357,13015,128,97,210.73,222,589.6
3358,12565,124,97,203.99,218,589.7
3359,12625,126,97,206.01,223,589.9
3360,13015,128,97,210.73,222,590.1
3361,15000,184,97,269.74,277,590.3
3362,12565,124,97,203.99,218,590.5
3363,12565,124,97,203.99,218,590.6
3364,13015,128,97,210.73,223,591.0
3365,12700,128,97,208.32,222,591.2
3366,12580,125,97,204.9,219,591.4
3367,12625,126,97,206.01,220,591.6
3368,13015,128,97,210.73,222,591.7
3369,12805,129,97,209.49,223,591.9
3370,12565,124,97,203.99,218,592.0
3371,12625,126,97,206.01,220,592.2
3372,12565,124,97,203.99,218,592.4
3373,13015,128,97,210.73,222,592.8
3374,13060,129,97,211.84,223,593.0
3375,12625,126,97,206.01,220,593.2
3376,12955,127,97,209.71,221,593.4
3377,12520,123,97,202.88,217,593.5
3378,13015,128,97,210.73,222,593.7
3379,12580,125,97,204.9,219,593.9
3380,13015,128,97,210.73,222,594.1
3381,11865,108,97,186.15,202,594.2
3382,12565,124,97,203.99,218,594.4
3383,12200,116,97,195.1,210,594.8
3384,13060,129,97,211.84,223,595.0
3385,13015,128,97,210.73,222,595.1
3386,13060,129,97,211.84,223,595.3
3387,14095,164,97,247.55,257,595.5
3388,13060,129,97,211.84,223,595.7
3389,12445,121,97,200.61,216,595.8
3390,15125,187,97,273.11,280,596.1
3391,12580,125,97,204.9,219,596.2
3392,12490,122,97,201.72,216,596.6
3393,14720,177,97,262.16,271,596.8
3394,13015,128,97,210.73,222,597.0
3395,12565,124,97,203.99,218,597.2
3396,8935,42,97,112.55,139,597.2
3397,12565,124,97,203.99,218,597.4
3398,13050,129,97,211.78,223,597.6
3399,12200,116,97,195.1,210,597.7
3400,13060,129,97,211.84,223,597.9
3401,12565,124,97,203.99,218,598.4
3402,12930,132,97,212.76,226,598.6
3403,12565,124,97,203.99,218,598.7
3404,13060,129,97,211.84,223,598.9
3405,13105,130,97,212.95,224,599.0
3406,12955,127,97,209.71,221,599.2
3407,12930,132,97,212.76,226,599.4
3408,12840,130,97,210.54,224,599.5
3409,12625,126,97,206.01,220,599.7
3410,15000,184,97,269.76,278,600.2
3411,12565,124,97,203.99,218,600.4
3412,12745,129,97,209.43,223,600.6
3413,15040,185,97,270.84,279,600.8
3414,13015,128,97,210.73,222,601.0
3415,12520,123,97,202.88,217,601.1
3416,12565,124,97,203.99,218,601.3
3417,13060,129,97,211.84,223,601.4
3418,12745,129,97,209.43,223,601.6
3419,12565,124,97,203.99,218,602.1
3420,12700,128,97,208.32,222,602.2
3421,12745,129,97,209.43,223,602.4
3422,11550,101,97,178.38,195,602.5
3423,13015,128,97,210.73,222,602.7
3424,13060,129,97,211.84,223,602.9
3425,12670,127,97,207.12,221,603.0
3426,12970,127,97,209.62,221,603.2
3427,15480,196,97,282.82,291,603.5
3428,12625,126,97,206.01,220,603.9
3429,12700,128,97,208.32,222,604.1
3430,12700,128,97,208.32,222,604.2
3431,12175,115,97,193.91,209,604.4
3432,12535,123,97,202.83,217,604.6
3433,12535,124,97,203.79,218,604.7
3434,12625,126,97,206.01,220,604.9
3435,12910,126,97,208.6,220,605.0
3436,12160,115,97,194.0,209,605.2
3437,12625,126,97,206.01,220,605.6
3438,12670,127,97,207.12,221,605.8
3439,12625,126,97,206.01,220,606.0
3440,11280,95,97,171.72,189,606.1
3441,18970,254,97,352.24,347,606.4
3442,12520,123,97,202.88,217,606.6
3443,13015,128,97,210.73,222,606.8
3444,12565,124,97,203.99,218,606.9
3445,12610,125,97,205.1,219,607.1
3446,13060,129,97,211.84,223,607.5
3447,12840,130,97,210.54,224,607.7
3448,12620,126,97,205.8,220,607.9
3449,12175,115,97,193.91,209,608.0
3450,12610,125,97,205.1,219,608.2
3451,12885,131,97,211.65,225,608.4
3452,13060,129,97,211.84,223,608.5
3453,15365,194,97,280.55,287,608.8
3454,12565,124,97,203.99,220,608.9
3455,12565,124,97,203.99,218,609.4
3456,12625,125,97,205.01,219,609.6
3457,15090,186,97,271.96,280,609.8
3458,12745,129,97,209.43,223,610.0
3459,13015,128,97,210.73,222,610.1
3460,14010,162,97,245.22,255,610.3
3461,13060,129,97,211.84,223,610.5
3462,15225,190,97,276.59,283,610.7
3463,12565,124,97,203.99,218,610.9
3464,12700,128,97,208.32,222,611.4
3465,12625,126,97,206.01,220,611.6
3466,20680,282,97,386.24,375,611.9
3467,15040,185,97,270.84,279,612.1
3468,11280,95,97,171.72,189,612.3
3469,12565,124,97,203.99,218,612.4
3470,13015,128,97,210.73,222,612.6
3471,11550,101,97,178.38,197,612.7
3472,12625,126,97,206.01,220,612.9
3473,12535,123,97,202.83,217,613.3
3474,12220,116,97,195.02,210,613.5
3475,12445,121,97,200.61,215,613.6
3476,14725,177,97,262.17,271,613.9
3477,11865,108,97,186.15,202,614.0
3478,12580,125,97,204.9,219,614.2
3479,12955,127,97,209.71,221,614.3
3480,11865,108,97,186.15,202,614.5
3481,12700,128,97,208.32,222,614.6
3482,13890,159,97,241.96,252,615.1
3483,12865,125,97,207.49,219,615.3
3484,12520,123,97,202.88,217,615.5
3485,12625,126,97,206.01,220,615.6
3486,14610,174,97,258.82,268,615.8
3487,12565,124,97,203.99,218,616.0
3488,14380,171,97,255.06,264,616.2
3489,12610,125,97,205.1,219,616.4
3490,13060,129,97,211.84,223,616.5
3491,12700,128,97,208.32,222,617.0
3492,12910,126,97,208.6,220,617.2
3493,12700,128,97,208.32,222,617.4
3494,12535,123,97,202.83,217,617.5
3495,12700,121,97,202.96,215,617.7
3496,12700,128,97,208.32,222,617.8
3497,14220,166,97,250.14,258,618.0
3498,13060,129,97,211.84,223,618.2
3499,13060,129,97,211.84,223,618.4
3500,13015,128,97,210.73,222,618.8
3501,12520,123,97,202.88,217,619.0
3502,15210,190,97,276.28,283,619.2
3503,13015,128,97,210.73,222,619.4
3504,11865,108,97,186.15,202,619.5
3505,12520,123,97,202.88,217,619.7
3506,13060,129,97,211.84,223,619.8
3507,12565,124,97,203.99,218,620.0
3508,13060,129,97,211.84,223,620.2
3509,12625,126,97,206.01,220,620.6
3510,16180,213,97,301.68,306,620.8
3511,15200,187,97,273.22,280,621.1
3512,15210,190,97,276.28,283,621.3
3513,12565,124,97,203.99,218,621.5
3514,10920,87,97,162.84,181,621.6
3515,12520,123,97,202.88,217,621.7
3516,12580,125,97,204.9,219,621.9
3517,12565,124,97,203.99,218,622.4
3518,11235,94,97,170.61,188,622.5
3519,12625,126,97,206.01,220,622.7
3520,13015,128,97,210.73,222,622.8
3521,12445,121,97,200.61,215,623.0
3522,15020,185,97,270.9,279,623.2
3523,13015,128,97,210.73,222,623.4
3524,15460,196,97,282.86,289,623.6
3525,12745,129,97,209.43,223,623.8
3526,12735,128,97,208.41,222,624.3
3527,12700,128,97,208.32,222,624.5
3528,14010,162,97,245.22,255,624.7
3529,12200,116,97,195.1,210,624.8
3530,12745,129,97,209.43,223,625.0
3531,12625,126,97,206.01,220,625.2
3532,12955,127,97,209.71,221,625.3
3533,12865,125,97,207.49,219,625.5
3534,12700,128,97,208.32,222,625.6
3535,12625,126,97,206.01,220,626.1
3536,12865,125,97,207.49,219,626.2
3537,12670,127,97,207.12,221,626.4
3538,13015,128,97,210.73,222,626.6
3539,19530,263,97,364.524,356,626.9
3540,13015,128,97,210.73,222,627.0
3541,15490,196,97,282.88,289,627.3
3542,12700,128,97,208.32,222,627.4
3543,12745,129,97,209.43,223,627.6
3544,12580,125,97,204.9,219,628.0
3545,12445,121,97,200.61,215,628.2
3546,12910,126,97,208.6,220,628.4
3547,14180,166,97,249.6,259,628.5
3548,13060,129,97,211.84,223,628.7
3549,12490,122,97,201.72,216,628.9
3550,12625,126,97,206.01,220,629.0
3551,12200,116,97,195.1,210,629.2
3552,12735,128,97,208.41,222,629.4
3553,12745,129,97,209.43,223,629.8
3554,12625,126,97,206.01,220,630.0
3555,14800,179,97,264.34,272,630.2
3556,12700,128,97,208.32,222,630.4
3557,12445,121,97,200.61,215,630.5
3558,12445,121,97,200.61,216,630.7
3559,14280,168,97,252.16,260,630.9
3560,12625,126,97,206.01,220,631.0
3561,12700,128,97,208.32,222,631.2
3562,14720,177,97,262.16,271,631.7
3563,12745,129,97,209.43,223,631.9
3564,12855,131,97,211.39,227,632.0
3565,14805,180,97,265.65,273,632.2
3566,12955,127,97,209.71,221,632.4
3567,12155,115,97,193.99,211,632.6
3568,10920,87,97,162.84,181,632.7
3569,12970,127,97,209.62,221,632.8
3570,12700,128,97,208.32,222,633.0
3571,15530,199,97,286.38,291,633.5
3572,10920,87,97,162.84,181,633.6
3573,12745,129,97,209.43,223,633.8
3574,12670,127,97,207.12,221,634.0
3575,13970,161,97,244.12,254,634.2
3576,12735,128,97,208.41,222,634.4
3577,12485,122,97,201.71,216,634.5
3578,12200,116,97,195.1,210,634.7
3579,14920,182,97,267.68,275,634.9
3580,12700,128,97,208.32,222,635.3
3581,12745,129,97,209.43,223,635.5
3582,13015,128,97,210.73,222,635.6
3583,12780,129,97,209.52,223,635.8
3584,11895,109,97,187.35,203,636.0
3585,10920,87,97,162.84,181,636.1
3586,15155,187,97,273.13,280,636.3
3587,12670,127,97,207.12,222,636.4
3588,12155,115,97,193.99,209,636.6
3589,12700,128,97,208.32,222,637.0
3590,11280,95,97,171.72,189,637.2
3591,11135,92,97,168.33,186,637.3
3592,11895,109,97,187.35,203,637.4
3593,10920,87,97,162.84,181,637.5
3594,15335,193,97,279.59,286,637.8
3595,9005,44,97,114.99,138,637.9
3596,14960,183,97,268.78,276,638.1
3597,13015,128,97,210.73,222,638.2
3598,12955,127,97,209.71,221,638.4
3599,12975,133,97,213.87,227,638.9
3600,12155,115,97,193.99,209,639.0
3601,12565,124,97,203.99,218,639.2
3602,12565,124,97,203.99,218,639.4
3603,12885,131,97,211.65,225,639.5
3604,13060,129,97,211.84,223,639.7
3605,13015,128,97,210.73,222,639.8
3606,11865,108,97,186.15,202,640.0
3607,15440,195,97,281.72,288,640.2
3608,11865,108,97,186.15,202,640.7
3609,13000,128,97,210.82,222,640.8
3610,12700,128,97,208.32,222,641.0
3611,12955,127,97,209.71,221,641.2
3612,12205,116,97,195.11,210,641.3
3613,12735,128,97,208.41,222,641.5
3614,27424,370,97,509.66,463,641.9
3615,12700,128,97,208.32,222,642.1
3616,13015,128,97,210.73,222,642.6
3617,15360,193,97,279.54,286,642.8
3618,12700,121,97,202.96,215,643.0
3619,15560,198,97,285.14,291,643.2
3620,12700,128,97,208.32,222,643.4
3621,12745,129,97,209.43,223,643.5
3622,12155,115,97,193.99,209,643.7
3623,8900,41,97,111.5,138,643.8
3624,13015,128,97,210.73,222,643.9
3625,13015,128,97,210.73,222,644.4
3626,14860,181,97,266.66,274,644.7
3627,12565,124,97,203.99,218,644.9
3628,14950,182,97,267.66,275,645.1
3629,13015,128,97,210.73,222,645.2
3630,12625,126,97,206.01,220,645.4
3631,12735,128,97,208.41,222,645.6
3632,12745,129,97,209.43,223,645.7
3633,12580,125,97,204.9,219,645.9
3634,12625,126,97,206.01,220,646.3
3635,12565,124,97,203.99,218,646.5
3636,12745,129,97,209.43,223,646.6
3637,12700,128,97,208.32,222,646.8
3638,15200,189,97,275.16,283,647.0
3639,11865,108,97,186.15,202,647.2
3640,14920,182,97,267.68,275,647.4
3641,12840,130,97,210.54,224,647.6
3642,12565,124,97,203.99,218,647.7
3643,12175,115,97,193.91,209,648.2
3644,15320,192,97,278.44,285,648.4
3645,12955,127,97,209.71,221,648.6
3646,13015,128,97,210.73,224,648.7
3647,13015,128,97,210.73,222,648.9
3648,12670,127,97,207.12,221,649.0
3649,15000,184,97,269.84,277,649.3
3650,12745,129,97,209.43,223,649.4
3651,10920,87,97,162.84,181,649.6
3652,12910,126,97,208.6,220,650.1
3653,12955,127,97,209.71,221,650.3
3654,15285,191,97,277.45,284,650.5
3655,12840,130,97,210.54,224,650.7
3656,12700,128,97,208.32,222,650.8
3657,15080,186,97,272.0,279,651.0
3658,15440,195,97,281.72,288,651.3
3659,12700,128,97,208.32,222,651.4
3660,15260,190,97,276.42,283,652.0
3661,12700,128,97,208.32,222,652.1
3662,12735,133,97,213.11,226,652.3
3663,12930,132,97,212.76,226,652.5
3664,13015,128,97,210.73,222,652.6
3665,15410,194,97,280.66,287,652.9
3666,12910,126,97,208.6,220,653.0
3667,12625,126,97,206.01,220,653.2
3668,12700,128,97,208.32,222,653.3
3669,12745,129,97,209.43,223,653.8
3670,12700,128,97,208.32,222,653.9
3671,12700,128,97,208.32,222,654.1
3672,12625,126,97,206.01,220,654.3
3673,15405,194,97,280.67,287,654.5
3674,13015,128,97,210.73,222,654.7
3675,12700,128,97,208.32,222,654.8
3676,15360,193,97,279.54,286,655.2
3677,12625,126,97,206.01,220,655.6
3678,12745,129,97,209.43,223,655.8
3679,12565,124,97,203.99,218,655.9
3680,15360,193,97,279.54,286,656.1
3681,13015,128,97,210.73,222,656.3
3682,13060,129,97,211.84,223,656.5
3683,12625,126,97,206.01,220,656.6
3684,12840,130,97,210.54,224,656.8
3685,12700,128,97,208.32,222,657.0
3686,12700,128,97,208.32,222,657.4
3687,13015,128,97,210.73,222,657.6
3688,12565,124,97,203.99,218,657.8
3689,15440,195,97,281.72,288,658.0
3690,12565,124,97,203.99,218,658.2
3691,15485,196,97,282.83,289,658.4
3692,13060,129,97,211.84,223,658.6
3693,15080,186,97,271.92,281,658.8
3694,15360,193,97,279.56,286,659.4
3695,12535,123,97,202.83,217,659.6
3696,12910,126,97,208.6,220,659.7
3697,12535,123,97,202.83,217,659.9
3698,14950,182,97,267.66,275,660.1
3699,15450,195,97,281.76,288,660.4
3700,12520,123,97,202.88,217,660.5
3701,11865,108,97,186.15,202,660.7
3702,12625,126,97,206.01,220,660.9
3703,15405,194,97,280.65,287,661.4
3704,15485,196,97,282.81,289,661.6
3705,12625,126,97,206.01,220,661.8
3706,12565,124,97,203.99,218,661.9
3707,12625,126,97,206.01,220,662.1
3708,12625,126,97,206.01,220,662.2
3709,15360,193,97,279.54,286,662.5
3710,12565,124,97,203.99,218,662.6
3711,12625,126,97,206.01,220,662.8
3712,13015,128,97,210.73,222,663.3
3713,12625,126,97,206.01,220,663.5
3714,14720,177,97,262.16,271,663.7
3715,12490,122,97,201.72,216,663.8
3716,12700,128,97,208.32,222,664.0
3717,15360,193,97,279.54,286,664.2
3718,11865,108,97,186.15,202,664.4
3719,13060,129,97,211.84,223,664.5
3720,12565,124,97,203.99,218,665.0
3721,12910,126,97,208.6,220,665.2
3722,15460,196,97,282.88,289,665.4
3723,12160,115,97,194.0,209,665.6
3724,12520,123,97,202.88,217,665.8
3725,15360,193,97,279.54,286,666.0
3726,12565,124,97,203.99,218,666.2
3727,12625,126,97,206.01,222,666.3
3728,12700,128,97,208.32,222,666.5
3729,15360,193,97,279.54,286,667.0
3730,12625,126,97,206.01,220,667.2
3731,12625,126,97,206.01,220,667.4
3732,12745,129,97,209.43,223,667.5
3733,12745,129,97,209.43,223,667.7
3734,13015,128,97,210.73,222,667.8
3735,13060,129,97,211.84,223,668.0
3736,13015,128,97,210.73,222,668.2
3737,15115,187,97,273.01,280,668.4
3738,12565,124,97,203.99,218,668.9
3739,13055,135,97,216.23,229,669.0
3740,12625,126,97,206.01,220,669.2
3741,12625,126,97,206.01,220,669.4
3742,12580,125,97,204.9,219,669.5
3743,15405,194,97,280.65,287,669.8
3744,15450,195,97,281.76,288,670.0
3745,14065,163,97,246.35,256,670.2
3746,15150,187,97,273.1,280,670.7
3747,14920,182,97,267.68,275,670.9
3748,12445,121,97,200.61,215,671.1
3749,12160,115,97,194.0,209,671.2
3750,13060,129,97,211.84,223,671.4
3751,12200,116,97,195.1,210,671.6
3752,12565,124,97,203.99,218,671.7
3753,15405,194,97,280.65,287,671.9
3754,12580,125,97,204.9,219,672.1
3755,12490,122,97,201.72,216,672.5
3756,12625,126,97,206.01,220,672.7
3757,12445,121,97,200.61,217,672.9
3758,8700,35,97,105.3,132,673.0
3759,15160,188,97,274.14,281,673.2
3760,12445,121,97,200.61,215,673.3
3761,12910,126,97,208.6,220,673.5
3762,13015,128,97,210.73,222,673.7
3763,12970,127,97,209.62,221,673.8
3764,12745,129,97,209.43,223,674.3
3765,12700,128,97,208.32,222,674.5
3766,12745,129,97,209.43,223,674.6
3767,18144,251,97,346.0,344,674.9
3768,15360,193,97,279.54,286,675.2
3769,14815,180,97,265.55,273,675.4
3770,12625,126,97,206.01,220,675.5
3771,15405,194,97,280.65,287,675.7
3772,15190,188,97,274.18,283,676.3
3773,12580,125,97,204.9,219,676.5
3774,18300,245,97,340.52,338,676.7
3775,12625,126,97,206.01,220,676.9
3776,12625,126,97,206.01,220,677.1
3777,12445,121,97,200.61,215,677.2
3778,12580,125,97,204.9,219,677.4
3779,14920,182,97,267.56,276,677.6
3780,12565,124,97,203.99,218,677.8
3781,13015,128,97,210.73,222,678.3
3782,12445,121,97,200.61,215,678.4
3783,12625,126,97,206.01,220,678.6
3784,12610,125,97,205.1,219,678.7
3785,12700,128,97,208.32,222,678.9
3786,12205,116,97,195.11,210,679.1
3787,12625,126,97,206.01,220,679.2
3788,12625,126,97,206.01,220,679.4
3789,12625,126,97,206.01,220,679.5
3790,12520,123,97,202.88,217,680.0
3791,12625,126,97,206.01,220,680.2
3792,12745,129,97,209.43,223,680.3
3793,15060,185,97,271.0,278,680.6
3794,12745,129,97,209.43,223,680.7
3795,12910,126,97,208.6,220,680.9
3796,12625,126,97,206.01,220,681.0
3797,11865,108,97,186.15,202,681.2
3798,15405,194,97,280.65,287,681.4
3799,13060,129,97,211.84,223,681.9
3800,15645,192,97,279.87,285,682.2
3801,13015,128,97,210.73,222,682.4
3802,13015,128,97,210.73,222,682.5
3803,12930,132,97,212.76,226,682.7
3804,15800,204,97,291.82,297,682.9
3805,15360,193,97,279.54,286,683.2
3806,12625,126,97,206.01,220,683.3
3807,13015,128,97,210.73,222,683.8
3808,12565,124,97,203.99,218,684.0
3809,14720,177,97,262.16,270,684.2
3810,12445,121,97,200.61,215,684.3
3811,13015,128,97,210.73,222,684.5
3812,15285,191,97,277.63,284,684.7
3813,12625,126,97,206.01,220,684.9
3814,15160,188,97,274.34,281,685.1
3815,15050,185,97,271.0,278,685.5
3816,13015,128,97,210.73,222,685.7
3817,12745,129,97,209.43,223,685.9
3818,12745,128,97,208.53,222,686.0
3819,12565,124,97,203.99,218,686.2
3820,12930,132,97,212.76,226,686.3
3821,12580,125,97,204.9,219,686.5
3822,13015,128,97,210.73,222,686.7
3823,13060,129,97,211.84,223,686.8
3824,14200,165,97,248.78,258,687.2
3825,12445,121,97,200.61,215,687.4
3826,12565,124,97,203.99,218,687.6
3827,12745,129,97,209.43,223,687.8
3828,12955,127,97,209.71,221,687.9
3829,13015,128,97,210.73,222,688.1
3830,15240,190,97,276.56,284,688.3
3831,12580,125,97,204.9,219,688.5
3832,12625,126,97,206.01,220,688.7
3833,17238,234,97,326.3,327,689.2
3834,12625,126,97,206.01,220,689.4
3835,12445,121,97,200.61,215,689.5
3836,12910,126,97,208.6,220,689.7
3837,12445,121,97,200.61,215,689.8
3838,16079,208,97,297.81,301,690.1
3839,12445,121,97,200.61,217,690.3
3840,12625,126,97,206.01,220,690.4
3841,12610,125,97,205.1,219,690.6
3842,12200,116,97,195.1,210,691.0
3843,12520,123,97,202.88,217,691.2
3844,12625,126,97,206.01,220,691.4
3845,12580,125,97,204.9,219,691.5
3846,17765,234,97,328.822,756,692.4
3847,16070,211,97,299.56,303,692.6
3848,13015,128,97,210.73,222,693.1
3849,12625,126,97,206.01,220,693.3
3850,17301,221,97,315.19,314,693.5
3851,13060,129,97,211.84,223,693.7
3852,13015,128,97,210.73,222,693.9
3853,12625,126,97,206.01,220,694.1
3854,15820,204,97,291.78,297,694.3
3855,21305,293,97,399.91,386,694.6
3856,15534,193,97,280.98,286,695.2
3857,12565,124,97,203.99,218,695.4
3858,13060,129,97,211.68,223,695.5
3859,11280,95,97,171.72,189,695.7
3860,15503,194,97,282.05,287,695.9
3861,12745,129,97,209.43,223,696.1
3862,12610,124,97,204.04,218,696.3
3863,13015,128,97,210.73,222,696.4
3864,13015,128,97,210.73,222,696.6
3865,16170,204,97,293.24,297,697.2
3866,13015,128,97,210.73,222,697.4
3867,13060,129,97,211.84,223,697.6
3868,8870,40,97,110.3,138,697.6
3869,16100,212,97,300.54,305,697.9
3870,12800,129,97,209.44,223,698.1
3871,12565,124,97,203.99,218,698.3
3872,13015,128,97,210.73,222,698.4
3873,16410,207,97,300.0,300,698.7
3874,14370,169,97,253.38,261,699.3
3875,12565,124,97,203.99,218,699.5
3876,12930,132,97,212.76,226,699.7
3877,12565,124,97,203.99,218,699.9
3878,12565,124,97,203.99,218,700.1
3879,12745,129,97,209.43,223,700.2
3880,10875,86,97,161.73,180,700.3
3881,13015,128,97,210.73,222,700.5
3882,12565,124,97,203.99,218,700.7
3883,14270,167,97,251.08,260,701.2
3884,12625,126,97,206.01,220,701.4
3885,12580,125,97,204.9,219,701.5
3886,13060,129,97,211.84,223,701.7
3887,15050,185,97,270.9,279,702.0
3888,15702,199,97,287.36,292,702.2
3889,15700,198,97,286.9,290,702.5
3890,12565,124,97,203.99,220,702.6
3891,13060,129,97,211.84,223,703.1
3892,12565,124,97,203.99,218,703.3
3893,16280,217,97,305.52,310,703.5
3894,12565,124,97,203.99,218,703.7
3895,8765,37,97,107.35,134,703.8
3896,13015,128,97,210.73,222,703.9
3897,12565,124,97,203.99,218,704.1
3898,15085,186,97,271.91,279,704.3
3899,13015,128,97,210.73,222,704.5
3900,12625,126,97,206.01,220,704.9
3901,15395,191,97,278.11,284,705.2
3902,12445,121,97,200.61,215,705.4
3903,12930,132,97,212.76,226,705.6
3904,12700,128,97,208.32,222,705.7
3905,12745,129,97,209.43,223,705.9
3906,15900,206,97,293.96,299,706.2
3907,13015,128,97,210.73,222,706.4
3908,12745,129,97,209.43,223,706.6
3909,12910,126,97,208.6,220,707.0
3910,12565,124,97,203.99,218,707.2
3911,12565,124,97,203.99,218,707.4
3912,13060,129,97,211.84,225,707.6
3913,12930,132,97,212.76,226,707.7
3914,13060,129,97,211.84,223,707.9
3915,13060,129,97,211.84,223,708.1
3916,12930,132,97,212.76,226,708.2
3917,12565,124,97,203.99,218,708.4
3918,12625,126,97,206.01,220,708.9
3919,12610,125,97,205.1,219,709.1
3920,13060,129,97,211.84,223,709.3
3921,16470,217,97,307.52,310,709.5
3922,18037,253,97,347.21,346,709.9
3923,17237,228,97,321.01,321,710.1
3924,12625,126,97,206.01,220,710.3
3925,16304,213,97,302.58,306,710.8
3926,12445,121,97,200.61,215,711.1
3927,12955,127,97,209.71,221,711.3
3928,12520,123,97,202.88,217,711.4
3929,12565,124,97,203.99,218,711.6
3930,12745,129,97,209.43,223,711.8
3931,12745,129,97,209.43,223,711.9
3932,16370,214,97,303.76,307,712.2
3933,12565,124,97,203.99,218,712.4
3934,16299,212,97,301.97,305,713.0
3935,12625,126,97,206.01,220,713.2
3936,12625,126,97,206.01,220,713.3
3937,16045,211,97,299.49,303,713.6
3938,16469,219,97,309.51,311,713.9
3939,12700,128,97,208.32,222,714.1
3940,12565,124,97,203.99,218,714.2
3941,12625,126,97,206.01,220,714.4
3942,15457,191,97,279.23,283,715.0
3943,13015,128,97,210.73,222,715.2
3944,12955,127,97,209.71,221,715.4
3945,13015,128,97,210.73,222,715.5
3946,17043,226,97,318.39,319,715.8
3947,13060,129,97,211.84,223,716.0
3948,14325,169,97,253.27,261,716.2
3949,12490,122,97,201.72,216,716.4
3950,12565,124,97,203.99,218,716.6
3951,16354,217,97,306.9,310,717.2
3952,17170,225,97,317.12,318,717.5
3953,13015,128,97,210.73,222,717.7
3954,13015,128,97,210.73,222,717.8
3955,10785,84,97,159.51,180,718.0
3956,12565,124,97,203.99,218,718.1
3957,13060,129,97,211.84,223,718.3
3958,11490,100,97,177.36,194,718.4
3959,16510,223,97,312.64,327,719.0
3960,12625,126,97,206.25,220,719.2
3961,16529,219,97,309.31,312,719.5
3962,12565,124,97,203.99,218,719.7
3963,12565,124,97,203.99,218,719.8
3964,16958,229,97,320.34,322,720.1
3965,15604,194,97,282.26,287,720.4
3966,12445,121,97,200.61,215,720.5
3967,12625,126,97,206.01,220,720.9
3968,12750,128,97,208.24,222,721.1
3969,13015,128,97,210.73,222,721.3
3970,17030,234,97,325.32,370,721.7
3971,21270,294,97,402.48,388,722.0
3972,18006,252,97,346.72,345,722.4
3973,12200,116,97,195.1,210,722.5
3974,13015,128,97,210.73,222,722.7
3975,12625,126,97,206.25,220,723.2
3976,12565,124,97,203.99,218,723.4
3977,13015,128,97,210.73,222,723.6
3978,13015,128,97,210.73,222,723.8
3979,12565,124,97,203.99,218,724.0
3980,12625,126,97,206.01,220,724.1
3981,12840,130,97,210.54,224,724.3
3982,13060,129,97,211.84,223,724.5
3983,16819,223,97,314.59,316,725.0
3984,12565,124,97,203.99,218,725.2
3985,19294,285,97,382.36,470,725.7
3986,12610,125,97,205.1,219,725.9
3987,12970,127,97,209.62,223,726.1
3988,12580,125,97,204.9,219,726.2
3989,12565,124,97,203.99,218,726.4
3990,14936,178,97,264.94,271,726.6
3991,17616,232,97,329.14,325,727.3
3992,12565,124,97,203.99,218,727.4
3993,14730,177,97,262.36,269,727.7
3994,17380,229,97,321.8,322,728.0
3995,16581,216,97,307.21,310,728.2
3996,15714,199,97,287.68,291,728.5
3997,12565,124,97,203.99,218,728.7
3998,12745,129,97,209.43,225,728.8
3999,12625,126,97,206.01,220,729.3
4000,8900,41,97,111.5,139,729.4
4001,12565,124,97,203.99,218,729.6
4002,15635,199,97,286.33,292,729.9
4003,13015,128,97,210.73,222,730.1
4004,13010,134,97,214.54,229,730.3
4005,12445,121,97,200.61,215,730.4
4006,13015,128,97,210.73,222,730.6
4007,12565,124,97,203.99,218,730.7
4008,12565,124,97,203.99,218,731.2
4009,15979,202,97,291.51,295,731.5
4010,12565,124,97,203.99,218,731.6
4011,12700,128,97,208.32,222,731.8
4012,12625,126,97,206.01,220,732.0
4013,12565,124,97,203.99,218,732.1
4014,13105,130,97,212.95,224,732.3
4015,12930,132,97,212.76,226,732.5
4016,12625,126,97,206.01,220,732.7
4017,12565,124,97,203.99,218,733.1
4018,16455,218,97,308.47,313,733.4
4019,12445,121,97,200.61,215,733.6
4020,15826,200,97,289.02,293,733.8
4021,12610,125,97,205.1,221,734.0
4022,19031,257,97,356.17,350,734.3
4023,16368,215,97,305.2,308,734.6
4024,15543,194,97,282.13,287,735.1
4025,12625,126,97,206.01,220,735.3
4026,12745,129,97,209.43,223,735.5
4027,12910,126,97,208.6,220,735.7
4028,16417,215,97,305.11,309,736.0
4029,12745,129,97,209.43,223,736.1
4030,12160,115,97,194.0,209,736.3
4031,12445,121,97,200.61,215,736.5
4032,15576,194,97,282.62,286,736.7
4033,13015,128,97,210.73,222,737.2
4034,17270,230,97,325.2,323,737.4
4035,12700,128,97,208.32,222,737.6
4036,12520,123,97,202.88,217,737.8
4037,12930,132,97,212.76,226,738.0
4038,12565,124,97,203.99,218,738.1
4039,12745,129,97,209.43,223,738.3
4040,12565,124,97,203.99,218,738.5
4041,12565,124,97,203.99,218,738.6
4042,14415,171,97,255.49,264,739.2
4043,15113,182,97,269.21,275,739.4
4044,12865,125,97,207.49,219,739.6
4045,15978,203,97,292.24,296,739.8
4046,15763,200,97,288.61,293,740.0
4047,12735,129,97,209.37,223,740.2
4048,12625,126,97,206.01,220,740.4
4049,12565,124,97,203.99,218,740.5
4050,12625,126,97,206.01,220,740.9
4051,11865,108,97,186.15,202,741.1
4052,13015,128,97,210.73,222,741.3
4053,12625,125,97,205.11,219,741.5
4054,14746,173,97,259.1,266,741.7
4055,12565,124,97,203.99,218,741.9
4056,15261,186,97,273.61,280,742.1
4057,13015,128,97,210.73,222,742.3
4058,14330,164,97,248.84,258,742.5
4059,15580,199,97,286.2,293,743.1
4060,16152,207,97,296.24,300,743.3
4061,12565,124,97,203.99,218,743.5
4062,17414,241,97,333.66,334,743.8
4063,17106,233,97,324.96,327,744.1
4064,12625,126,97,206.01,220,744.3
4065,14865,179,97,264.63,272,744.5
4066,12565,124,97,203.99,218,745.0
4067,13060,129,97,211.84,223,745.2
4068,9795,62,97,135.09,156,745.3
4069,13060,129,97,211.84,223,745.5
4070,12565,124,97,203.99,218,745.7
4071,12565,124,97,203.99,218,745.9
4072,12565,124,97,203.99,218,746.0
4073,12565,124,97,203.99,218,746.2
4074,12610,124,97,204.04,218,746.4
4075,12625,126,97,206.01,220,746.6
4076,15263,185,97,272.45,278,747.2
4077,12565,124,97,203.99,218,747.3
4078,13015,128,97,210.73,224,747.5
4079,13060,129,97,211.84,223,747.6
4080,12580,125,97,204.9,219,747.8
4081,12625,126,97,206.01,220,748.0
4082,14681,170,97,256.35,263,748.2
4083,20205,276,97,378.91,369,748.5
4084,12930,132,97,212.76,226,749.0
4085,12565,124,97,203.99,218,749.1
4086,16220,202,97,294.44,295,749.4
4087,15973,203,97,292.01,296,749.6
4088,13015,128,97,210.73,222,749.8
4089,16170,214,97,302.72,306,750.1
4090,16174,209,97,298.86,302,750.3
4091,24491,350,97,470.358,443,751.1
4092,12700,128,97,208.32,222,751.3
4093,16909,231,97,322.01,330,751.6
4094,12565,124,97,203.99,218,751.8
4095,12565,124,97,203.99,218,751.9
4096,16659,217,97,308.15,310,752.2
4097,12745,129,97,209.43,223,752.4
4098,13015,128,97,210.73,222,752.6
4099,17048,235,97,326.78,394,753.3
4100,12700,128,97,208.32,222,753.4
4101,12610,125,97,205.1,219,753.6
4102,12930,132,97,212.76,226,753.8
4103,15479,193,97,281.01,286,754.1
4104,25938,374,97,502.992,467,754.6
4105,13060,129,97,211.84,223,754.8
4106,12565,124,97,203.99,218,755.2
4107,12625,126,97,206.01,220,755.4
4108,12625,126,97,206.01,220,755.5
4109,12445,121,97,200.61,215,755.7
4110,16810,217,97,310.78,311,756.0
4111,16244,214,97,303.44,313,756.3
4112,12565,124,97,203.99,218,756.4
4113,16115,213,97,301.67,322,756.8
4114,13015,128,97,210.73,222,757.2
4115,14325,168,97,252.27,260,757.5
4116,16737,222,97,313.51,315,757.7
4117,12205,116,97,195.11,210,757.9
4118,12565,124,97,203.99,218,758.1
4119,13015,128,97,210.73,222,758.2
4120,15841,202,97,290.95,297,758.5
4121,12745,129,97,209.43,223,758.7
4122,12565,124,97,203.99,218,758.8
4123,15410,189,97,276.28,282,759.3
4124,12565,124,97,203.99,218,759.5
4125,14325,169,97,253.51,261,759.7
4126,16749,223,97,314.11,316,760.1
4127,18750,265,97,361.12,736,761.0
4128,13060,129,97,211.84,223,761.2
4129,22533,337,97,445.09,430,762.0
4130,12840,130,97,210.54,224,762.1
4131,18845,250,97,348.05,343,762.4
4132,16984,230,97,321.34,323,762.7
4133,12565,124,97,203.99,218,762.9
4134,15717,197,97,286.434,292,763.1
4135,12625,126,97,206.01,220,763.3
4136,12200,116,97,195.1,210,763.8
4137,20905,294,97,399.19,387,764.2
4138,12565,124,97,203.99,218,764.4
4139,16190,216,97,304.4,309,764.6
4140,13015,128,97,210.73,222,764.8
4141,14370,170,97,254.38,262,765.1
4142,12625,126,97,206.01,220,765.2
4143,12565,124,97,203.99,218,765.4
4144,12565,124,97,203.99,218,765.9
4145,23581,345,97,460.59,438,766.4
4146,17149,234,97,325.77,327,766.7
4147,13105,130,97,212.95,224,766.9
4148,23604,341,97,456.62,434,767.3
4149,12625,126,97,206.01,220,767.5
4150,12520,123,97,202.88,217,767.7
4151,12745,129,97,209.43,224,768.2
4152,12565,124,97,203.99,218,768.4
4153,12625,126,97,206.01,220,768.6
4154,12565,124,97,203.99,218,768.7
4155,12520,123,97,202.88,217,768.9
4156,15610,199,97,286.34,292,769.2
4157,13015,128,97,210.73,222,769.3
4158,18515,245,97,342.69,338,769.6
4159,23082,317,97,432.9,410,770.3
4160,15655,194,97,281.95,287,770.5
4161,15065,181,97,267.05,275,770.8
4162,12565,124,97,203.99,218,770.9
4163,12840,130,97,210.54,224,771.1
4164,17947,253,97,346.65,346,771.4
4165,15665,200,97,287.03,293,771.7
4166,12200,116,97,195.1,210,772.1
4167,12200,116,97,195.1,210,772.3
4168,12745,129,97,209.43,223,772.5
4169,12205,116,97,195.11,210,772.6
4170,12200,116,97,195.1,213,772.8
4171,12910,126,97,208.6,220,773.0
4172,14775,179,97,264.37,271,773.2
4173,13015,128,97,210.73,222,773.3
4174,13015,128,97,210.73,222,773.5
4175,12200,116,97,195.1,210,773.9
4176,13060,129,97,211.84,223,774.2
4177,12745,129,97,209.43,223,774.3
4178,12565,124,97,203.99,218,774.5
4179,12565,124,97,203.99,218,774.7
4180,12520,123,97,202.88,217,774.9
4181,12565,124,97,203.99,218,775.0
4182,12565,124,97,203.99,218,775.2
4183,12610,125,97,205.1,219,775.4
4184,16079,207,97,296.17,300,775.9
4185,16689,224,97,314.67,316,776.2
4186,15125,184,97,271.114,277,776.5
4187,12955,127,97,209.71,221,776.6
4188,12790,130,97,210.54,224,776.8
4189,12200,116,97,195.1,212,777.0
4190,15435,193,97,279.85,286,777.2
4191,15735,201,97,288.39,294,777.5
4192,16648,222,97,312.56,315,778.0
4193,12565,124,97,203.99,218,778.2
4194,12625,126,97,206.01,220,778.4
4195,12565,124,97,203.99,218,778.5
4196,13015,128,97,210.73,222,778.7
4197,15763,199,97,287.67,292,779.0
4198,13325,141,97,223.01,234,779.1
4199,13060,129,97,211.84,223,779.3
4200,17640,240,97,332.92,334,779.9
4201,12565,124,97,203.99,218,780.1
4202,16054,207,97,296.14,300,780.4
4203,13060,129,97,211.84,223,780.6
4204,12625,126,97,206.01,220,780.8
4205,17565,232,97,325.33,325,781.1
4206,16235,217,97,305.03,310,781.3
4207,16626,220,97,310.4,313,781.6
4208,12520,123,97,202.88,217,782.2
4209,11895,109,97,187.35,203,782.4
4210,12565,124,97,203.99,218,782.5
4211,14250,164,97,248.14,257,782.8
4212,13060,129,97,211.84,223,782.9
4213,12205,116,97,195.11,210,783.1
4214,18505,253,97,348.93,346,783.4
4215,13060,129,97,211.84,223,783.6
4216,12520,123,97,202.88,217,784.0
4217,12565,124,97,203.99,218,784.2
4218,12625,126,97,206.01,220,784.4
4219,27370,395,97,527.908,488,784.9
4220,13015,128,97,210.73,222,785.0
4221,15375,193,97,279.39,286,785.3
4222,15818,200,97,288.62,293,785.5
4223,13825,153,97,236.13,246,785.7
4224,14160,160,97,244.04,253,786.2
4225,15575,198,97,285.11,291,786.4
4226,16861,229,97,319.93,322,786.7
4227,13015,128,97,210.73,222,786.9
4228,13015,128,97,210.73,222,787.1
4229,13060,129,97,211.84,223,787.2
4230,14500,170,97,254.7,263,787.4
4231,12200,116,97,195.1,210,787.6
4232,19225,266,97,364.57,359,788.2
4233,13015,128,97,210.73,222,788.4
4234,12625,126,97,206.01,220,788.6
4235,13060,129,97,211.84,223,788.7
4236,17020,227,97,318.18,320,789.0
4237,22187,319,97,431.698,412,789.4
4238,22828,343,97,453.528,436,790.2
4239,13015,128,97,210.73,222,790.4
4240,20910,287,97,391.76,380,790.7
4241,12565,124,97,203.99,218,790.9
4242,15974,203,97,292.42,296,791.1
4243,16750,216,97,309.76,309,791.4
4244,12200,116,97,195.1,210,791.5
4245,12700,128,97,208.32,222,791.7
4246,13060,129,97,211.84,223,792.2
4247,12200,116,97,195.1,210,792.4
4248,16184,213,97,302.56,306,792.6
4249,12200,116,97,195.1,210,792.8
4250,13015,128,97,210.73,224,792.9
4251,12200,116,97,195.1,210,793.1
4252,14775,175,97,260.51,268,793.3
4253,13015,128,97,210.73,222,793.5
4254,12200,116,97,195.1,212,793.6
4255,12580,125,97,204.9,219,794.1
4256,13015,128,97,210.73,222,794.2
4257,15823,202,97,290.71,295,794.5
4258,15590,199,97,286.36,292,794.7
4259,8555,31,97,101.05,126,794.8
4260,16339,215,97,305.39,308,795.0
4261,13060,129,97,211.84,223,795.2
4262,13015,128,97,210.73,222,795.4
4263,16968,219,97,314.34,312,795.9
4264,12745,129,97,209.43,223,796.1
4265,13060,129,97,211.84,223,796.3
4266,17985,240,97,335.774,333,796.6
4267,13015,128,97,210.73,222,796.7
4268,12445,121,97,200.61,215,796.9
4269,15880,206,97,294.04,298,797.1
4270,12565,124,97,203.99,218,797.3
4271,20355,268,97,374.23,361,797.9
4272,15791,196,97,285.09,289,798.2
4273,22405,316,97,431.526,409,798.5
4274,16750,224,97,315.12,317,798.8
4275,24008,355,97,470.976,448,799.2
4276,15689,197,97,285.49,290,799.5
4277,16836,229,97,320.7,321,800.0
4278,11715,105,97,182.91,199,800.2
4279,12565,124,97,203.99,218,800.3
4280,23115,334,97,445.43,427,800.8
4281,14060,160,97,243.64,253,800.9
4282,16488,218,97,308.44,310,801.2
4283,14325,169,97,253.27,261,801.4
4284,15338,188,97,275.48,281,801.9
4285,12445,121,97,200.61,215,802.1
4286,12565,124,97,203.99,218,802.3
4287,12625,126,97,206.01,220,802.4
4288,12200,116,97,195.1,210,802.6
4289,25056,354,97,476.34,447,803.0
4290,13060,129,97,211.84,223,803.2
4291,12625,126,97,206.01,220,803.3
4292,12930,132,97,212.76,226,803.5
4293,13015,128,97,210.73,222,804.0
4294,12160,115,97,194.0,209,804.1
4295,13015,128,97,210.73,222,804.3
4296,12745,129,97,209.43,223,804.4
4297,13015,128,97,210.73,222,804.6
4298,12700,128,97,208.32,224,804.8
4299,12200,116,97,195.1,210,804.9
4300,20762,302,97,407.024,395,805.3
4301,12200,116,97,195.1,210,805.8
4302,13060,129,97,211.84,223,806.0
4303,18885,253,97,351.31,346,806.3
4304,12200,116,97,195.1,210,806.5
4305,15935,206,97,295.21,300,806.7
4306,14260,162,97,246.66,255,806.9
4307,16752,227,97,318.0,320,807.2
4308,13015,128,97,210.73,222,807.3
4309,21310,293,97,402.38,386,808.0
4310,12200,116,97,195.1,210,808.1
4311,16975,217,97,309.03,310,808.4
4312,12160,115,97,194.0,209,808.5
4313,14055,158,97,241.83,251,808.7
4314,15235,186,97,272.69,281,808.9
4315,13015,128,97,210.73,222,809.1
4316,12565,124,97,203.99,218,809.2
4317,16557,219,97,309.61,312,809.9
4318,17550,230,97,323.68,323,810.1
4319,19625,265,97,366.87,360,810.4
4320,16285,212,97,302.01,305,810.7
4321,12745,129,97,209.43,223,810.9
4322,16311,210,97,300.77,305,811.1
4323,13060,129,97,211.84,223,811.3
4324,12445,121,97,200.61,215,811.7
4325,12160,115,97,194.0,209,811.9
4326,12565,124,97,203.99,218,812.1
4327,8900,41,97,111.5,143,812.2
4328,16973,228,97,319.31,321,812.5
4329,19440,272,97,370.96,365,812.8
4330,12565,124,97,203.99,218,813.0
4331,12565,124,97,203.99,218,813.1
4332,15750,196,97,284.48,289,813.7
4333,13060,129,97,211.84,223,813.9
4334,12565,124,97,203.99,218,814.0
4335,17106,227,97,319.58,319,814.3
4336,12565,124,97,203.99,218,814.4
4337,15324,186,97,274.04,279,814.7
4338,16920,229,97,320.3,322,814.9
4339,13060,129,97,211.84,223,815.1
4340,30722,459,97,601.14,552,816.1
4341,12745,129,97,209.43,223,816.2
4342,14375,170,97,254.39,262,816.4
4343,12200,116,97,195.1,210,816.6
4344,13060,129,97,211.84,223,816.7
4345,19285,265,97,363.83,360,817.0
4346,12700,128,97,208.32,222,817.2
4347,15470,196,97,282.66,289,817.8
4348,14415,171,97,255.49,263,818.0
4349,14415,171,97,255.49,265,818.2
4350,15263,187,97,274.23,280,818.5
4351,11490,100,97,177.36,194,818.7
4352,16576,215,97,306.46,307,818.9
4353,15335,185,97,272.43,278,819.1
4354,12565,124,97,203.99,218,819.3
4355,15534,191,97,279.34,284,819.9
4356,12565,124,97,203.99,218,820.0
4357,17779,249,97,342.75,342,820.3
4358,20997,294,97,400.15,387,820.7
4359,12200,116,97,195.1,210,820.8
4360,21166,296,97,402.76,389,821.2
4361,12565,124,97,203.99,218,821.3
4362,13015,128,97,210.73,222,821.8
4363,12200,116,97,195.1,210,822.0
4364,16300,218,97,307.18,315,822.2
4365,12160,115,97,194.0,209,822.4
4366,12200,116,97,195.1,212,822.5
4367,13015,128,97,210.73,222,822.7
4368,13850,154,97,237.14,247,822.9
4369,12200,116,97,195.1,210,823.0
4370,13015,128,97,210.73,222,823.2
4371,12565,124,97,203.99,219,823.7
4372,27257,412,97,538.186,505,824.2
4373,15250,183,97,270.22,276,824.5
4374,12160,115,97,194.0,209,824.6
4375,16061,208,97,297.11,301,824.9
4376,17055,232,97,323.91,331,825.2
4377,12520,123,97,202.88,217,825.4
4378,12565,124,97,203.99,218,825.9
4379,19063,260,97,359.43,353,826.2
4380,12745,129,97,209.43,223,826.4
4381,21219,296,97,404.45,389,826.7
4382,18866,253,97,351.74,346,827.0
4383,21695,296,97,406.23,389,827.4
4384,12200,116,97,195.1,210,827.5
4385,14280,168,97,252.16,263,828.0
4386,14415,171,97,255.49,263,828.2
4387,18655,252,97,349.914,345,828.6
4388,13315,142,97,223.83,235,828.8
4389,12625,126,97,206.01,220,828.9
4390,12790,130,97,210.54,224,829.1
4391,12160,115,97,194.0,209,829.2
4392,16929,218,97,313.23,311,829.7
4393,20800,283,97,388.948,376,830.1
4394,9020,44,97,114.8,139,830.2
4395,17820,248,97,341.48,340,830.5
4396,24230,360,97,476.24,453,831.0
4397,16677,223,97,314.21,315,831.2
4398,17895,252,97,346.794,345,831.5
4399,22295,318,97,428.294,411,832.2
4400,12930,132,97,212.76,226,832.4
4401,15525,198,97,285.33,290,832.7
4402,13015,128,97,210.73,224,832.8
4403,14987,179,97,265.93,274,833.1
4404,30855,435,97,585.25,528,833.7
4405,24959,344,97,469.29,437,834.4
4406,13060,129,97,211.84,223,834.6
4407,14370,170,97,254.38,262,834.8
4408,16644,224,97,315.22,316,835.1
4409,13930,155,97,238.46,248,835.3
4410,12610,125,97,205.1,219,835.4
4411,14325,169,97,253.27,261,835.7
4412,12745,129,97,209.43,223,835.8
4413,17525,228,97,322.178,321,836.4
4414,18615,246,97,344.13,339,836.7
4415,13060,129,97,211.84,223,836.9
4416,15759,197,97,285.67,290,837.1
4417,13015,128,97,210.73,222,837.3
4418,16993,217,97,310.51,310,837.5
4419,12565,124,97,203.99,218,837.7
4420,20620,284,97,388.26,377,838.3
4421,17205,231,97,323.37,346,838.6
4422,12565,124,97,203.99,218,838.8
4423,13015,128,97,210.73,222,838.9
4424,12565,124,97,203.99,220,839.1
4425,14514,169,97,254.34,262,839.3
4426,14415,171,97,255.49,264,839.5
4427,17486,225,97,319.76,320,840.1
4428,20965,295,97,400.486,388,840.5
4429,21105,284,97,392.45,377,840.8
4430,12160,115,97,194.0,209,841.0
4431,18722,263,97,361.304,356,841.3
4432,12200,116,97,195.1,210,841.4
4433,12625,126,97,206.01,220,841.6
4434,8970,43,97,113.6,143,841.7
4435,14855,174,97,260.25,267,842.2
4436,8970,43,97,113.6,144,842.3
4437,19582,258,97,362.36,351,842.6
4438,16450,211,97,301.3,304,842.9
4439,12200,116,97,195.1,212,843.0
4440,13015,128,97,210.73,222,843.2
4441,12160,115,97,194.0,209,843.3
4442,12200,116,97,195.1,210,843.5
4443,20535,270,97,377.29,365,844.1
4444,23115,337,97,450.382,430,844.5
4445,18450,242,97,339.52,335,844.8
4446,15960,198,97,287.08,291,845.1
4447,19792,271,97,372.68,364,845.4
4448,15335,179,97,269.45,272,845.6
4449,15595,199,97,286.43,307,846.2
4450,12610,125,97,205.1,219,846.4
4451,16245,202,97,292.25,295,846.7
4452,16099,205,97,294.71,298,846.9
4453,23009,346,97,456.67,448,847.3
4454,15890,208,97,295.72,318,847.6
4455,12565,124,97,203.99,218,847.8
4456,13060,129,97,211.84,223,848.2
4457,14330,164,97,248.84,260,848.5
4458,15965,204,97,293.482,298,848.7
4459,14370,170,97,254.38,266,848.9
4460,8875,40,97,110.55,138,849.0
4461,18121,245,97,340.73,340,849.3
4462,15500,188,97,275.92,281,849.5
4463,16657,223,97,314.09,320,849.8
4464,16215,202,97,291.67,295,850.4
4465,13060,129,97,211.84,225,850.6
4466,15433,192,97,279.75,287,850.8
4467,14830,178,97,263.6,271,851.0
4468,13015,128,97,210.73,222,851.2
4469,13060,129,97,211.84,223,851.3
4470,16065,212,97,300.75,397,851.7
4471,19342,260,97,360.6,353,852.3
4472,12200,116,97,195.1,210,852.5
4473,15969,205,97,294.05,298,852.7
4474,14680,171,97,256.88,264,852.9
4475,13015,128,97,210.73,222,853.1
4476,26140,334,97,473.604,427,853.5
4477,17475,224,97,319.11,317,853.8
4478,12565,124,97,203.99,218,854.2
4479,24960,366,97,483.72,459,854.7
4480,19365,267,97,365.77,360,855.1
4481,19920,260,97,365.56,353,855.4
4482,13015,128,97,210.73,222,855.5
4483,13060,129,97,211.84,223,855.7
4484,20537,279,97,385.194,372,856.0
4485,22205,314,97,422.99,407,856.7
4486,12565,124,97,203.99,218,856.9
4487,12745,129,97,209.43,223,857.0
4488,13060,129,97,211.84,223,857.2
4489,24115,336,97,454.91,429,857.6
4490,12565,124,97,203.99,221,857.8
4491,15870,207,97,295.16,302,858.0
4492,12745,129,97,209.43,225,858.5
4493,15550,198,97,285.28,291,858.7
4494,12200,116,97,195.1,212,858.9
4495,13060,129,97,211.84,223,859.0
4496,16250,203,97,293.1,296,859.3
4497,12565,124,97,203.99,220,859.4
4498,16938,227,97,318.56,323,859.7
4499,12885,131,97,211.65,225,859.9
4500,16925,225,97,316.81,338,860.5
4501,12200,116,97,195.1,210,860.6
4502,12200,116,97,195.1,210,860.8
4503,17249,235,97,327.55,331,861.1
4504,14730,172,97,257.82,267,861.3
4505,27885,382,97,521.71,475,861.8
4506,25740,380,97,500.16,473,862.5
4507,15900,197,97,285.9,292,862.8
4508,13060,129,97,211.84,223,863.0
4509,27470,381,97,520.14,474,863.4
4510,18510,261,97,356.84,355,863.8
4511,12520,123,97,202.88,219,863.9
4512,12205,116,97,195.11,210,864.1
4513,15670,201,97,288.38,294,864.7
4514,15810,191,97,280.24,284,864.9
4515,13895,155,97,238.25,248,865.1
4516,12195,116,97,195.05,212,865.2
4517,11415,98,97,175.05,195,865.4
4518,19730,277,97,377.576,375,865.7
4519,15940,200,97,289.02,293,865.9
4520,12625,126,97,206.01,220,866.1
4521,21625,305,97,412.39,400,866.7
4522,17710,238,97,331.56,333,867.0
4523,12565,124,97,203.99,218,867.2
4524,12160,115,97,194.0,211,867.3
4525,12565,124,97,203.99,218,867.5
4526,12565,124,97,203.99,218,867.7
4527,22434,331,97,440.08,424,868.1
4528,17425,229,97,323.266,322,868.6
4529,20455,276,97,382.01,371,869.0
4530,12565,124,97,203.99,218,869.1
4531,16410,207,97,297.42,300,869.4
4532,23520,327,97,443.88,421,869.8
4533,17290,226,97,318.9,319,870.1
4534,16045,211,97,299.39,305,870.6
4535,12160,115,97,194.0,211,870.8
4536,15900,196,97,285.1,289,871.1
4537,12625,126,97,206.01,220,871.2
4538,22840,309,97,426.88,402,871.6
4539,15435,188,97,275.49,281,871.8
4540,15780,205,97,292.94,298,872.1
4541,17015,219,97,312.358,312,872.7
4542,12565,124,97,203.99,218,872.8
4543,14710,171,97,256.88,264,873.0
4544,15945,198,97,287.462,293,873.3
4545,12160,115,97,194.0,211,873.4
4546,19385,269,97,370.214,374,873.8
4547,29490,402,97,551.2,495,874.3
4548,14675,171,97,256.69,266,874.8
4549,12610,125,97,205.1,221,875.0
4550,25395,360,97,486.574,453,875.4
4551,11715,105,97,182.91,201,875.6
4552,13060,129,97,211.84,223,875.8
4553,21615,293,97,404.674,388,876.1
4554,13060,129,97,211.84,223,876.3
4555,21513,301,97,408.37,396,877.0
4556,22325,309,97,423.09,402,877.3
4557,24265,342,97,461.11,437,877.8
4558,14340,164,97,248.76,259,878.0
4559,12625,126,97,206.01,222,878.1
4560,22640,305,97,420.24,398,878.5
4561,15945,209,97,297.27,304,879.0
4562,12565,124,97,203.99,220,879.2
4563,15895,197,97,285.87,292,879.4
4564,16065,212,97,300.77,399,879.8
4565,15700,198,97,286.96,292,880.0
4566,12565,124,97,203.99,220,880.2
4567,15915,204,97,292.79,300,880.4
4568,17605,233,97,326.61,330,881.0
4569,12565,124,97,203.99,221,881.1
4570,24290,364,97,480.296,459,881.6
4571,15210,183,97,269.98,278,881.8
4572,28350,380,97,525.14,476,882.3
4573,15745,196,97,284.65,291,882.6
4574,12565,124,97,203.99,220,883.0
4575,19310,268,97,367.32,365,883.3
4576,20075,274,97,377.378,369,883.7
4577,18807,244,97,344.21,339,884.0
4578,14230,162,97,246.46,258,884.2
4579,17150,229,97,321.1,324,884.5
4580,20180,282,97,385.044,377,885.2
4581,12565,124,97,203.99,221,885.3
4582,15900,198,97,287.1,294,885.6
4583,16105,200,97,289.61,296,885.9
4584,12565,124,97,203.99,220,886.0
4585,14850,174,97,260.22,269,886.2
4586,26170,352,97,486.48,447,886.7
4587,25655,364,97,490.938,460,887.6
4588,12160,115,97,194.0,211,887.7
4589,15955,200,97,288.91,295,888.0
4590,15225,183,97,270.09,278,888.2
4591,22547,311,97,423.53,408,888.6
4592,19105,274,97,370.97,369,889.0
4593,19369,261,97,361.81,356,890.0
4594,12625,126,97,206.01,222,890.2
4595,15780,194,97,283.568,289,890.6
4596,17490,229,97,322.72,325,890.9
4597,14720,173,97,258.62,268,891.1
4598,17680,232,97,327.136,327,891.4
4599,15815,195,97,283.71,290,891.7
4600,15775,196,97,284.61,291,892.4
4601,13060,129,97,211.84,226,892.6
4602,12565,124,97,203.99,222,892.8
4603,22450,301,97,416.62,397,893.2
4604,22065,316,97,424.03,411,893.5
4605,14470,167,97,252.08,262,893.8
4606,27377,399,97,528.67,494,894.7
4607,16640,219,97,310.644,314,895.1
4608,15670,194,97,282.16,290,895.5
4609,24928,352,97,474.42,447,896.0
4610,12565,124,97,203.99,220,896.1
4611,15785,194,97,282.83,289,896.4
4612,21290,276,97,388.98,371,896.8
4613,22545,309,97,422.61,404,897.6
4614,22320,313,97,423.2,408,898.1
4615,14830,175,97,261.0,270,898.3
4616,14695,171,97,256.77,266,898.6
4617,20405,272,97,378.89,367,898.9
4618,17650,241,97,335.268,336,899.3
4619,21505,293,97,402.65,388,900.1
4620,12565,124,97,203.99,220,900.2
4621,15640,202,97,289.16,297,900.5
4622,20545,275,97,381.87,370,900.9
4623,20470,282,97,386.576,377,901.3
4624,12565,124,97,203.99,221,901.5
4625,14945,179,97,265.17,274,902.0
4626,15740,194,97,282.74,290,902.3
4627,16950,218,97,311.136,314,902.6
4628,16695,220,97,310.81,329,902.9
4629,22387,314,97,425.514,409,903.3
4630,20665,281,97,386.25,377,903.6
4631,14260,162,97,246.6,257,903.8
4632,17695,233,97,326.99,328,904.4
4633,21435,303,97,410.606,398,904.8
4634,17797,242,97,336.81,337,905.1
4635,25775,389,97,509.726,485,905.6
4636,24940,318,97,451.684,413,906.0
4637,26242,366,97,495.1,462,906.8
4638,17815,238,97,332.13,334,907.1
4639,25090,375,97,493.248,470,907.5
4640,17710,241,97,334.72,336,907.8
4641,13060,129,97,211.84,225,908.0
4642,15800,195,97,283.76,290,908.2
4643,19260,251,97,351.7,346,908.9
4644,16845,222,97,313.33,316,909.1
4645,26780,359,97,496.04,454,909.6
4646,15115,180,97,266.87,275,909.8
4647,17513,229,97,323.61,324,910.1
4648,17800,237,97,333.008,332,910.3
4649,23560,331,97,447.76,426,911.1
4650,20750,265,97,376.7,360,911.4
4651,17686,235,97,329.84,330,911.7
4652,12200,116,97,195.1,213,911.9
4653,23035,318,97,433.09,413,912.3
4654,24305,336,97,455.89,432,913.0
4655,17822,242,97,336.98,350,913.4
4656,10380,75,97,149.52,180,913.5
4657,20950,290,97,395.58,385,913.9
4658,17415,227,97,320.41,323,914.2
4659,17005,225,97,316.57,320,914.4
4660,15870,201,97,289.54,299,914.7
4661,20388,283,97,387.716,378,915.4
4662,20200,275,97,378.08,371,915.8
4663,19275,258,97,358.934,353,916.1
4664,21365,295,97,406.19,391,916.4
4665,17959,246,97,341.29,341,916.7
4666,24290,355,97,471.828,450,917.5
4667,23050,323,97,438.0,418,917.9
4668,16935,218,97,310.886,315,918.2
4669,14280,162,97,246.72,257,918.4
4670,22505,326,97,435.21,422,918.8
4671,12200,116,97,195.1,212,918.9
4672,12200,116,97,195.1,213,919.1
4673,21790,296,97,408.176,391,919.8
4674,22955,318,97,432.61,413,920.2
4675,20005,289,97,391.098,403,920.6
4676,14935,176,97,262.41,271,920.9
4677,12565,124,97,203.99,220,921.0
4678,19630,261,97,362.72,357,921.3
4679,24485,364,97,480.918,459,922.2
4680,21391,299,97,406.79,394,922.5
4681,24600,360,97,478.432,455,923.0
4682,12200,116,97,195.1,212,923.1
4683,22730,315,97,428.52,410,923.5
4684,12625,126,97,206.01,223,924.0
4685,24915,357,97,478.806,452,924.5
4686,12200,116,97,195.1,213,924.7
4687,18685,258,97,355.87,353,925.0
4688,18070,250,97,345.396,345,925.3
4689,14995,178,97,264.65,273,925.5
4690,12200,116,97,195.1,213,925.7
4691,16155,203,97,292.47,298,926.3
4692,23890,333,97,451.932,429,926.7
4693,16825,217,97,308.33,312,927.0
4694,23620,331,97,448.82,426,927.4
4695,16390,206,97,296.54,301,927.7
4696,16985,226,97,317.61,320,927.9
4697,20200,266,97,372.48,363,928.7
4698,21550,299,97,408.5,394,929.0
4699,16150,203,97,292.4,299,929.3
4700,14325,163,97,247.83,258,929.5
4701,24240,355,97,471.276,450,930.0
4702,12160,115,97,194.0,212,930.1
4703,20542,282,97,387.1,378,930.8
4704,15000,177,97,263.66,272,931.0
4705,17025,227,97,318.73,321,931.3
4706,25323,346,97,473.31,441,931.7
4707,21985,290,97,404.97,385,932.1
4708,20119,270,97,373.49,367,932.4
4709,12565,124,97,203.99,220,932.9
4710,14730,172,97,257.82,267,933.1
4711,17513,227,97,321.95,322,933.4
4712,24030,345,97,460.2,440,933.8
4713,15636,196,97,284.68,290,934.0
4714,17350,230,97,322.82,326,934.3
4715,18960,246,97,347.46,341,935.0
4716,12200,116,97,195.1,212,935.1
4717,21045,284,97,392.43,379,935.5
4718,12625,126,97,206.01,222,935.7
4719,15655,193,97,281.41,288,935.9
4720,22480,315,97,426.076,411,936.3
4721,21780,295,97,406.28,390,936.7
4722,16625,210,97,301.35,305,937.3
4723,19390,248,97,351.32,343,937.6
4724,12565,124,97,203.99,220,937.8
4725,14415,171,97,255.49,265,938.0
4726,23455,324,97,440.61,419,938.4
4727,22810,303,97,422.0,398,938.8
4728,21455,303,97,410.63,400,939.6
4729,20145,273,97,375.73,368,940.0
4730,20995,275,97,387.446,370,940.3
4731,15340,186,97,273.48,281,940.5
4732,21450,285,97,398.544,381,940.9
4733,16575,209,97,299.99,304,941.1
4734,17563,227,97,321.71,322,941.9
4735,20040,275,97,378.652,371,942.2
4736,25110,358,97,479.56,453,942.6
4737,19405,274,97,374.958,378,943.0
4738,15565,200,97,286.87,296,943.3
4739,12200,116,97,195.1,212,943.4
4740,14680,171,97,256.68,268,944.0
4741,19935,272,97,373.87,367,944.4
4742,12200,116,97,195.1,212,944.5
4743,18175,244,97,339.43,339,944.8
4744,12565,124,97,203.99,220,945.0
4745,14215,161,97,245.51,256,945.2
4746,25455,331,97,466.982,427,945.6
4747,23010,299,97,420.66,395,946.3
4748,20790,285,97,390.04,380,946.7
4749,21002,287,97,394.1,382,947.0
4750,21240,297,97,402.82,393,947.4
4751,19602,262,97,363.96,359,947.8
4752,19810,267,97,371.06,362,948.4
4753,19275,261,97,360.35,356,948.7
4754,16190,202,97,292.96,297,949.0
4755,22520,307,97,420.72,403,949.3
4756,17230,231,97,323.46,327,949.6
4757,16180,200,97,290.26,296,949.8
4758,24595,339,97,463.57,434,950.6
4759,20660,277,97,384.0,372,950.9
4760,15938,203,97,291.98,298,951.2
4761,22181,310,97,420.83,405,951.6
4762,21700,304,97,411.78,399,952.0
4763,12200,116,97,195.1,212,952.1
4764,16385,208,97,298.21,303,952.6
4765,24510,361,97,478.072,456,953.1
4766,24215,325,97,448.23,420,953.5
4767,17100,224,97,317.224,319,953.8
4768,21485,304,97,410.07,399,954.1
4769,21220,282,97,391.82,377,954.7
4770,16065,208,97,297.29,302,955.0
4771,21028,284,97,393.02,379,955.4
4772,16095,201,97,290.65,296,955.6
4773,12565,124,97,203.99,220,955.8
4774,14820,174,97,260.04,269,956.0
4775,18070,233,97,330.664,328,956.3
4776,18030,239,97,335.716,335,956.9
4777,20280,267,97,373.84,362,957.2
4778,23335,316,97,433.09,412,957.6
4779,19815,267,97,370.69,362,957.9
4780,14820,174,97,260.06,269,958.1
4781,12565,124,97,203.99,220,958.3
4782,15495,186,97,274.15,281,958.5
4783,17395,224,97,317.95,319,959.1
4784,21645,296,97,404.61,392,959.5
4785,12565,124,97,203.99,220,959.6
4786,17980,236,97,331.52,331,959.9
4787,22070,303,97,413.88,398,960.3
4788,19865,259,97,364.43,355,960.6
4789,15235,183,97,271.154,278,961.1
4790,22085,294,97,407.53,389,961.5
4791,12565,124,97,203.99,220,961.6
4792,16180,208,97,297.42,310,961.9
4793,26460,330,97,473.38,429,962.3
4794,16675,199,97,293.87,294,962.6
4795,28975,377,97,528.726,480,963.3
4796,18610,262,97,358.06,359,963.7
4797,21960,295,97,407.28,390,964.1
4798,15045,179,97,265.63,274,964.3
4799,12205,116,97,195.11,212,964.5
4800,20670,274,97,383.008,370,964.8
4801,27885,374,97,515.29,470,965.7
4802,28765,389,97,532.69,524,966.3
4803,14350,163,97,247.78,258,966.5
4804,12625,126,97,206.01,223,966.7
4805,14370,164,97,248.8,260,966.9
4806,17675,235,97,330.41,333,967.2
4807,15710,190,97,278.96,287,967.7
4808,19095,243,97,345.81,339,968.0
4809,15125,180,97,268.146,275,968.2
4810,26435,368,97,497.99,465,968.7
4811,16450,194,97,288.54,290,968.9
4812,26500,368,97,498.12,464,969.4
4813,11490,100,97,177.36,197,969.8
4814,12155,115,97,193.99,211,970.0
4815,21140,282,97,391.54,377,970.3
4816,14595,169,97,254.51,265,970.5
4817,20525,260,97,371.23,355,970.8
4818,29010,375,97,526.74,470,971.3
4819,25210,341,97,467.52,437,972.0
4820,24113,330,97,450.97,427,972.4
4821,15235,183,97,270.11,280,972.6
4822,22200,300,97,411.24,396,973.0
4823,20654,278,97,384.66,373,973.3
4824,14325,169,97,253.27,264,973.5
4825,25155,350,97,475.438,446,974.3
4826,20870,275,97,383.7,371,974.6
4827,31860,432,97,592.12,527,975.2
4828,14035,157,97,241.03,254,975.4
4829,9275,50,97,121.65,146,975.5
4830,15590,178,97,269.72,273,975.7
4831,20065,258,97,364.73,353,976.3
4832,24755,338,97,462.53,433,976.8
4833,22435,302,97,416.27,397,977.1
4834,17820,239,97,333.3,335,977.4
4835,16725,211,97,302.73,306,977.7
4836,24570,331,97,455.54,426,978.4
4837,31587,470,97,614.25,565,979.0
4838,26825,361,97,495.91,456,979.4
4839,12200,116,97,195.1,214,979.6
4840,21795,298,97,407.13,393,980.0
4841,15480,190,97,277.8,287,980.2
4842,20170,273,97,376.4,368,980.8
4843,19459,259,97,360.55,354,981.2
4844,17305,222,97,315.39,317,981.4
4845,22300,301,97,414.5,396,981.8
4846,21270,282,97,392.28,377,982.1
4847,19820,263,97,366.96,358,982.8
4848,12200,116,97,195.1,213,983.0
4849,22582,305,97,420.4,400,983.4
4850,15395,185,97,272.73,281,983.6
4851,25530,341,97,470.96,437,984.0
4852,28815,372,97,522.81,467,984.5
4853,20235,274,97,377.77,369,985.2
4854,22605,301,97,419.286,396,985.6
4855,29475,389,97,541.57,484,986.1
4856,18660,242,97,340.88,337,986.3
4857,26630,341,97,481.68,437,986.8
4858,23320,321,97,438.668,416,987.5
4859,18185,237,97,333.53,332,987.7
4860,22438,313,97,425.716,408,988.1
4861,16160,204,97,293.64,299,988.4
4862,20370,276,97,379.92,371,988.7
4863,18600,252,97,348.52,347,989.0
4864,12200,116,97,195.1,212,989.5
4865,23425,309,97,429.97,404,989.9
4866,22625,306,97,421.11,401,990.2
4867,17490,222,97,316.64,317,990.5
4868,23875,329,97,447.39,424,990.9
4869,12565,124,97,203.99,221,991.1
4870,25258,359,97,480.14,455,991.8
4871,25425,333,97,466.43,428,992.2
4872,15203,186,97,273.39,280,992.4
4873,30040,416,97,561.2,511,992.9
4874,22787,278,97,404.25,374,993.3
4875,17284,217,97,312.04,312,993.8
4876,12200,116,97,195.1,212,994.0
4877,30385,405,97,560.37,631,994.8
4878,15692,183,97,273.66,279,995.0
4879,20896,280,97,387.28,375,995.3
4880,11490,100,97,177.36,196,995.4
4881,24885,342,97,466.53,438,996.2
4882,18920,249,97,348.7,344,996.5
4883,22270,311,97,421.972,406,996.9
4884,27645,368,97,509.39,464,997.3
4885,15330,184,97,271.54,279,997.6
4886,22380,284,97,404.14,379,998.1
4887,24205,332,97,452.874,427,998.6
4888,27855,355,97,502.91,450,999.0
4889,19420,267,97,368.608,430,999.4
4890,19642,257,97,359.98,352,999.7
4891,20735,286,97,390.63,381,1000.3
4892,19545,253,97,356.75,349,1000.7
4893,16700,208,97,300.48,303,1000.9
4894,24304,331,97,452.6,427,1001.3
4895,14800,172,97,258.5,267,1001.6
4896,22935,307,97,423.39,402,1001.9
4897,12240,117,97,196.0,213,1002.1
4898,19460,246,97,350.96,341,1002.7
4899,12565,124,97,203.99,220,1002.9
4900,19355,245,97,349.25,340,1003.2
4901,26672,345,97,484.46,441,1003.6
4902,16440,205,97,296.06,300,1003.9
4903,23619,325,97,441.57,420,1004.3
4904,12565,124,97,203.99,220,1004.8
4905,26590,368,97,498.56,463,1005.3
4906,16515,215,97,305.25,311,1005.5
4907,12200,116,97,195.1,212,1005.7
4908,20476,261,97,370.52,357,1006.0
4909,17850,226,97,323.456,321,1006.3
4910,21700,289,97,400.76,385,1007.0
4911,15205,181,97,268.25,277,1007.2
4912,24445,345,97,462.63,440,1007.6
4913,18953,243,97,344.25,338,1007.9
4914,20220,276,97,379.24,371,1008.2
4915,25725,356,97,481.57,451,1008.9
4916,12200,116,97,195.1,212,1009.1
4917,22030,297,97,409.5,392,1009.5
4918,20725,267,97,377.13,362,1009.8
4919,12565,124,97,203.99,220,1010.0
4920,19960,251,97,358.64,346,1010.3
4921,22017,288,97,402.75,383,1010.6
4922,27185,358,97,497.37,2034,1014.0
4923,25295,351,97,474.75,446,1014.8
4924,11280,95,97,171.72,192,1014.9
4925,29880,390,97,544.22,486,1015.5
4926,23700,323,97,441.42,418,1015.9
4927,21415,281,97,392.35,378,1016.2
4928,18918,232,97,336.8,327,1016.8
4929,18690,233,97,334.68,328,1017.1
4930,24480,334,97,455.3,429,1017.6
4931,24129,326,97,447.43,422,1018.0
4932,16545,215,97,305.67,312,1018.2
4933,17370,224,97,317.62,319,1018.5
4934,26890,343,97,485.16,438,1019.2
4935,24335,339,97,458.93,434,1019.6
4936,25792,348,97,477.56,453,1020.1
4937,19665,254,97,358.29,351,1020.4
4938,12200,116,97,195.1,212,1020.5
4939,18805,231,97,335.07,326,1021.1
4940,23879,322,97,442.41,417,1021.5
4941,31105,403,97,564.75,498,1022.0
4942,25360,324,97,459.02,419,1022.4
4943,14470,166,97,251.2,261,1022.6
4944,22305,289,97,406.51,384,1023.0
4945,33105,446,97,611.73,541,1023.8
4946,24470,325,97,450.36,421,1024.2
4947,21014,272,97,383.24,367,1024.5
4948,23630,308,97,430.9,403,1024.9
4949,21995,297,97,409.31,392,1025.5
4950,24351,325,97,449.65,420,1026.0
4951,21820,294,97,404.5,390,1026.4
4952,23906,314,97,437.86,409,1026.8
4953,21893,301,97,411.15,396,1027.2
4954,23132,310,97,427.92,405,1027.8
4955,11490,100,97,177.36,196,1028.0
4956,24517,324,97,449.81,419,1028.4
4957,19005,238,97,341.31,334,1028.7
4958,27404,360,97,500.88,455,1029.1
4959,12160,115,97,194.0,211,1029.3
4960,25220,332,97,462.0,427,1029.7
4961,21192,275,97,386.64,370,1030.3
4962,12625,126,97,206.01,222,1030.5
4963,21827,296,97,406.47,391,1030.8
4964,14105,158,97,242.15,253,1031.0
4965,22252,292,97,407.54,387,1031.4
4966,22747,301,97,418.19,396,1031.7
4967,30175,395,97,549.87,490,1032.6
4968,18070,222,97,322.26,317,1032.8
4969,29705,382,97,537.09,477,1033.3
4970,11490,100,97,177.36,196,1033.4
4971,11055,90,97,166.17,186,1033.6
4972,25637,353,97,479.13,448,1034.3
4973,23740,316,97,437.72,414,1034.7
4974,30292,392,97,548.98,487,1035.2
4975,22508,295,97,411.24,391,1035.5
4976,25570,325,97,460.58,420,1036.0
4977,20432,262,97,370.92,357,1036.6
4978,25032,333,97,460.34,428,1037.0
4979,21580,287,97,398.58,383,1037.4
4980,29057,379,97,529.43,474,1037.9
4981,32081,428,97,590.65,523,1038.4
4982,23839,311,97,434.75,406,1039.1
4983,24127,327,97,448.43,422,1039.5
4984,23835,315,97,437.33,410,1039.9
4985,20007,263,97,367.71,359,1040.2
4986,12970,127,97,209.62,223,1040.4
4987,25179,329,97,460.25,424,1041.1
4988,28491,377,97,522.21,472,1041.6
4989,23324,305,97,426.62,400,1042.0
4990,16391,187,97,283.23,282,1042.2
4991,24654,325,97,451.44,420,1042.6
4992,20517,252,97,364.77,347,1043.0
4993,24277,319,97,444.09,414,1043.7
4994,23008,308,97,425.32,403,1044.1
4995,28060,373,97,515.22,468,1044.5
4996,24302,309,97,438.0,404,1044.9
4997,23482,315,97,434.26,410,1045.3
4998,22767,292,97,412.35,387,1045.9
4999,29933,389,97,544.65,484,1046.4
5000,25302,336,97,464.26,432,1046.8
5001,30845,411,97,566.79,506,1047.4
5002,23222,301,97,423.32,396,1048.1
5003,19457,242,97,348.17,337,1048.4
5004,26177,352,97,483.43,447,1048.8
5005,22227,293,97,408.15,388,1049.2
5006,21106,271,97,383.0,366,1049.5
5007,22107,289,97,404.01,385,1049.8
5008,12565,124,97,203.99,220,1050.3
5009,27980,350,97,500.1,445,1050.7
5010,23890,324,97,444.22,419,1051.1
5011,22599,297,97,413.89,392,1051.5
5012,12565,124,97,203.99,222,1051.6
5013,31742,411,97,576.0,506,1052.5
5014,28565,362,97,513.69,457,1052.9
5015,23450,316,97,434.0,411,1053.3
5016,22032,289,97,403.66,384,1053.7
5017,21402,276,97,388.92,371,1054.0
5018,22230,287,97,404.0,382,1054.7
5019,23359,310,97,429.41,405,1055.1
5020,28360,363,97,512.12,459,1055.6
5021,12565,124,97,203.99,220,1055.8
5022,34239,468,97,637.17,563,1056.4
5023,23317,303,97,424.95,398,1057.2
5024,22899,295,97,415.85,391,1057.6
5025,20425,262,97,370.31,358,1057.9
5026,23065,301,97,420.85,402,1058.4
5027,23218,310,97,428.68,405,1058.8
5028,31122,416,97,572.72,511,1059.7
5029,12565,124,97,203.99,220,1059.8
5030,21797,283,97,397.27,378,1060.2
5031,20342,258,97,367.44,354,1060.6
5032,22612,299,97,415.62,394,1061.0
5033,29682,402,97,550.12,497,1061.5
5034,21112,270,97,381.98,365,1062.1
5035,29527,379,97,533.67,474,1062.6
5036,21097,271,97,382.97,367,1063.0
5037,23165,304,97,424.17,399,1063.3
5038,15087,171,97,260.13,266,1063.6
5039,23756,311,97,434.26,406,1064.3
5040,28908,371,97,523.2,467,1064.8
5041,11490,100,97,177.36,197,1065.0
5042,12625,126,97,206.25,222,1065.1
5043,22962,306,97,423.76,402,1065.6
5044,12565,124,97,203.99,220,1065.7
5045,22212,298,97,410.78,393,1066.1
5046,22459,295,97,411.57,391,1066.8
5047,22437,294,97,410.39,390,1067.2
5048,27114,354,97,494.46,449,1067.7
5049,22822,301,97,418.76,396,1068.1
5050,27997,368,97,511.71,463,1068.8
5051,22727,301,97,417.99,396,1069.4
5052,25220,334,97,462.28,429,1069.8
5053,22375,299,97,413.29,394,1070.2
5054,22484,294,97,410.68,389,1070.5
5055,26365,365,97,493.81,460,1071.3
5056,19262,250,97,352.32,345,1071.6
5057,28988,369,97,522.1,464,1072.1
5058,31131,410,97,569.63,506,1072.6
5059,14370,170,97,254.38,265,1072.9
5060,15053,171,97,259.89,266,1073.1
5061,22637,298,97,414.99,394,1073.7
5062,32917,444,97,609.05,539,1074.3
5063,29119,373,97,526.27,468,1074.8
5064,23407,313,97,432.27,408,1075.2
5065,15585,183,97,273.17,280,1075.5
5066,28054,370,97,513.62,465,1076.3
5067,21859,284,97,398.41,380,1076.7
5068,29867,386,97,541.65,482,1077.2
5069,12565,124,97,203.99,220,1077.3
5070,23644,308,97,431.26,403,1077.7
5071,23432,317,97,435.98,412,1078.4
5072,12250,117,97,196.06,213,1078.6
5073,24682,335,97,458.36,430,1079.0
5074,23347,313,97,431.55,408,1079.4
5075,12200,116,97,195.1,214,1079.6
5076,15660,199,97,287.3,294,1079.9
5077,31494,414,97,574.98,517,1080.7
5078,27275,359,97,498.81,454,1081.2
5079,23498,306,97,428.5,401,1081.6
5080,23002,304,97,422.24,399,1082.0
5081,22540,301,97,416.14,396,1082.4
5082,28162,373,97,516.7,469,1083.3
5083,20494,266,97,373.38,361,1083.6
5084,22427,295,97,411.37,390,1084.0
5085,23258,308,97,426.94,403,1084.4
5086,29469,378,97,532.57,473,1084.9
5087,21252,272,97,384.66,369,1085.6
5088,9160,48,97,119.0,145,1085.7
5089,32557,437,97,600.79,534,1086.3
5090,29410,381,97,533.84,476,1086.8
5091,26664,363,97,495.62,458,1087.3
5092,33478,455,97,621.66,550,1088.3
5093,32705,420,97,591.55,515,1088.9
5094,23002,303,97,421.36,399,1089.2
5095,14325,169,97,253.27,271,1089.5
5096,29510,384,97,536.98,479,1090.0
5097,31598,426,97,584.02,521,1090.9
5098,33209,450,97,615.89,545,1091.5
5099,12565,124,97,203.99,220,1091.7
5100,26555,358,97,492.07,453,1092.2
5101,22190,287,97,402.82,383,1092.8
5102,31255,412,97,571.75,526,1093.4
5103,21810,287,97,399.9,382,1093.8
5104,21455,282,97,393.43,377,1094.2
5105,29852,386,97,541.58,482,1094.7
5106,26615,356,57,432.23,2200,1098.7
5107,32342,422,97,588.86,517,1099.6
5108,23155,308,97,426.41,403,1100.0
5109,21782,282,97,396.38,378,1100.3
5110,32617,429,97,596.47,525,1100.9
5111,22444,285,97,404.42,380,1101.5
5112,22489,298,97,414.09,393,1101.9
5113,30414,395,97,552.52,492,1102.4
5114,25316,342,97,469.68,437,1102.9
5115,31167,419,97,575.55,514,1103.5
5116,28067,372,97,515.99,467,1104.3
5117,12565,124,97,203.99,220,1104.5
5118,21476,276,97,389.42,371,1104.9
5119,29274,375,97,528.9,475,1105.4
5120,22947,296,97,416.95,391,1105.7
5121,27255,351,97,494.13,446,1106.5
5122,22907,301,97,419.09,396,1106.9
5123,24705,330,97,455.21,425,1107.3
5124,32105,442,97,599.99,537,1107.9
5125,24430,339,97,457.22,434,1108.3
5126,20857,260,97,373.59,355,1109.0
5127,20327,257,97,366.31,352,1109.3
5128,21370,278,97,389.54,374,1109.7
5129,17852,220,97,318.4,316,1110.0
5130,22006,286,97,401.1,381,1110.3
5131,22619,296,97,413.19,391,1111.0
5132,22983,308,97,425.31,403,1111.4
5133,22740,297,97,415.68,392,1111.8
5134,20757,264,97,374.97,359,1112.2
5135,30482,403,97,558.02,498,1112.7
5136,20787,271,43,318.09,2200,1116.5
5137,23657,308,97,431.07,403,1117.2
5138,12115,114,97,192.89,210,1117.4
5139,21637,281,97,394.69,376,1117.8
5140,11490,100,97,177.36,196,1117.9
5141,11490,100,97,177.36,196,1118.1
5142,19802,247,97,354.8,343,1118.4
5143,11490,100,97,177.36,196,1118.5
5144,11490,100,97,177.36,197,1118.7
5145,11490,100,97,177.36,196,1119.1
5146,11490,100,97,177.36,196,1119.3
5147,22972,295,97,415.96,390,1119.7
5148,11490,100,97,177.36,196,1119.9
5149,23502,296,97,422.12,391,1120.2
5150,12200,116,97,195.1,212,1120.4
5151,12200,116,97,195.1,212,1120.6
5152,12115,114,97,192.89,210,1120.7
5153,12155,115,97,193.99,211,1121.1
5154,11490,100,97,177.36,196,1121.3
5155,12200,116,97,195.1,212,1121.5
5156,12200,116,97,195.1,212,1121.6
5157,11490,100,97,177.36,196,1121.8
5158,10740,83,97,158.4,179,1121.9
5159,19442,241,97,347.42,336,1122.2
5160,12200,116,97,195.1,212,1122.4
5161,11490,100,97,177.36,196,1122.5
5162,20872,259,97,373.12,354,1123.1
5163,21362,266,97,382.26,361,1123.5
5164,12160,115,97,194.0,211,1123.6
5165,22412,292,97,408.42,387,1124.0
5166,21787,282,97,396.43,377,1124.3
5167,11280,95,97,171.72,192,1124.4
5168,11490,100,97,177.36,196,1124.6
5169,12200,116,97,195.1,212,1124.8
5170,12235,117,97,195.99,213,1125.2
5171,11490,100,97,177.36,196,1125.3
5172,11490,100,97,177.36,196,1125.5
5173,21677,280,97,394.09,375,1125.8
5174,11490,100,97,177.36,196,1126.0
5175,23767,310,97,433.49,405,1126.4
5176,11490,100,97,177.36,196,1126.6
5177,11490,100,97,177.36,196,1126.7
5178,12200,116,97,195.1,212,1127.2
5179,12205,116,97,195.11,212,1127.3
5180,19362,240,97,346.0,335,1127.7
5181,11490,100,97,177.36,196,1127.8
5182,23517,314,97,433.67,409,1128.2
5183,24022,314,97,438.38,409,1128.6
5184,23887,312,97,435.89,407,1129.3
5185,22667,298,97,415.13,393,1129.7
5186,19717,246,97,353.45,341,1130.1
5187,21152,273,97,385.06,368,1130.4
5188,20172,255,97,363.66,350,1130.7
5189,23722,309,97,432.38,404,1131.1
5190,23717,309,97,432.35,404,1131.8
5191,24303,319,97,444.25,414,1132.2
5192,12200,116,97,195.1,212,1132.3
5193,21682,280,97,394.12,375,1132.7
5194,23282,301,97,423.02,396,1133.1
5195,22377,292,97,408.37,387,1133.5
5196,29612,388,97,540.2,483,1134.3
5197,11490,100,97,177.36,196,1134.4
5198,12160,115,97,194.0,211,1134.6
5199,22743,300,97,417.19,395,1135.0
5200,29887,402,97,551.95,497,1135.5
5201,23647,308,97,431.09,401,1136.3
5202,12520,123,97,202.88,219,1136.5
5203,22907,294,97,414.87,389,1136.8
5204,22632,306,97,420.14,401,1137.2
5205,11940,110,97,188.46,206,1137.4
5206,30430,408,97,561.02,503,1137.9
5207,21654,279,97,392.96,374,1138.6
5208,24307,319,97,444.29,414,1139.0
5209,24132,318,97,442.32,413,1139.4
5210,24162,318,97,442.46,413,1139.8
5211,29887,386,97,541.81,481,1140.3
5212,31737,421,97,582.45,516,1141.2
5213,23575,310,97,431.45,405,1141.6
5214,22622,289,97,408.9,384,1142.0
5215,11490,100,97,177.36,196,1142.1
5216,29747,391,97,543.53,486,1142.7
5217,23622,309,97,431.72,404,1143.4
5218,21742,282,97,396.08,377,1143.8
5219,22307,292,97,407.89,387,1144.2
5220,30407,411,97,562.01,507,1144.7
5221,21772,282,97,396.08,377,1145.1
5222,23307,302,97,424.01,397,1145.7
5223,30572,404,97,559.16,499,1146.2
5224,24187,317,97,441.89,412,1146.6
5225,23887,311,97,434.89,406,1147.0
5226,24127,315,97,439.69,410,1147.4
5227,23372,304,97,426.18,399,1148.1
5228,31777,420,97,581.93,515,1148.7
5229,23467,314,97,433.53,411,1149.1
5230,21987,285,97,399.91,386,1149.4
5231,30164,408,97,558.66,503,1150.1
5232,30037,397,97,550.23,492,1150.7
5233,21803,283,97,397.19,378,1151.0
5234,22697,291,97,411.03,386,1151.3
5235,21852,283,97,397.14,378,1151.7
5236,23647,308,97,431.09,403,1152.0
5237,20637,255,97,368.17,350,1152.7
5238,19952,251,97,359.04,346,1153.0
5239,31322,413,97,573.14,508,1153.5
5240,23392,303,97,425.36,398,1153.8
5241,29617,389,97,541.07,484,1154.7
5242,23797,311,97,434.43,406,1155.1
5243,19457,241,97,347.51,337,1155.4
5244,31490,419,97,578.48,514,1155.9
5245,23492,305,97,427.64,400,1156.3
5246,23767,310,97,433.49,405,1156.9
5247,12200,116,97,195.1,212,1157.1
5248,21657,274,97,390.51,369,1157.4
5249,12205,116,97,195.11,212,1157.6
5250,22632,289,97,409.02,384,1157.9
5251,22462,294,97,410.58,389,1158.3
5252,24607,324,97,450.29,420,1158.7
5253,21772,282,97,396.34,381,1159.4
5254,28052,368,97,511.84,463,1159.9
5255,22178,290,97,405.18,385,1160.2
5256,27052,351,97,491.48,446,1160.7
5257,22427,293,97,409.51,388,1161.0
5258,12645,125,97,205.09,221,1161.5
5259,24247,318,97,443.09,413,1161.9
5260,29420,380,97,533.06,476,1162.4
5261,20002,252,97,360.18,347,1162.7
5262,29602,380,97,535.06,476,1163.1
5263,21772,282,97,396.34,377,1163.7
5264,26067,326,97,466.61,422,1164.1
5265,22212,290,97,405.64,385,1164.5
5266,29227,390,97,537.83,485,1165.0
5267,23797,311,97,434.43,406,1165.4
5268,23912,314,97,437.74,409,1166.0
5269,21577,278,97,391.83,373,1166.4
5270,23532,306,97,428.72,401,1166.8
5271,22787,302,97,419.31,397,1167.1
5272,23167,299,97,420.65,394,1167.5
5273,23842,312,97,435.62,407,1168.2
5274,22567,288,97,407.81,383,1168.6
5275,23517,306,97,428.55,401,1168.9
5276,21520,281,97,393.1,376,1169.3
5277,14370,170,97,254.38,264,1169.5
5278,20842,259,97,372.94,354,1169.8
5279,30957,406,97,565.25,501,1170.6
5280,22512,294,97,410.86,389,1171.0
5281,30222,407,97,557.62,502,1171.5
5282,27092,353,97,493.54,448,1172.0
5283,24607,324,97,450.29,419,1172.7
5284,21867,276,97,393.37,371,1173.0
5285,11490,100,97,177.36,196,1173.2
5286,30647,415,97,566.81,510,1173.7
5287,23782,309,97,432.56,404,1174.1
5288,21258,274,97,386.52,369,1174.4
5289,29702,406,97,552.06,501,1175.2
5290,24817,334,97,458.31,429,1175.6
5291,24307,319,97,444.29,414,1176.0
5292,31682,418,97,579.68,513,1176.6
5293,23522,314,97,433.48,409,1177.3
5294,26817,340,97,482.91,435,1177.7
5295,23527,305,97,427.69,400,1178.1
5296,12445,121,97,200.61,217,1178.2
5297,12200,116,97,195.1,212,1178.4
5298,23887,311,97,434.89,406,1178.8
5299,22327,292,97,407.91,387,1179.4
5300,22017,285,97,400.17,380,1179.7
5301,18877,230,97,334.89,325,1180.1
5302,21657,279,97,392.97,374,1180.4
5303,19457,241,97,347.51,336,1180.7
5304,23797,311,97,434.43,406,1181.1
5305,28347,367,97,514.91,462,1181.8
5306,10740,83,97,158.4,190,1182.0
5307,22892,293,97,413.8,388,1182.3
5308,23452,305,97,427.34,400,1182.7
5309,29670,389,97,541.28,484,1183.2
5310,19847,248,97,355.91,343,1183.8
5311,12565,124,97,203.99,220,1184.0
5312,22202,280,97,398.56,375,1184.3
5313,23557,306,97,428.63,401,1184.7
5314,23775,313,97,434.95,408,1185.1
5315,22032,287,97,402.02,383,1185.4
5316,22357,285,97,403.79,380,1186.0
5317,23677,308,97,431.27,403,1186.4
5318,28117,368,97,512.07,463,1186.9
5319,19772,248,97,355.36,343,1187.2
5320,23502,305,97,427.46,400,1187.5
5321,12205,116,97,195.11,212,1188.0
5322,23527,305,97,427.69,400,1188.4
5323,23662,308,97,431.18,403,1188.8
5324,23577,307,97,429.83,402,1189.2
5325,23582,306,97,428.86,401,1189.5
5326,20482,252,97,364.72,347,1190.2
5327,11490,100,97,177.36,196,1190.4
5328,28633,379,97,524.53,474,1190.9
5329,12160,115,97,194.0,211,1191.0
5330,19612,253,97,357.0,348,1191.3
5331,23637,307,97,430.03,402,1191.8
5332,12445,121,97,200.61,217,1191.9
5333,30202,408,97,559.02,502,1192.8
5334,26087,342,97,476.39,436,1193.2
5335,12155,115,97,193.99,211,1193.3
5336,27742,362,97,504.94,457,1193.8
5337,23527,306,97,428.61,401,1194.2
5338,17427,212,97,309.13,307,1194.7
5339,30752,408,97,563.78,503,1195.2
5340,11490,100,97,177.36,196,1195.4
5341,24027,305,97,432.83,400,1195.8
5342,20162,255,97,363.84,350,1196.1
5343,19757,246,97,353.51,341,1196.4
5344,22522,288,97,407.38,383,1197.0
5345,19282,245,97,347.98,340,1197.3
5346,19747,246,97,353.63,340,1197.6
5347,20747,257,97,370.51,352,1197.9
5348,11490,100,97,177.36,196,1198.1
5349,23260,313,97,431.02,408,1198.5
5350,18192,218,97,320.52,313,1199.1
5351,12460,122,97,201.86,218,1199.3
5352,18192,218,97,320.52,313,1199.6
5353,19532,243,97,349.56,338,1199.9
5354,23647,307,97,430.09,402,1200.2
5355,23582,306,97,428.86,401,1200.6
5356,19907,250,97,357.93,345,1201.2
5357,23197,299,97,420.67,394,1201.6
5358,24247,317,97,442.09,412,1202.0
5359,23937,312,97,435.95,407,1202.4
5360,22243,299,97,411.75,394,1202.7
5361,12200,116,97,195.1,212,1202.9
5362,24062,314,97,438.46,409,1203.6
5363,27692,360,97,502.8,455,1204.0
5364,19587,243,97,349.95,338,1204.3
5365,24087,306,97,434.03,401,1204.7
5366,24007,313,97,437.29,408,1205.1
5367,19847,248,97,355.91,343,1205.7
5368,23807,310,97,433.57,405,1206.1
5369,19637,244,97,351.11,338,1206.4
5370,23482,304,97,426.58,399,1206.7
5371,24102,306,97,434.12,400,1207.1
5372,23290,305,97,425.38,400,1207.7
5373,18812,229,97,333.66,324,1208.1
5374,20637,255,97,368.17,350,1208.4
5375,22422,285,97,404.26,380,1208.7
5376,12625,126,97,206.01,222,1208.9
5377,18192,218,97,320.52,313,1209.2
5378,19432,241,97,347.28,336,1209.5
5379,31212,408,97,568.68,503,1210.4
5380,24007,313,97,437.29,407,1210.8
5381,19797,248,97,355.59,342,1211.1
5382,23682,308,97,431.14,403,1211.4
5383,20057,253,97,361.53,348,1211.7
5384,24277,319,97,443.95,414,1212.5
5385,8910,41,97,111.6,138,1212.5
5386,23382,302,97,424.28,396,1212.9
5387,22562,280,97,402.96,375,1213.2
5388,23907,303,97,430.43,397,1213.6
5389,23982,304,97,431.72,398,1214.0
5390,18917,232,97,336.61,326,1214.6
5391,18497,224,97,327.31,321,1214.9
5392,20917,266,97,377.45,361,1215.2
5393,12625,126,97,206.01,222,1215.4
5394,23537,298,97,424.17,393,1215.7
5395,32262,427,97,591.0,522,1216.5
5396,12625,126,97,206.25,221,1216.7
5397,22812,293,97,413.48,388,1217.0
5398,24862,320,97,450.6,415,1217.4
5399,19402,240,97,346.34,335,1217.7
5400,23637,307,97,430.03,402,1218.1
5401,23227,300,97,421.69,395,1218.8
5402,18192,218,97,320.52,313,1219.1
5403,23527,305,97,427.69,400,1219.4
5404,20327,256,97,365.51,351,1219.7
5405,23032,306,97,423.9,401,1220.1
5406,23227,300,97,421.69,394,1220.5
5407,24147,307,97,435.23,402,1221.1
5408,24682,317,97,447.0,412,1221.5
5409,19347,239,97,345.17,334,1221.8
5410,23907,304,97,431.43,399,1222.2
5411,23502,297,97,423.12,392,1222.5
5412,20172,253,97,362.06,347,1223.2
5413,12160,115,97,194.0,211,1223.3
5414,24027,305,97,432.83,399,1223.7
5415,34712,472,97,643.76,569,1224.3
5416,19457,241,97,347.51,336,1224.6
5417,12245,117,97,196.21,214,1224.8
5418,23925,304,97,431.25,398,1225.5
5419,19920,256,97,362.18,351,1225.8
5420,24147,307,97,435.23,402,1226.1
5421,24162,308,97,436.32,403,1226.5
5422,23547,297,97,423.23,392,1226.9
5423,23797,301,97,428.09,396,1227.5
5424,23917,313,97,437.37,408,1227.9
5425,19512,242,97,348.68,337,1228.2
5426,22012,285,97,400.14,380,1228.7
5427,21942,276,97,393.66,371,1229.0
5428,23502,297,97,422.98,392,1229.7
5429,23232,293,97,418.14,388,1230.1
5430,23207,292,97,416.91,387,1230.5
5431,22841,285,97,408.73,380,1230.8
5432,23725,304,97,429.29,399,1231.2
5433,33477,433,97,607.17,528,1232.0
5434,24027,305,97,432.83,400,1232.4
5435,21842,282,97,396.6,377,1232.7
5436,20807,265,97,375.93,359,1233.0
5437,20332,256,97,365.54,351,1233.3
5438,23337,293,97,418.61,388,1233.7
5439,19797,248,97,355.59,343,1234.3
5440,8910,41,97,111.6,137,1234.4
5441,21107,264,97,378.73,360,1234.7
5442,23227,299,97,420.77,393,1235.1
5443,20632,255,97,368.14,351,1235.4
5444,18512,224,97,327.5,319,1235.6
5445,24117,307,97,435.23,401,1236.3
5446,31782,418,97,580.52,513,1236.8
5447,23330,298,97,421.88,392,1237.2
5448,21847,283,97,397.65,378,1237.6
5449,24427,312,97,441.11,407,1237.9
5450,12200,116,97,195.1,212,1238.1
5451,23132,307,97,425.48,402,1238.9
5452,20502,259,97,369.08,353,1239.2
5453,23967,304,97,431.63,399,1239.5
5454,21503,270,97,386.03,364,1239.9
5455,21711,280,97,393.95,375,1240.2
5456,21322,267,97,382.54,362,1240.9
5457,19707,246,97,353.39,341,1241.2
5458,21597,281,97,394.21,376,1241.6
5459,32607,442,97,603.79,537,1242.1
5460,25102,330,97,458.34,425,1242.5
5461,20852,259,97,372.82,353,1243.1
5462,25050,324,97,454.8,419,1243.5
5463,21552,271,97,387.28,366,1243.9
5464,22285,279,97,399.47,373,1244.2
5465,23252,300,97,421.84,395,1244.6
5466,23032,296,97,417.16,391,1245.2
5467,22442,286,97,405.24,381,1245.6
5468,19172,237,97,342.34,332,1245.9
5469,21090,275,97,385.96,370,1246.2
5470,20582,254,97,367.0,349,1246.5
5471,19462,241,97,347.54,336,1246.8
5472,23767,309,97,432.49,404,1247.5
5473,9275,50,97,121.65,146,1247.6
5474,24686,317,97,446.68,412,1248.0
5475,12565,124,97,203.99,220,1248.1
5476,23392,294,97,419.78,390,1248.6
5477,23942,305,97,432.22,400,1248.9
5478,24137,307,97,435.15,402,1249.7
5479,23807,301,97,428.15,396,1250.1
5480,20312,266,97,372.26,361,1250.4
5481,22817,292,97,412.51,386,1250.8
5482,20047,253,97,361.21,348,1251.1
5483,24282,310,97,438.56,405,1251.4
5484,22857,301,97,418.81,395,1252.1
5485,21317,268,97,383.35,363,1252.5
5486,19907,250,97,357.93,345,1252.8
5487,20567,264,97,373.51,358,1253.1
5488,19522,243,97,349.64,338,1253.4
5489,21682,274,97,390.58,368,1254.0
5490,32732,431,97,599.2,526,1254.6
5491,19482,243,97,349.4,338,1254.9
5492,22527,280,97,402.83,375,1255.2
5493,12240,117,97,196.0,213,1255.3
5494,27517,352,97,497.33,447,1255.8
5495,24707,319,97,448.97,413,1256.5
5496,12680,126,97,206.14,222,1256.7
5497,26242,345,97,479.86,440,1257.1
5498,23242,300,97,422.48,395,1257.4
5499,30457,394,97,552.13,489,1257.9
5500,12790,130,97,210.54,226,1258.4
5501,20002,252,97,360.36,348,1258.8
5502,23533,297,97,423.13,392,1259.2
5503,23962,304,97,431.6,399,1259.5
5504,22625,285,97,406.75,380,1259.9
5505,18757,230,97,333.79,325,1260.2
5506,20533,264,97,373.55,360,1260.8
5507,11940,110,97,188.46,206,1261.0
5508,25513,323,97,459.05,418,1261.4
5509,19402,241,97,347.18,336,1261.7
5510,12445,121,97,200.61,217,1261.8
5511,31422,406,97,570.0,501,1262.4
5512,14313,158,97,244.29,253,1262.9
5513,23142,308,97,426.38,403,1263.3
5514,26448,351,97,486.3,446,1263.7
5515,24152,307,97,435.26,402,1264.1
5516,21682,281,97,394.72,376,1264.4
5517,9275,50,97,121.65,146,1264.5
5518,24407,315,97,443.59,410,1265.2
5519,24793,320,97,449.85,414,1265.6
5520,24951,323,97,453.69,418,1266.0
5521,24987,322,97,453.03,417,1266.4
5522,23017,297,97,418.75,391,1266.8
5523,21563,279,97,392.47,374,1267.4
5524,19939,250,97,357.95,345,1267.7
5525,23082,299,97,420.2,395,1268.1
5526,28843,364,97,517.11,459,1268.6
5527,19827,248,97,355.79,343,1268.9
5528,20812,259,97,372.5,354,1269.5
5529,12565,123,97,203.09,219,1269.7
5530,26462,333,97,474.8,428,1270.2
5531,23582,298,97,424.46,393,1270.5
5532,22370,289,97,406.44,384,1270.9
5533,12565,124,97,203.99,220,1271.0
5534,22302,285,97,403.54,380,1271.7
5535,21017,269,97,380.73,364,1272.1
5536,23610,311,97,432.82,406,1272.5
5537,20152,255,97,363.62,350,1272.9
5538,18739,229,97,332.75,324,1273.2
5539,24539,318,97,446.87,413,1273.7
5540,28774,385,97,530.84,481,1274.7
5541,21128,271,97,383.02,366,1275.1
5542,22581,287,97,407.31,382,1275.4
5543,27637,362,97,504.77,457,1275.9
5544,23816,302,97,428.86,397,1276.2
5545,16272,192,97,284.88,287,1276.9
5546,18346,223,97,325.34,318,1277.1
5547,32127,420,97,586.09,529,1277.7
5548,20332,259,97,367.98,354,1278.0
5549,9275,50,97,121.65,146,1278.1
5550,25045,336,97,462.13,431,1278.5
5551,23607,298,97,424.43,393,1279.2
5552,23853,303,97,430.19,398,1279.6
5553,21488,276,97,389.32,371,1279.9
5554,28572,387,97,529.3,482,1280.4
5555,23847,303,97,430.23,398,1280.8
5556,24615,320,97,448.23,415,1281.5
5557,22067,291,97,405.45,390,1281.8
5558,24952,321,97,451.9,416,1282.2
5559,29503,386,97,537.73,481,1282.7
5560,21617,279,97,392.57,374,1283.0
5561,24605,321,97,449.31,416,1283.7
5562,18660,235,97,335.96,330,1284.0
5563,18118,219,97,320.62,314,1284.3
5564,28037,361,97,508.01,456,1284.7
5565,18552,225,97,328.66,320,1285.0
5566,22977,297,97,418.09,392,1285.7
5567,19490,243,97,349.14,338,1286.0
5568,21597,272,97,388.37,367,1286.3
5569,22119,286,97,401.39,381,1286.6
5570,14415,171,97,255.49,265,1286.9
5571,23457,297,97,422.63,392,1287.2
5572,27972,358,97,504.94,453,1288.0
5573,23433,294,97,419.75,389,1288.4
5574,21783,283,97,397.07,379,1288.7
5575,12625,126,97,206.01,222,1288.9
5576,23917,312,97,436.11,408,1289.3
5577,25162,318,97,452.86,413,1290.0
5578,20537,253,97,366.37,349,1290.3
5579,24337,311,97,439.65,406,1290.8
5580,16980,201,97,297.92,298,1291.0
5581,20437,259,97,368.67,354,1291.3
5582,21102,261,97,375.92,356,1291.7
5583,24303,314,97,442.17,409,1292.4
5584,19733,248,97,354.99,344,1292.8
5585,19837,248,97,355.87,343,1293.1
5586,19542,243,97,349.72,338,1293.4
5587,23192,290,97,415.24,385,1293.7
5588,21600,277,97,392.36,372,1294.1
5589,24180,316,97,442.72,411,1294.9
5590,19653,258,97,361.43,355,1295.2
5591,25818,345,97,477.48,440,1295.7
5592,20295,252,97,362.73,347,1296.0
5593,32902,439,97,604.88,535,1296.6
5594,24860,323,97,452.22,418,1297.4
5595,21227,273,97,385.15,368,1297.7
5596,24957,326,97,456.51,421,1298.2
5597,17810,221,97,318.4,316,1298.4
5598,26020,335,97,471.22,430,1298.9
5599,22082,272,97,393.28,367,1299.6
5600,20652,264,97,374.24,359,1300.0
5601,21922,277,97,394.54,372,1300.4
5602,22680,282,97,405.16,377,1300.8
5603,21687,280,97,394.01,375,1301.1
5604,20415,255,97,366.47,350,1301.4
5605,28272,358,97,508.86,453,1302.3
5606,18411,224,97,326.67,319,1302.6
5607,20878,259,97,372.86,354,1302.9
5608,22794,284,97,407.78,379,1303.3
5609,21273,274,97,386.53,369,1303.7
5610,21888,278,97,395.46,373,1304.4
5611,20545,272,97,378.91,367,1304.7
5612,21700,271,97,389.22,366,1305.1
5613,22802,285,97,408.46,381,1305.4
5614,20572,254,97,367.2,349,1305.7
5615,18643,236,97,336.49,331,1306.0
5616,18510,239,97,337.82,334,1306.7
5617,19325,250,97,352.93,345,1307.0
5618,20888,260,97,373.76,356,1307.4
5619,19887,250,97,357.81,345,1307.7
5620,19536,243,97,349.66,338,1308.0
5621,23041,296,97,417.71,391,1308.4
5622,19712,247,97,354.16,342,1309.1
5623,20512,252,97,365.4,347,1309.4
5624,18033,227,97,325.43,322,1309.7
5625,22177,282,97,400.69,377,1310.0
5626,23642,300,97,426.24,395,1310.5
5627,22780,294,97,414.44,390,1311.2
5628,33632,436,97,610.62,535,1311.8
5629,28182,357,97,507.42,452,1312.3
5630,18318,233,97,332.14,329,1312.6
5631,27197,363,97,500.67,458,1313.2
5632,23603,299,97,425.13,394,1314.2
5633,23125,293,97,416.45,388,1314.6
5634,18783,230,97,334.21,325,1314.9
5635,23977,307,97,434.29,402,1315.3
5636,22186,298,97,410.44,393,1315.7
5637,22862,295,97,415.26,390,1316.3
5638,19817,249,97,356.71,344,1316.7
5639,12565,124,97,203.99,220,1316.9
5640,22537,288,97,407.63,383,1317.2
5641,19127,236,97,341.17,331,1317.5
5642,24717,328,97,454.75,423,1317.9
5643,18580,226,97,329.62,321,1318.5
5644,21994,282,97,399.52,377,1319.0
5645,27547,368,97,507.25,465,1319.4
5646,22025,291,97,404.89,391,1319.8
5647,28427,359,97,510.65,454,1320.3
5648,20500,260,97,370.04,355,1320.9
5649,22207,282,97,401.11,377,1321.3
5650,14540,177,97,261.26,274,1321.5
5651,27217,363,97,501.07,471,1322.1
5652,21796,284,97,398.0,379,1322.5
5653,23048,290,97,414.2,385,1322.8
5654,28652,371,97,519.8,466,1323.7
5655,20089,253,97,361.57,348,1324.1
5656,19852,249,97,356.76,344,1324.4
5657,20692,256,97,369.34,351,1324.7
5658,19504,242,97,348.8,337,1325.1
5659,12200,116,97,195.1,212,1325.2
5660,23887,295,97,425.05,390,1326.1
5661,23269,301,97,422.77,396,1326.4
5662,19338,239,97,345.0,334,1326.7
5663,25408,313,97,451.7,408,1327.1
5664,26927,332,97,478.81,428,1327.5
5665,19485,246,97,351.97,341,1328.2
5666,23037,293,97,416.67,388,1328.6
5667,21172,262,97,377.3,357,1328.9
5668,22297,282,97,401.01,377,1329.3
5669,20112,261,97,366.36,356,1329.6
5670,20913,268,97,379.25,363,1329.9
5671,24698,321,97,450.74,416,1330.6
5672,21017,262,97,376.51,357,1330.9
5673,26457,350,97,485.57,445,1331.4
5674,25242,319,97,453.94,414,1331.8
5675,17750,222,97,318.86,317,1332.0
5676,26402,341,97,479.48,444,1332.9
5677,21944,277,97,394.48,372,1333.2
5678,19860,252,97,358.78,348,1333.5
5679,12670,127,97,207.22,223,1333.7
5680,24732,320,97,449.6,415,1334.0
5681,23382,296,97,421.38,391,1334.4
5682,18667,220,97,326.93,315,1335.0
5683,26662,337,97,479.36,433,1335.4
5684,23695,304,97,429.19,399,1335.8
5685,20064,252,97,360.56,347,1336.1
5686,22485,286,97,406.47,381,1336.4
5687,23417,295,97,420.93,390,1337.0
5688,20659,263,97,373.35,358,1337.4
5689,34112,456,97,628.66,562,1338.0
5690,19297,240,97,345.55,335,1338.3
5691,23262,293,97,418.16,388,1338.6
5692,20824,275,97,382.76,370,1339.2
5693,23398,301,97,423.56,396,1339.6
5694,21913,284,97,398.43,379,1339.9
5695,34112,456,97,628.32,617,1340.7
5696,12645,125,97,205.09,221,1340.8
5697,18600,223,97,328.18,318,1341.3
5698,22967,287,97,411.25,382,1341.8
5699,22122,288,97,403.32,383,1342.1
5700,21842,282,97,396.44,377,1342.4
5701,21749,281,97,395.19,376,1342.8
5702,18187,220,97,321.97,315,1343.1
5703,27143,344,97,488.03,439,1343.8
5704,26387,331,97,473.05,426,1344.2
5705,27875,371,97,512.79,466,1344.7
5706,20912,269,97,380.2,365,1345.0
5707,24795,324,97,452.71,419,1345.4
5708,23352,294,97,419.46,389,1346.1
5709,23682,298,97,424.72,393,1346.4
5710,21667,279,97,392.79,374,1346.8
5711,12565,124,97,203.99,220,1346.9
5712,23945,309,97,434.97,404,1347.3
5713,34062,457,97,629.02,571,1348.2
5714,21321,278,97,390.27,373,1348.6
5715,20628,272,97,379.26,367,1348.9
5716,24137,308,97,436.01,403,1349.3
5717,24382,313,97,441.84,408,1349.7
5718,17503,206,97,305.89,301,1349.9
5719,24362,314,97,442.7,410,1350.6
5720,11280,95,97,171.72,191,1350.7
5721,19709,252,97,356.61,347,1351.0
5722,21162,271,97,383.26,366,1351.4
5723,24157,319,97,443.47,414,1351.8
5724,21940,290,97,403.98,385,1352.4
5725,22305,296,97,410.75,391,1352.8
5726,18357,223,97,325.67,318,1353.1
5727,22127,281,97,399.49,377,1353.4
5728,14923,171,97,258.87,266,1353.6
5729,21782,281,97,395.22,377,1354.0
5730,23775,306,97,431.43,401,1354.6
5731,18782,230,97,334.1,325,1354.9
5732,20035,253,97,360.97,348,1355.2
5733,18838,232,97,335.94,327,1355.5
5734,23815,307,97,432.45,403,1355.9
5735,23507,297,97,423.01,392,1356.2
5736,25847,330,97,467.03,425,1357.0
5737,23423,295,97,420.69,390,1357.3
5738,23647,298,97,424.69,393,1357.7
5739,27042,356,97,493.94,451,1358.1
5740,22162,274,97,395.44,369,1358.5
5741,29085,375,97,528.23,470,1359.3
5742,21657,272,97,388.95,367,1359.6
5743,21788,275,97,391.98,370,1360.0
5744,22370,289,97,407.0,384,1360.3
5745,24807,320,97,450.11,416,1360.7
5746,12565,124,97,203.99,220,1361.1
5747,24272,311,97,439.68,406,1361.6
5748,21711,276,97,392.07,372,1361.9
5749,21462,270,97,385.9,365,1362.2
5750,19982,252,97,360.08,347,1362.5
5751,18352,223,97,325.48,318,1362.8
5752,28967,361,97,517.41,457,1363.6
5753,25218,318,97,452.96,414,1364.0
5754,19452,233,97,342.24,328,1364.3
5755,17860,222,97,320.14,318,1364.5
5756,24233,305,97,436.41,401,1364.9
5757,23455,318,97,435.91,413,1365.6
5758,14490,160,97,247.1,255,1365.8
5759,19972,251,97,359.16,346,1366.1
5760,22893,295,97,415.55,390,1366.5
5761,22637,293,97,412.51,388,1366.8
5762,23146,299,97,420.7,394,1367.2
5763,20612,255,97,368.46,350,1367.7
5764,24905,324,97,454.37,421,1368.1
5765,20424,258,97,368.34,353,1368.4
5766,27294,346,97,490.68,441,1368.9
5767,23324,303,97,424.9,398,1369.2
5768,23822,302,97,429.26,397,1369.9
5769,24477,314,97,443.17,409,1370.3
5770,18590,238,97,337.74,334,1370.6
5771,32900,422,97,594.28,517,1371.1
5772,23824,303,97,429.96,399,1371.5
5773,19120,235,97,340.36,330,1372.0
5774,23587,308,97,431.37,403,1372.4
5775,12565,124,97,203.99,220,1372.6
5776,23599,306,97,429.19,421,1373.0
5777,16857,204,97,298.55,299,1373.3
5778,20822,265,97,376.2,360,1373.6
5779,24192,318,97,442.92,413,1374.3
5780,23967,306,97,433.55,401,1374.7
5781,21642,274,97,390.44,369,1375.0
5782,23455,308,97,429.29,403,1375.4
5783,20075,259,97,365.63,354,1375.7
5784,21821,276,97,392.91,371,1376.0
5785,20612,265,97,374.7,360,1376.6
5786,23272,292,97,417.38,387,1377.0
5787,12565,124,97,203.99,220,1377.1
5788,20255,257,97,365.85,352,1377.4
5789,31887,415,97,580.53,510,1378.0
5790,24402,312,97,440.96,407,1378.7
5791,25555,336,97,468.49,433,1379.1
5792,12815,130,97,210.29,227,1379.3
5793,22723,282,97,405.43,377,1379.6
5794,27192,347,97,491.1,442,1380.1
5795,20491,272,97,378.27,367,1380.4
5796,24882,320,97,450.72,415,1381.1
5797,24420,309,97,439.92,404,1381.5
5798,21555,274,97,388.79,369,1381.8
5799,25548,340,97,469.74,435,1382.2
5800,24267,311,97,439.39,406,1382.6
5801,21172,256,97,374.28,351,1383.3
5802,20504,260,97,369.94,355,1383.6
5803,23068,280,97,407.98,375,1384.0
5804,21742,282,97,396.16,377,1384.3
5805,23577,309,97,431.31,404,1384.7
5806,18413,223,97,325.69,319,1385.3
5807,20808,260,97,373.04,355,1385.6
5808,12205,116,97,195.11,212,1385.8
5809,22212,282,97,400.4,377,1386.1
5810,22311,283,97,401.75,379,1386.5
5811,21038,260,97,374.78,355,1386.8
5812,18582,238,97,337.9,333,1387.3
5813,20358,256,97,365.58,351,1387.7
5814,22348,285,97,403.7,384,1388.0
5815,22062,287,97,402.3,382,1388.4
5816,21420,278,97,391.66,373,1388.7
5817,23617,284,97,416.67,380,1389.0
5818,23615,294,97,422.37,389,1389.7
5819,24397,314,97,442.93,409,1390.0
5820,19458,255,97,357.62,351,1390.3
5821,22162,280,97,398.48,375,1390.7
5822,23947,313,97,437.29,408,1391.1
5823,23923,305,97,432.25,401,1391.8
5824,28267,373,97,517.85,468,1392.2
5825,18802,242,97,342.78,337,1392.5
5826,22397,284,97,403.27,379,1392.9
5827,12160,115,97,194.0,211,1393.1
5828,24150,307,97,436.6,402,1393.4
5829,19517,242,97,348.71,338,1394.0
5830,19702,249,97,355.74,345,1394.3
5831,25792,345,97,475.18,440,1394.7
5832,21522,270,97,386.54,365,1395.1
5833,22481,288,97,407.11,383,1395.4
5834,17747,225,97,321.71,320,1395.9
5835,19157,228,97,336.11,323,1396.2
5836,14993,170,97,258.65,265,1396.4
5837,20985,282,97,388.73,377,1396.8
5838,20497,252,97,365.33,347,1397.1
5839,9275,50,97,121.65,147,1397.2
5840,27751,356,97,502.27,451,1397.6
5841,24302,314,97,442.34,409,1398.3
5842,20429,250,97,363.23,345,1398.6
5843,18355,217,97,321.43,312,1398.9
5844,12610,125,97,205.2,221,1399.0
5845,23863,305,97,431.83,400,1399.4
5846,21182,257,97,375.36,352,1399.7
5847,11940,110,97,188.46,207,1400.1
5848,19353,234,97,342.41,329,1400.4
5849,20786,259,97,372.6,354,1400.7
5850,15602,173,97,266.7,269,1400.9
5851,20267,240,97,355.43,336,1401.3
5852,20944,251,97,368.56,347,1401.6
5853,24038,307,97,434.62,402,1402.3
5854,26280,331,97,471.82,426,1402.7
5855,21286,265,97,380.46,360,1403.0
5856,24478,299,97,434.06,394,1403.4
5857,21962,277,97,394.88,372,1403.7
5858,21135,265,97,378.87,360,1404.0
5859,20047,237,97,351.57,332,1404.6
5860,24017,290,97,424.43,385,1404.9
5861,26398,325,97,470.02,420,1405.3
5862,22863,284,97,408.01,379,1405.7
5863,21278,256,97,374.72,351,1406.0
5864,19655,242,97,350.61,337,1406.6
5865,21735,268,97,387.21,364,1406.9
5866,17479,209,97,308.15,304,1407.1
5867,26222,310,97,457.62,405,1407.5
5868,28477,372,97,519.97,468,1408.0
5869,19906,242,97,352.68,337,1408.3
5870,23545,298,97,424.09,393,1408.9
5871,20192,248,97,359.8,343,1409.2
5872,12645,125,97,205.09,222,1409.3
5873,21557,279,97,392.33,374,1409.7
5874,19715,234,97,346.01,329,1409.9
5875,23557,298,97,424.31,393,1410.3
5876,21015,258,97,373.93,354,1411.0
5877,21446,266,97,382.02,361,1411.3
5878,23230,296,97,420.32,391,1411.7
5879,25382,313,97,451.5,408,1412.1
5880,20717,248,97,364.83,343,1412.4
5881,22220,277,97,398.28,372,1413.0
5882,19465,238,97,346.07,333,1413.3
5883,12200,116,97,195.1,212,1413.4
5884,21542,262,97,381.88,357,1413.7
5885,21673,257,97,380.07,352,1414.0
5886,20270,258,97,366.02,353,1414.4
5887,19926,232,97,346.04,327,1414.9
5888,26863,333,97,479.39,428,1415.4
5889,23510,301,97,425.66,396,1415.8
5890,23512,296,97,422.18,391,1416.2
5891,27432,342,97,490.32,437,1416.6
5892,24832,313,97,446.22,408,1417.3
5893,31112,399,97,562.36,494,1417.9
5894,20648,253,97,366.44,348,1418.2
5895,22217,283,97,401.59,378,1418.6
5896,26007,325,97,465.51,420,1419.0
5897,23992,305,97,432.78,400,1419.7
5898,23602,299,97,425.48,394,1420.1
5899,23252,293,97,418.36,388,1420.5
5900,23297,295,97,420.21,390,1420.9
5901,26297,345,97,480.35,440,1421.4
5902,24243,311,97,439.53,406,1421.8
5903,24097,308,97,436.09,403,1422.5
5904,23298,294,97,419.28,389,1422.9
5905,12565,124,97,203.99,220,1423.1
5906,24535,311,97,442.41,406,1423.5
5907,18250,215,97,319.2,310,1423.8
5908,23702,301,97,427.86,397,1424.4
5909,12160,115,97,194.0,212,1424.6
5910,19807,231,97,344.83,326,1424.9
5911,23350,298,97,422.26,393,1425.2
5912,22493,286,97,405.49,382,1425.6
5913,23022,289,97,413.6,384,1426.0
5914,22677,282,97,405.65,377,1426.7
5915,25332,313,97,451.2,438,1427.2
5916,18615,223,97,327.81,318,1427.5
5917,24777,311,97,444.83,406,1427.9
5918,11145,92,97,168.39,188,1428.0
5919,7920,13,97,82.1,110,1428.1
5920,12565,124,97,203.99,220,1428.3
5921,22787,285,97,408.83,380,1429.0
5922,23802,302,97,429.2,397,1429.4
5923,21797,265,97,385.77,360,1429.7
5924,22197,273,97,394.87,369,1430.1
5925,22195,285,97,402.81,381,1430.4
5926,12200,116,97,195.1,212,1430.7
5927,20802,251,97,367.8,346,1431.3
5928,20797,258,97,371.47,355,1431.6
5929,24525,319,97,446.93,414,1432.0
5930,23860,298,97,427.0,393,1432.4
5931,20600,257,97,369.0,352,1432.8
5932,23677,300,97,426.69,395,1433.2
5933,24512,314,97,443.56,410,1433.9
5934,21862,274,97,391.62,370,1434.3
5935,22787,288,97,410.87,384,1434.6
5936,21613,272,97,388.61,368,1435.0
5937,20917,252,97,369.57,347,1435.3
5938,22722,291,97,411.34,386,1436.0
5939,29082,361,97,518.02,456,1436.5
5940,23337,293,97,418.71,388,1436.9
5941,27170,339,97,485.34,434,1437.3
5942,25532,333,97,465.62,428,1437.7
5943,21873,275,97,392.53,370,1438.4
5944,23637,299,97,425.69,395,1438.8
5945,22793,285,97,408.75,380,1439.2
5946,21658,265,97,384.98,360,1439.5
5947,26922,330,97,476.72,426,1439.9
5948,25018,307,97,444.2,403,1440.6
5949,24607,309,97,441.51,404,1441.0
5950,28272,348,97,502.26,443,1441.5
5951,27257,329,97,479.95,424,1442.0
5952,24507,315,97,444.37,411,1442.4
5953,21832,275,97,392.42,370,1443.1
5954,26412,321,97,466.06,416,1443.5
5955,27527,334,97,486.01,429,1443.9
5956,26832,329,97,475.34,425,1444.4
5957,25952,323,97,463.32,418,1444.8
5958,22322,285,97,403.92,380,1445.4
5959,26862,329,97,475.52,424,1445.8
5960,32702,419,97,590.82,514,1446.4
5961,20582,246,97,362.24,341,1446.7
5962,23577,298,97,424.49,393,1447.1
5963,25332,321,97,456.1,418,1447.7
5964,24857,316,97,449.01,412,1448.1
5965,28157,367,97,514.07,462,1448.6
5966,27587,336,97,488.05,432,1449.1
5967,25257,310,97,448.31,405,1449.5
5968,30572,388,97,549.64,484,1450.3
5969,27727,356,97,502.01,452,1450.7
5970,26122,327,97,467.84,422,1451.2
5971,29427,368,97,526.05,463,1451.7
5972,27397,363,97,504.19,459,1452.4
5973,23587,299,97,425.41,394,1452.8
5974,27372,340,97,487.98,436,1453.3
5975,12565,124,97,203.99,220,1453.4
5976,29772,377,97,535.82,472,1454.0
5977,12565,124,97,203.99,221,1454.2
5978,23167,282,97,410.11,377,1454.9
5979,12565,124,97,203.99,221,1455.0
5980,31067,398,97,561.19,493,1455.6
5981,23257,291,97,416.59,386,1456.0
5982,24947,306,97,443.01,401,1456.4
5983,9275,50,97,121.65,146,1456.5
5984,31292,401,97,564.94,496,1457.4
5985,23647,300,97,426.61,395,1457.8
5986,24862,304,97,440.9,399,1458.2
5987,24188,310,97,438.22,405,1458.6
5988,22487,290,97,409.23,385,1458.9
5989,20390,247,97,361.04,344,1459.5
5990,27767,359,97,504.93,455,1460.0
5991,24827,313,97,446.19,408,1460.4
5992,26007,325,97,465.51,420,1460.8
5993,25627,328,97,463.81,424,1461.2
5994,27032,332,97,479.06,427,1462.0
5995,20527,245,97,361.07,341,1462.3
5996,24127,300,97,430.91,398,1462.7
5997,25995,338,97,473.45,433,1463.1
5998,26437,322,97,467.11,418,1463.6
5999,29642,372,97,530.62,469,1464.4
6000,23737,312,97,435.37,407,1464.8
6001,30091,384,97,543.59,479,1465.4
6002,26472,332,97,474.1,427,1465.8
6003,23533,288,97,417.23,383,1466.1
6004,12565,124,97,203.99,221,1466.6
6005,16602,192,97,288.96,287,1466.9
6006,24586,325,97,451.22,420,1467.3
6007,24247,302,97,433.37,398,1467.7
6008,27857,340,97,492.97,436,1468.1
6009,22277,276,97,397.79,371,1468.5
6010,23745,294,97,423.63,390,1469.1
6011,27177,335,97,482.45,430,1469.6
6012,28477,358,97,509.57,453,1470.0
6013,23697,299,97,425.95,394,1470.4
6014,23557,289,97,418.33,384,1470.8
6015,25787,330,97,466.47,426,1471.6
6016,26657,336,97,478.83,431,1472.0
6017,23677,300,97,426.77,398,1472.4
6018,26797,341,97,483.89,437,1472.8
6019,27017,343,97,486.81,438,1473.6
6020,21034,256,97,373.52,351,1473.9
6021,24562,316,97,445.58,411,1474.3
6022,27342,340,97,487.82,436,1474.7
6023,9005,44,97,114.99,140,1474.8
6024,27107,346,97,489.87,442,1475.3
6025,22870,289,97,411.66,384,1476.0
6026,29437,378,97,532.35,473,1476.5
6027,20672,268,97,377.94,364,1476.9
6028,21031,259,97,373.55,354,1477.2
6029,25052,308,97,445.32,405,1477.6
6030,24922,305,97,442.1,400,1478.2
6031,26682,336,97,478.7,431,1478.7
6032,30477,388,97,549.09,484,1479.2
6033,21762,273,97,390.22,368,1479.5
6034,26157,337,97,474.47,432,1480.0
6035,21627,264,97,384.09,359,1480.6
6036,27148,346,97,490.16,442,1481.1
6037,28472,364,97,515.34,459,1481.5
6038,32197,410,97,580.23,505,1482.1
6039,26567,345,97,483.51,441,1482.5
6040,29750,386,97,541.62,482,1483.3
6041,26996,334,97,481.14,430,1483.8
6042,18697,219,97,326.05,314,1484.1
6043,9275,50,97,121.65,147,1484.2
6044,25717,329,97,465.27,424,1484.6
6045,15172,164,97,256.52,259,1484.8
6046,28022,362,97,508.8,457,1485.6
6047,27162,347,97,491.22,442,1486.0
6048,27032,334,97,481.42,429,1486.5
6049,24348,294,97,429.0,390,1486.9
6050,23907,313,97,437.05,408,1487.5
6051,28870,363,97,517.5,458,1488.1
6052,23967,295,97,425.67,391,1488.4
6053,29560,405,97,552.32,500,1489.0
6054,21345,264,97,381.43,361,1489.3
6055,29116,382,97,532.28,478,1490.2
6056,26577,336,97,478.45,432,1490.6
6057,23817,301,97,428.17,397,1491.0
6058,27392,351,97,495.72,448,1491.5
6059,28427,380,97,524.63,475,1492.0
6060,25915,344,97,476.35,440,1492.7
6061,31727,403,97,571.47,498,1493.2
6062,12565,124,97,203.99,220,1493.4
6063,27597,344,97,492.79,440,1493.9
6064,25407,314,97,452.59,409,1494.3
6065,21187,257,97,375.55,352,1495.0
6066,27867,350,97,499.95,447,1495.4
6067,24257,303,97,434.31,400,1495.8
6068,26937,343,97,486.49,438,1496.2
6069,29017,362,97,518.53,457,1496.7
6070,18747,218,97,325.29,313,1497.3
6071,27877,358,97,504.63,453,1497.8
6072,18468,215,97,321.38,310,1498.0
6073,25964,335,97,471.7,430,1498.5
6074,28527,370,97,518.65,465,1499.0
6075,25072,318,97,451.98,413,1499.7
6076,24770,315,97,446.56,410,1500.2
6077,24877,311,97,444.75,406,1500.6
6078,31332,395,97,562.3,490,1501.1
6079,27022,336,97,482.58,431,1501.5
6080,12815,130,97,210.29,226,1502.0
6081,26872,340,97,483.26,438,1502.5
6082,26072,326,97,466.86,421,1502.9
6083,32717,429,97,597.19,525,1503.4
6084,12565,124,97,203.99,220,1503.6
6085,29297,387,97,537.69,482,1504.4
6086,24817,313,97,446.17,411,1504.8
6087,28317,367,97,514.93,464,1505.3
6088,23152,291,97,415.96,387,1505.6
6089,28007,371,97,514.39,466,1506.1
6090,31267,393,97,560.19,488,1506.9
6091,12200,116,97,195.1,214,1507.0
6092,25812,331,97,467.52,427,1507.4
6093,28342,348,97,502.68,444,1507.9
6094,16469,188,97,284.37,283,1508.1
6095,23947,296,97,426.55,392,1508.7
6096,28022,342,97,495.58,437,1509.2
6097,12365,120,97,199.35,217,1509.3
6098,22832,293,97,413.74,390,1509.7
6099,26932,351,97,490.88,447,1510.1
6100,25260,316,97,452.54,411,1510.5
6101,25102,317,97,451.36,414,1511.3
6102,21242,257,97,375.54,353,1511.6
6103,24722,310,97,443.64,405,1511.9
6104,25107,307,97,444.73,403,1512.3
6105,32607,418,97,589.41,513,1512.9
6106,12565,124,97,203.99,220,1513.3
6107,22767,288,97,410.75,384,1513.7
6108,24387,304,97,435.75,399,1514.0
6109,12565,124,97,203.99,222,1514.2
6110,30367,387,97,547.87,487,1514.7
6111,24892,315,97,448.16,411,1515.4
6112,27047,334,97,481.53,429,1515.8
6113,23557,289,97,418.33,386,1516.2
6114,24755,314,97,445.81,410,1516.6
6115,26992,352,97,492.08,448,1517.0
6116,25555,319,97,456.77,418,1517.7
6117,26442,332,97,474.06,427,1518.1
6118,12565,124,97,203.99,224,1518.3
6119,25777,330,97,466.47,425,1518.7
6120,12565,124,97,203.99,221,1518.9
6121,29317,356,97,517.21,452,1519.3
6122,24695,322,97,450.53,417,1520.0
6123,26727,331,97,476.45,426,1520.5
6124,33597,435,97,609.65,786,1521.5
6125,17542,198,97,300.86,296,1521.7
6126,25552,326,97,461.76,422,1522.5
6127,28477,351,97,506.01,447,1523.0
6128,24131,308,97,436.29,404,1523.4
6129,25667,310,97,452.91,405,1523.8
6130,12230,117,97,196.1,214,1523.9
6131,22807,285,97,408.79,380,1524.2
6132,30127,380,97,540.31,476,1525.0
6133,26702,337,97,479.94,432,1525.4
6134,26752,329,97,475.02,426,1525.8
6135,24462,305,97,437.18,401,1526.2
6136,28187,347,97,500.93,443,1526.9
6137,22992,292,97,415.62,388,1527.2
6138,21487,268,97,384.29,363,1527.6
6139,31783,403,97,571.79,498,1528.2
6140,12565,124,97,203.99,222,1528.4
6141,25107,308,97,445.73,404,1528.7
6142,23177,299,97,420.85,394,1529.4
6143,27787,357,97,503.07,452,1529.9
6144,29552,380,97,534.74,475,1530.3
6145,26657,336,97,478.81,431,1530.8
6146,26973,332,97,478.75,427,1531.2
6147,25782,330,97,466.5,425,1531.9
6148,28292,348,97,502.2,443,1532.3
6149,28137,345,97,498.91,440,1532.7
6150,26647,325,97,470.87,421,1533.1
6151,25732,328,97,464.36,424,1533.9
6152,27227,336,97,483.61,431,1534.3
6153,28512,373,97,521.22,468,1534.8
6154,25482,325,97,460.52,420,1535.2
6155,18352,214,97,320.02,310,1535.4
6156,31692,402,97,570.48,497,1536.2
6157,25442,322,97,457.54,417,1536.6
6158,26912,330,97,476.66,425,1537.0
6159,23432,296,97,421.94,391,1537.4
6160,25842,331,97,467.7,426,1537.8
6161,18642,218,97,324.88,314,1538.3
6162,27392,332,97,483.52,427,1538.8
6163,25622,327,97,462.96,422,1539.2
6164,28567,352,97,507.39,448,1539.6
6165,25657,327,97,463.01,423,1540.0
6166,27017,333,97,479.97,428,1540.7
6167,25452,313,97,451.84,408,1541.1
6168,26522,333,97,475.38,428,1541.5
6169,26147,337,97,474.49,432,1542.0
6170,34632,455,97,632.8,550,1542.6
6171,23457,297,97,422.93,394,1543.2
6172,24047,306,97,433.85,401,1543.6
6173,22812,275,97,401.94,371,1543.9
6174,25818,326,97,465.02,422,1544.4
6175,27227,348,97,492.43,443,1544.8
6176,24002,297,97,427.74,393,1545.6
6177,25107,300,97,440.65,395,1545.9
6178,21167,264,97,379.27,360,1546.2
6179,32407,414,97,584.85,509,1546.8
6180,23768,302,97,428.98,397,1547.2
6181,25672,328,97,464.16,423,1547.8
6182,31652,409,97,573.82,504,1548.3
6183,23983,305,97,432.69,403,1548.7
6184,26931,334,97,480.27,429,1549.2
6185,23642,291,97,420.54,386,1549.7
6186,28452,351,97,505.84,446,1550.2
6187,22775,296,97,415.01,392,1550.6
6188,26992,342,97,485.68,437,1551.0
6189,23537,296,97,422.47,391,1551.4
6190,30202,385,97,545.22,480,1552.2
6191,22458,286,97,405.42,381,1552.5
6192,29137,363,97,520.03,459,1553.0
6193,25057,316,97,450.25,411,1553.4
6194,26442,323,97,467.94,418,1553.8
6195,26022,324,97,464.82,419,1554.5
6196,25562,325,97,460.64,420,1554.9
6197,25362,329,97,461.24,424,1555.3
6198,26647,325,97,470.87,420,1555.8
6199,24022,296,97,426.84,391,1556.1
6200,22117,285,97,402.27,380,1556.7
6201,26477,332,97,474.13,427,1557.2
6202,23607,281,97,414.05,376,1557.5
6203,22227,283,97,401.67,379,1557.9
6204,29018,362,97,518.38,457,1558.4
6205,28172,346,97,499.96,441,1559.1
6206,21957,270,97,390.93,365,1559.4
6207,27642,335,97,487.38,430,1559.8
6208,29432,369,97,526.86,464,1560.3
6209,12155,115,97,193.99,211,1560.5
6210,27332,346,97,491.1,441,1561.1
6211,28247,347,97,501.25,442,1561.6
6212,24457,303,97,435.49,398,1562.0
6213,24712,312,97,444.5,407,1562.3
6214,27672,337,97,489.42,432,1562.8
6215,23192,293,97,417.8,388,1563.4
6216,26637,325,97,470.79,420,1563.8
6217,25382,322,97,457.24,417,1564.2
6218,26708,328,97,473.66,423,1564.6
6219,23322,293,97,418.6,389,1565.0
6220,26277,320,97,464.61,415,1565.7
6221,12200,116,97,195.1,212,1565.9
6222,27872,358,97,504.56,454,1566.3
6223,28452,352,97,506.84,447,1566.7
6224,12565,124,97,203.99,220,1566.9
6225,29002,360,97,516.7,455,1567.4
6226,18602,217,97,323.78,313,1568.1
6227,22172,280,97,398.64,375,1568.4
6228,11635,103,97,180.51,199,1568.6
6229,25342,312,97,450.5,407,1568.9
6230,26712,328,97,473.94,423,1569.4
6231,26907,330,97,476.63,425,1569.8
6232,30142,389,97,546.24,484,1570.6
6233,24482,324,97,449.64,420,1571.0
6234,27137,335,97,482.37,430,1571.4
6235,27087,333,97,480.23,428,1571.8
6236,22222,283,97,401.6,378,1572.4
6237,26807,336,97,479.39,431,1572.9
6238,29232,364,97,521.44,459,1573.3
6239,27102,335,97,482.16,430,1573.7
6240,26807,328,97,474.35,423,1574.1
6241,25872,323,97,462.94,418,1574.9
6242,12565,124,97,203.99,220,1575.0
6243,12565,124,97,203.99,220,1575.2
6244,21357,259,97,377.89,355,1575.5
6245,18712,220,97,326.98,315,1575.8
6246,26527,323,97,468.47,418,1576.2
6247,26722,349,97,488.02,444,1576.9
6248,26782,328,97,474.22,423,1577.3
6249,28712,356,97,511.6,451,1577.8
6250,27452,352,97,497.0,447,1578.2
6251,23642,299,97,425.72,395,1578.7
6252,26882,341,97,484.32,436,1579.4
6253,20582,249,97,364.46,344,1579.7
6254,25087,307,97,444.79,402,1580.1
6255,27952,342,97,495.28,437,1580.5
6256,25973,305,97,451.89,400,1580.9
6257,27217,328,97,479.11,423,1581.6
6258,14902,173,97,260.5,268,1581.8
6259,26367,332,97,473.43,427,1582.2
6260,28982,358,97,514.74,453,1582.7
6261,26862,329,97,475.52,424,1583.1
6262,25687,317,97,456.77,413,1583.7
6263,25887,323,97,463.25,418,1584.2
6264,24782,310,97,443.34,405,1584.5
6265,12835,133,97,213.15,229,1584.7
6266,26222,319,97,463.26,414,1585.1
6267,26217,328,97,469.29,423,1585.5
6268,21707,273,97,390.05,368,1586.2
6269,9000,44,97,114.6,142,1586.3
6270,20408,243,97,358.84,338,1586.6
6271,24512,307,97,439.28,402,1587.0
6272,23377,294,97,419.57,390,1587.3
6273,15172,164,97,256.52,260,1587.5
6274,24032,297,97,427.9,392,1588.2
6275,26922,330,97,476.72,425,1588.6
6276,12565,124,97,203.99,220,1588.8
6277,20157,238,97,352.81,333,1589.1
6278,28682,355,97,510.42,450,1589.6
6279,28507,352,97,507.01,447,1590.0
6280,8840,39,97,109.3,136,1590.4
6281,24747,309,97,442.29,404,1590.9
6282,24177,300,97,431.37,395,1591.2
6283,26087,319,97,462.67,414,1591.6
6284,24986,298,97,438.34,393,1592.0
6285,24857,311,97,444.63,406,1592.7
6286,26742,327,97,473.12,423,1593.1
6287,19757,238,97,348.55,333,1593.4
6288,27610,355,97,500.62,450,1593.9
6289,28322,349,97,503.38,444,1594.3
6290,27932,333,97,489.6,429,1595.1
6291,27537,334,97,486.01,429,1595.5
6292,28587,353,97,508.33,448,1595.9
6293,25807,331,97,467.51,426,1596.3
6294,26492,322,97,467.42,417,1596.7
6295,25392,322,97,457.28,418,1597.5
6296,28267,349,97,503.21,444,1597.9
6297,25252,311,97,449.06,406,1598.3
6298,27612,334,97,486.36,429,1598.7
6299,26792,328,97,474.28,424,1599.1
6300,28807,357,97,513.01,453,1599.9
6301,23967,296,97,426.53,391,1600.4
6302,23667,292,97,421.63,387,1600.7
6303,26732,327,97,473.08,423,1601.1
6304,29142,363,97,520.06,458,1601.6
6305,27832,346,97,495.66,441,1602.4
6306,23067,297,97,418.51,392,1602.8
6307,25502,325,97,460.64,420,1603.2
6308,28312,347,97,501.48,443,1603.6
6309,25207,318,97,452.69,413,1604.0
6310,26732,348,97,487.16,443,1604.8
6311,23172,284,97,412.14,380,1605.2
6312,12565,124,97,203.99,220,1605.3
6313,26207,321,97,464.77,416,1605.7
6314,25362,315,97,453.3,410,1606.1
6315,16547,189,97,285.85,284,1606.6
6316,24627,300,97,436.03,395,1607.0
6317,25222,320,97,454.68,415,1607.4
6318,25701,319,97,458.37,414,1607.8
6319,28367,350,97,504.51,445,1608.3
6320,26802,328,97,474.32,423,1609.0
6321,25137,318,97,452.33,413,1609.4
6322,34257,448,97,624.47,544,1610.0
6323,28687,362,97,514.35,457,1610.5
6324,25232,313,97,450.48,408,1610.9
6325,29792,375,97,533.98,470,1611.6
6326,28137,367,97,513.85,462,1612.1
6327,28177,346,97,499.99,441,1612.6
6328,25707,311,97,453.99,406,1612.9
6329,24682,308,97,441.06,403,1613.6
6330,26082,325,97,465.88,420,1614.0
6331,19398,225,97,337.32,320,1614.3
6332,21102,261,97,376.1,356,1614.6
6333,25762,330,97,466.4,426,1615.0
6334,20157,238,97,352.81,333,1615.3
6335,22473,279,97,401.43,375,1616.1
6336,26352,331,97,472.76,426,1616.5
6337,23082,297,97,418.44,392,1616.8
6338,25917,333,97,469.85,428,1617.3
6339,23362,285,97,413.66,381,1617.6
6340,19652,229,97,342.22,325,1618.2
6341,27077,335,97,482.09,433,1618.6
6342,25412,315,97,453.62,415,1619.0
6343,27787,360,97,505.99,456,1619.5
6344,23187,295,97,419.31,391,1619.8
6345,25192,309,97,447.08,404,1620.5
6346,26446,322,97,466.96,417,1620.9
6347,22537,289,97,408.29,385,1621.3
6348,24972,306,97,443.24,401,1621.6
6349,29272,367,97,524.38,462,1622.1
6350,26852,340,97,483.28,436,1622.9
6351,11490,100,97,177.36,196,1623.0
6352,26582,334,97,476.6,430,1623.5
6353,27072,354,97,494.24,449,1623.9
6354,28937,367,97,520.11,462,1624.4
6355,28467,370,97,518.37,465,1625.2
6356,28512,352,97,507.04,448,1625.6
6357,24547,297,97,432.97,394,1626.0
6358,27070,337,97,483.42,432,1626.4
6359,23452,295,97,420.86,391,1626.7
6360,12565,124,97,203.99,220,1626.9
6361,26977,341,97,484.71,437,1627.7
6362,29157,364,97,520.99,461,1628.2
6363,27817,338,97,490.95,433,1628.6
6364,23582,299,97,425.38,394,1629.0
6365,27957,352,97,501.97,447,1629.8
6366,25647,319,97,458.37,415,1630.2
6367,27402,339,97,487.7,435,1630.6
6368,26667,347,97,486.05,443,1631.0
6369,28977,360,97,516.57,455,1631.5
6370,29727,373,97,531.99,470,1632.3
6371,22277,287,97,404.99,383,1632.7
6372,29317,367,97,524.39,462,1633.1
6373,26882,342,97,485.34,437,1633.6
6374,25592,327,97,462.86,423,1634.0
6375,27157,347,97,491.19,442,1634.7
6376,12205,116,97,195.11,213,1634.9
6377,26077,325,97,465.99,421,1635.3
6378,27392,352,97,496.96,447,1635.7
6379,28482,368,97,516.54,463,1636.2
6380,15437,170,97,263.31,266,1636.8
6381,31432,405,97,569.24,500,1637.3
6382,28392,359,97,510.6,455,1637.7
6383,23462,307,97,428.96,402,1638.1
6384,24567,308,97,440.37,403,1638.5
6385,26562,344,97,482.96,439,1639.2
6386,31052,399,97,562.02,494,1639.7
6387,27357,350,97,494.91,445,1640.2
6388,23347,285,97,413.57,380,1640.5
6389,24967,306,97,443.21,401,1640.9
6390,29047,352,97,512.23,447,1641.6
6391,27237,338,97,485.49,433,1642.1
6392,31732,402,97,570.72,497,1642.6
6393,27632,344,97,492.66,439,1643.0
6394,29937,378,97,537.65,473,1643.8
6395,26962,343,97,486.64,439,1644.3
6396,12565,124,97,203.99,220,1644.4
6397,19877,245,97,354.99,340,1644.7
6398,27282,339,97,486.64,435,1645.2
6399,29832,375,97,534.16,470,1645.9
6400,29242,366,97,523.42,461,1646.4
6401,27872,359,97,505.56,454,1646.9
6402,27157,346,97,490.33,442,1647.4
6403,21057,254,97,372.09,349,1647.7
6404,27630,361,97,504.9,456,1648.4
6405,25836,334,97,470.16,429,1648.8
6406,30537,390,97,551.51,485,1649.3
6407,28242,348,97,502.08,443,1649.8
6408,26347,332,97,473.41,427,1650.2
6409,29326,388,97,538.62,483,1651.1
6410,34392,452,97,628.62,547,1651.7
6411,23357,301,97,423.53,396,1652.1
6412,29157,364,97,521.01,459,1652.6
6413,27352,340,97,488.38,435,1653.5
6414,28272,366,97,513.84,461,1654.0
6415,28472,351,97,505.96,446,1654.5
6416,29262,369,97,526.22,464,1654.9
6417,25997,327,97,467.41,423,1655.4
6418,24337,295,97,430.19,390,1656.2
6419,27292,349,97,493.68,444,1656.7
6420,27137,336,97,483.21,431,1657.1
6421,25092,319,97,453.12,416,1657.5
6422,33742,439,97,613.88,534,1658.5
6423,25377,313,97,451.55,408,1658.9
6424,30632,389,97,550.84,484,1659.4
6425,19178,232,97,339.62,327,1659.7
6426,28967,361,97,517.57,456,1660.2
6427,25317,321,97,456.01,416,1660.9
6428,26967,344,97,487.27,439,1661.4
6429,24697,308,97,441.21,403,1661.7
6430,28612,354,97,509.32,449,1662.2
6431,25652,328,97,464.06,423,1662.6
6432,28877,358,97,514.27,453,1663.3
6433,31887,412,97,577.71,507,1663.9
6434,27427,352,97,496.91,447,1664.3
6435,25877,328,97,465.01,423,1664.7
6436,26052,328,97,468.58,423,1665.5
6437,27182,346,97,490.34,442,1665.9
6438,29132,363,97,520.02,458,1666.4
6439,24857,313,97,446.35,408,1666.8
6440,27567,355,97,500.37,450,1667.2
6441,29147,363,97,520.11,458,1668.0
6442,28127,346,97,499.69,441,1668.5
6443,26937,341,97,484.59,436,1668.9
6444,28947,361,97,517.35,459,1669.4
6445,11490,100,97,177.36,196,1669.5
6446,25887,323,97,463.07,418,1670.2
6447,26327,323,97,467.45,418,1670.6
6448,29032,362,97,518.78,458,1671.1
6449,25037,309,97,446.39,404,1671.5
6450,26992,344,97,487.68,439,1671.9
6451,25307,321,97,455.95,416,1672.6
6452,26142,338,97,475.4,433,1673.0
6453,26512,333,97,475.32,428,1673.4
6454,20102,237,97,351.64,333,1673.7
6455,24997,315,97,448.83,410,1674.1
6456,12160,115,97,194.0,211,1674.3
6457,27002,344,97,487.74,439,1675.0
6458,26607,336,97,478.57,431,1675.4
6459,27737,357,97,503.09,454,1675.9
6460,27972,361,97,507.84,456,1676.3
6461,26067,325,97,465.93,420,1677.0
6462,32257,412,97,582.31,507,1677.6
6463,28512,362,97,513.9,457,1678.0
6464,27032,351,97,491.4,448,1678.5
6465,29457,372,97,529.89,467,1679.0
6466,28897,377,97,526.81,472,1679.8
6467,26847,340,97,483.21,436,1680.2
6468,12570,124,97,204.1,220,1680.3
6469,29042,365,97,521.54,519,1680.9
6470,26112,337,97,474.04,432,1681.3
6471,27047,345,97,488.85,446,1682.1
6472,20102,237,97,351.64,332,1682.4
6473,12565,124,97,203.99,221,1682.5
6474,24057,298,97,428.75,393,1682.9
6475,23662,301,97,427.62,396,1683.3
6476,28152,345,97,499.0,440,1684.1
6477,27032,339,97,484.78,434,1684.5
6478,29852,375,97,534.4,470,1685.0
6479,15282,179,97,267.78,274,1685.2
6480,25017,313,97,447.31,408,1685.6
6481,27747,357,97,503.13,452,1686.3
6482,11490,100,97,177.36,196,1686.4
6483,28427,350,97,504.85,445,1686.9
6484,15437,170,97,263.31,265,1687.1
6485,12565,124,97,203.99,221,1687.2
6486,25962,322,97,462.62,417,1687.6
6487,27862,359,97,505.5,454,1688.4
6488,26392,332,97,473.66,427,1688.8
6489,29517,370,97,528.19,465,1689.2
6490,29377,367,97,524.85,462,1689.7
6491,26877,342,97,485.31,437,1690.1
6492,27612,355,97,500.64,450,1690.9
6493,22192,281,97,399.74,376,1691.2
6494,20442,243,97,358.72,338,1691.5
6495,27112,346,97,490.06,442,1691.9
6496,23762,302,97,428.98,398,1692.3
6497,21227,265,97,380.47,360,1692.9
6498,26337,333,97,474.49,429,1693.3
6499,28872,361,97,517.16,458,1693.7
6500,22137,280,97,398.57,375,1694.1
6501,26442,333,97,475.06,428,1694.6
6502,20537,252,97,365.23,347,1695.1
6503,22433,289,97,407.63,384,1695.5
6504,30457,388,97,549.19,483,1696.0
6505,27442,333,97,484.66,428,1696.4
6506,28647,355,97,510.39,451,1696.8
6507,28332,368,97,515.88,463,1697.6
6508,29942,379,97,538.54,493,1698.1
6509,29757,376,97,534.91,471,1698.6
6510,27777,358,97,504.13,453,1699.0
6511,25637,318,97,457.47,415,1699.7
6512,25957,333,97,469.67,428,1700.1
6513,29067,353,97,513.35,448,1700.6
6514,21157,264,97,379.19,359,1700.9
6515,23022,280,97,407.66,375,1701.2
6516,26422,334,97,475.82,429,1701.9
6517,25402,323,97,458.12,419,1702.3
6518,24752,312,97,445.06,407,1702.7
6519,22282,284,97,402.84,379,1703.1
6520,26642,337,97,479.46,433,1703.5
6521,26222,331,97,472.12,426,1704.1
6522,27937,363,97,509.13,458,1704.6
6523,30537,389,97,550.51,484,1705.1
6524,26227,331,97,472.15,426,1705.5
6525,29282,369,97,526.32,464,1705.9
6526,23687,300,97,426.83,397,1706.7
6527,24407,313,97,442.15,408,1707.0
6528,26352,333,97,474.58,432,1707.5
6529,28007,344,97,497.45,439,1707.9
6530,9525,57,97,128.95,153,1708.0
6531,30642,391,97,552.78,487,1708.8
6532,21477,270,97,386.07,365,1709.1
6533,25227,311,97,448.99,406,1709.5
6534,21712,265,97,385.34,360,1709.8
6535,22292,275,97,397.3,370,1710.1
6536,26927,333,97,479.43,429,1710.8
6537,28477,370,97,518.41,465,1711.3
6538,30422,397,97,554.9,492,1711.8
6539,12565,124,97,203.99,220,1712.0
6540,26862,341,97,484.36,436,1712.4
6541,26182,328,97,469.04,423,1712.8
6542,26557,336,97,478.35,431,1713.5
6543,12245,117,97,196.31,213,1713.6
6544,30932,396,97,558.74,503,1714.2
6545,8665,34,97,104.15,132,1714.2
6546,12460,122,97,201.86,218,1714.4
6547,25227,319,97,453.77,414,1714.8
6548,13175,138,97,219.71,235,1715.2
6549,28042,365,97,511.6,460,1715.7
6550,28322,348,97,502.54,443,1716.1
6551,11490,100,97,177.36,196,1716.3
6552,26962,344,97,487.24,439,1716.7
6553,12565,124,97,203.99,222,1716.9
6554,25897,324,97,463.87,419,1717.6
6555,25652,328,97,464.06,423,1718.0
6556,12445,121,97,200.61,217,1718.2
6557,9925,70,97,142.25,167,1718.3
6558,11490,100,97,177.36,196,1718.4
6559,27002,344,97,487.72,439,1718.8
6560,29807,374,97,533.29,469,1719.6
6561,28882,376,97,525.7,471,1720.1
6562,27722,357,97,502.98,453,1720.5
6563,30052,380,97,539.92,476,1721.0
6564,8800,38,97,108.3,136,1721.1
6565,26127,329,97,469.87,424,1721.5
6566,27342,350,97,494.52,445,1722.3
6567,26227,331,97,472.15,426,1722.7
6568,27777,358,97,504.13,453,1723.1
6569,23027,280,97,407.59,375,1723.5
6570,29642,375,97,533.54,470,1724.3
6571,27002,344,97,487.72,439,1724.8
6572,27997,361,97,507.97,456,1725.2
6573,27817,347,97,496.53,442,1725.6
6574,26162,330,97,470.94,425,1726.0
6575,12505,123,97,203.07,219,1726.5
6576,12160,115,97,194.0,211,1726.7
6577,20837,258,97,372.09,354,1727.0
6578,26137,326,97,467.01,422,1727.4
6579,28822,375,97,524.68,472,1727.9
6580,27102,346,97,490.0,441,1728.4
6581,29597,372,97,530.57,470,1729.2
6582,30587,390,97,551.63,485,1729.7
6583,28877,358,97,514.27,453,1730.1
6584,30822,393,97,555.36,488,1730.6
6585,29632,371,97,529.72,466,1731.4
6586,23877,296,97,426.07,391,1731.8
6587,22512,279,97,402.06,374,1732.1
6588,26642,328,97,473.68,423,1732.5
6589,26392,334,97,475.66,429,1732.9
6590,21442,268,97,384.18,363,1733.6
6591,23237,295,97,419.45,390,1733.9
6592,25697,329,97,465.17,424,1734.3
6593,28497,373,97,521.13,468,1734.8
6594,27062,344,97,487.82,439,1735.2
6595,26362,331,97,472.62,426,1736.0
6596,22887,285,97,409.27,380,1736.3
6597,8630,33,97,103.1,131,1736.4
6598,11490,100,97,177.36,197,1736.6
6599,23067,290,97,414.71,386,1736.9
6600,21312,268,97,383.32,363,1737.2
6601,12165,115,97,193.85,211,1737.4
6602,20087,244,97,355.65,339,1738.0
6603,11190,93,97,169.5,189,1738.2
6604,27122,346,97,490.14,441,1738.6
6605,21287,266,97,381.67,362,1738.9
6606,24152,301,97,432.6,396,1739.3
6607,11490,100,97,177.36,196,1739.4
6608,25567,318,97,456.95,414,1740.2
6609,26322,323,97,467.88,418,1740.6
6610,22637,282,97,405.41,377,1740.9
6611,27217,337,97,484.47,433,1741.3
6612,25997,325,97,465.35,420,1741.7
6613,28622,353,97,508.54,449,1742.5
6614,22622,281,97,404.4,376,1742.8
6615,21082,261,97,376.14,356,1743.1
6616,23467,296,97,422.15,392,1743.5
6617,25507,315,97,454.17,411,1743.9
6618,26642,328,97,473.68,423,1744.7
6619,8165,20,97,89.45,117,1744.7
6620,11445,99,97,176.35,195,1744.9
6621,24027,306,97,433.91,402,1745.3
6622,23552,298,97,424.34,393,1745.6
6623,23467,296,97,422.15,391,1746.0
6624,22572,281,97,404.18,376,1746.3
6625,25852,320,97,460.28,416,1747.0
6626,26857,341,97,484.31,436,1747.5
6627,21682,264,97,384.4,359,1747.9
6628,29217,366,97,523.19,461,1748.3
6629,28165,348,97,500.57,443,1749.0
6630,25272,320,97,454.88,415,1749.4
6631,31112,399,97,562.36,494,1749.9
6632,12205,116,97,195.21,212,1750.1
6633,25102,309,97,446.64,404,1750.5
6634,27017,333,97,479.97,428,1750.9
6635,8165,20,97,89.45,117,1751.2
6636,27387,350,97,495.09,445,1751.6
6637,23197,292,97,417.17,387,1752.0
6638,28222,355,97,505.68,450,1752.4
6639,28637,354,97,509.49,449,1752.9
6640,24687,318,97,448.05,413,1753.6
6641,33917,441,97,616.59,537,1754.1
6642,23462,297,97,422.96,392,1754.5
6643,26957,343,97,486.61,438,1754.9
6644,27027,343,97,486.75,438,1755.4
6645,26892,340,97,483.5,435,1756.1
6646,30847,393,97,555.49,489,1756.6
6647,27397,340,97,488.13,435,1757.0
6648,12240,117,97,196.0,213,1757.2
6649,27182,336,97,483.48,431,1757.6
6650,28157,353,97,503.61,448,1758.4
6651,29362,368,97,525.8,463,1758.9
6652,24472,306,97,438.16,401,1759.3
6653,22397,286,97,405.21,381,1759.7
6654,25152,310,97,447.84,405,1760.1
6655,23922,305,97,432.54,400,1760.7
6656,27532,342,97,490.62,438,1761.2
6657,28242,366,97,513.64,462,1761.6
6658,28562,360,97,511.92,455,1762.1
6659,29697,373,97,531.79,468,1762.8
6660,27722,356,97,502.12,451,1763.3
6661,12565,123,97,203.09,219,1763.4
6662,26764,350,97,489.12,445,1763.9
6663,27442,362,97,503.34,458,1764.3
6664,27317,359,97,499.91,454,1765.0
6665,30032,380,97,539.92,475,1765.5
6666,28472,351,97,505.96,448,1766.0
6667,25582,327,97,462.8,422,1766.4
6668,25182,310,97,447.96,406,1766.8
6669,26882,342,97,485.34,437,1767.5
6670,24302,304,97,435.62,400,1767.9
6671,20102,237,97,351.64,332,1768.2
6672,26232,330,97,471.18,426,1768.6
6673,21797,278,97,394.39,373,1768.9
6674,28167,353,97,503.67,448,1769.7
6675,28697,355,97,510.67,450,1770.1
6676,27082,345,97,489.04,440,1770.6
6677,23312,284,97,412.52,379,1771.0
6678,29452,370,97,528.04,465,1771.4
6679,12565,124,97,203.99,220,1771.9
6680,28517,359,97,510.81,454,1772.4
6681,24453,324,97,449.67,419,1772.8
6682,28487,370,97,518.49,465,1773.3
6683,28447,369,97,517.39,464,1773.7
6684,28212,354,97,504.78,450,1774.4
6685,32767,421,97,592.91,516,1775.0
6686,28647,372,97,521.11,468,1775.5
6687,26337,340,97,478.15,435,1775.9
6688,25937,333,97,469.97,428,1776.7
6689,26882,342,97,485.34,437,1777.1
6690,27172,347,97,491.22,442,1777.6
6691,31777,402,97,570.99,497,1778.2
6692,22582,281,97,404.08,376,1778.5
6693,27777,358,97,504.13,453,1779.4
6694,26172,335,97,472.74,430,1779.8
6695,29224,385,97,535.54,480,1780.3
6696,30327,386,97,546.55,481,1780.8
6697,28972,361,97,517.58,456,1781.3
6698,26732,347,97,486.52,442,1782.1
6699,27002,344,97,487.72,440,1782.6
6700,29092,363,97,519.98,458,1783.1
6701,27612,355,97,500.62,450,1783.6
6702,26322,341,97,478.98,436,1784.4
6703,27137,355,97,495.39,450,1784.9
6704,15437,170,97,263.31,266,1785.1
6705,27612,355,97,500.62,450,1785.5
6706,29132,364,97,521.06,459,1786.0
6707,29192,365,97,522.26,460,1786.8
6708,27077,334,97,481.17,430,1787.2
6709,33707,448,97,619.31,543,1787.9
6710,22947,287,97,411.47,382,1788.3
6711,27937,349,97,498.93,444,1788.7
6712,26832,330,97,476.34,425,1789.5
6713,27037,344,97,487.93,439,1789.9
6714,11940,110,97,188.46,206,1790.1
6715,11490,100,97,177.36,196,1790.3
6716,26712,346,97,485.52,441,1790.8
6717,28452,349,97,504.0,444,1791.5
6718,27562,353,97,498.64,448,1792.0
6719,23712,292,97,421.78,387,1792.4
6720,23292,293,97,418.38,389,1792.8
6721,32922,424,97,596.34,519,1793.4
6722,12200,116,97,195.1,212,1793.5
6723,26667,326,97,471.85,422,1794.3
6724,12205,116,97,194.95,212,1794.5
6725,29527,369,97,527.41,464,1794.9
6726,22857,286,97,410.09,381,1795.4
6727,27237,348,97,492.51,443,1795.9
6728,21887,277,97,394.59,372,1796.5
6729,27492,342,97,490.4,437,1797.0
6730,25827,331,97,467.61,426,1797.5
6731,28562,360,97,511.92,455,1797.9
6732,26952,343,97,486.58,438,1798.3
6733,27202,356,97,496.72,451,1799.2
6734,32797,421,97,593.07,516,1799.8
6735,28470,360,97,511.42,456,1800.3
6736,26872,349,97,489.0,444,1800.8
6737,29022,362,97,518.72,457,1801.6
6738,27342,349,97,493.96,444,1802.1
6739,27957,341,97,494.35,436,1802.5
6740,26752,329,97,475.04,424,1802.9
6741,28377,357,97,508.29,452,1803.4
6742,12230,117,97,196.1,213,1803.8
6743,25392,314,97,452.58,409,1804.3
6744,27397,351,97,495.99,446,1804.7
6745,26902,340,97,483.48,435,1805.2
6746,28387,347,97,501.93,442,1805.6
6747,34672,456,97,633.76,551,1806.6
6748,25652,328,97,464.06,424,1807.0
6749,27777,339,97,491.71,434,1807.5
6750,23822,303,97,430.18,399,1807.9
6751,27457,341,97,489.33,436,1808.5
6752,26737,327,97,473.09,422,1809.2
6753,27167,334,97,481.55,429,1809.7
6754,32772,421,97,592.94,517,1810.3
6755,11470,103,97,180.44,198,1810.4
6756,12565,124,97,203.99,220,1810.6
6757,26857,330,97,476.35,425,1811.3
6758,25857,322,97,462.11,417,1811.7
6759,25837,331,97,467.67,426,1812.2
6760,26792,328,97,474.26,423,1812.6
6761,32032,425,97,587.74,520,1813.2
6762,35217,466,97,645.55,561,1814.2
6763,30227,380,97,540.79,475,1814.8
6764,27047,345,97,488.83,440,1815.2
6765,28507,370,97,518.59,465,1815.7
6766,27542,342,97,490.7,437,1816.5
6767,31832,404,97,573.02,500,1817.0
6768,22282,284,97,402.84,379,1817.4
6769,28452,369,97,517.42,464,1817.9
6770,26077,336,97,473.31,431,1818.3
6771,25517,318,97,456.41,414,1819.0
6772,27177,336,97,483.45,431,1819.5
6773,27777,358,97,504.13,453,1820.0
6774,26942,343,97,486.54,438,1820.4
6775,27022,343,97,486.78,438,1821.2
6776,27577,354,97,499.57,449,1822.0
6777,27277,338,97,485.75,433,1822.5
6778,25772,330,97,466.42,425,1822.9
6779,24817,310,97,443.55,405,1823.3
6780,29037,361,97,517.75,456,1824.2
6781,27222,347,97,491.36,442,1824.6
6782,12565,124,97,203.99,220,1824.8
6783,25552,315,97,454.28,410,1825.2
6784,23027,288,97,412.63,383,1825.6
6785,32882,422,97,594.36,517,1826.5
6786,27627,346,97,495.03,441,1827.0
6787,27417,331,97,482.67,426,1827.4
6788,23007,289,97,413.51,384,1827.8
6789,29807,374,97,533.29,469,1828.3
6790,23537,298,97,424.27,393,1829.1
6791,25662,328,97,464.1,423,1829.5
6792,23407,296,97,421.79,391,1829.9
6793,30032,378,97,538.02,473,1830.4
6794,27217,337,97,484.55,432,1830.8
6795,25827,331,97,467.61,426,1831.7
6796,25932,333,97,469.94,428,1832.1
6797,21647,277,97,392.73,372,1832.5
6798,27012,353,97,493.22,448,1833.0
6799,12565,124,97,203.99,220,1833.1
6800,27107,344,97,488.17,439,1833.9
6801,26237,339,97,476.73,434,1834.5
6802,28832,355,97,511.32,452,1834.9
6803,23687,291,97,420.81,386,1835.3
6804,29017,362,97,518.61,457,1835.8
6805,24027,289,97,422.81,385,1836.5
6806,18992,217,97,327.82,313,1836.8
6807,26872,349,97,489.0,444,1837.2
6808,29562,370,97,528.46,465,1837.7
6809,27772,356,97,502.22,451,1838.2
6810,25492,324,97,459.56,419,1838.9
6811,25692,323,97,461.88,418,1839.3
6812,27227,336,97,483.75,431,1839.8
6813,26552,334,97,476.26,429,1840.2
6814,30182,381,97,541.5,476,1840.8
6815,22502,269,97,395.04,364,1841.4
6816,29287,366,97,523.67,461,1841.9
6817,27402,340,97,488.16,435,1842.4
6818,25547,325,97,460.73,420,1842.9
6819,27177,347,97,491.31,442,1843.6
6820,26377,330,97,471.99,425,1844.1
6821,21447,271,97,386.65,366,1844.5
6822,27072,345,97,488.98,440,1844.9
6823,25547,316,97,455.25,411,1845.4
6824,25602,327,97,462.92,422,1846.1
6825,28477,373,97,521.01,468,1846.7
6826,29552,371,97,529.48,466,1847.2
6827,27267,349,97,493.51,444,1847.7
6828,29907,378,97,537.49,473,1848.2
6829,26827,341,97,484.17,436,1848.9
6830,28602,354,97,509.26,449,1849.4
6831,27017,344,97,487.81,440,1849.8
6832,26817,349,97,488.51,444,1850.3
6833,30757,393,97,555.19,488,1851.1
6834,25332,321,97,456.06,416,1851.5
6835,20662,247,97,363.66,342,1851.9
6836,27932,360,97,506.74,455,1852.3
6837,27977,361,97,507.85,456,1852.8
6838,23197,292,97,417.17,387,1853.5
6839,26608,337,97,479.38,432,1854.0
6840,24587,299,97,435.05,394,1854.4
6841,23022,288,97,412.6,383,1854.8
6842,23112,281,97,408.94,376,1855.1
6843,32382,421,97,588.44,516,1856.0
6844,13050,145,97,225.98,241,1856.2
6845,25892,332,97,468.84,427,1856.6
6846,22332,276,97,398.18,372,1857.0
6847,27512,355,97,499.86,450,1857.4
6848,23257,294,97,419.23,389,1857.8
6849,26407,335,97,476.61,430,1858.6
6850,25082,321,97,454.46,416,1859.0
6851,29252,366,97,523.46,462,1859.5
6852,24362,312,97,441.02,407,1859.9
6853,26952,343,97,486.58,438,1860.7
6854,29327,376,97,529.99,471,1861.2
6855,12565,124,97,203.99,220,1861.4
6856,27797,358,97,504.25,453,1861.9
6857,28172,365,97,512.38,460,1862.4
6858,28357,368,97,516.03,463,1863.2
6859,27067,345,97,488.95,440,1863.6
6860,26717,340,97,482.49,435,1864.1
6861,22917,290,97,413.33,385,1864.4
6862,26952,343,97,486.58,438,1864.9
6863,26302,331,97,472.44,426,1865.6
6864,34757,457,97,635.23,552,1866.2
6865,27702,338,97,490.38,433,1866.6
6866,26337,333,97,474.49,428,1867.0
6867,30577,390,97,551.57,485,1867.5
6868,26732,338,97,480.74,433,1868.2
6869,27047,345,97,489.01,440,1868.6
6870,30347,386,97,546.65,481,1869.1
6871,22332,276,97,398.18,372,1869.5
6872,27062,345,97,488.94,440,1870.1
6873,29397,371,97,528.69,466,1870.6
6874,25722,329,97,465.3,424,1871.0
6875,29062,353,97,513.18,448,1871.4
6876,27692,359,97,504.44,454,1871.9
6877,9225,49,97,120.63,145,1872.3
6878,22667,272,97,398.55,367,1872.6
6879,26712,327,97,473.02,422,1873.0
6880,27687,355,97,501.11,450,1873.5
6881,28457,369,97,517.27,464,1873.9
6882,21031,259,97,373.55,354,1874.5
6883,27067,345,97,488.95,440,1875.0
6884,26897,342,97,485.41,437,1875.4
6885,24737,311,97,443.71,406,1875.8
6886,26257,339,97,476.91,434,1876.2
6887,26610,348,97,486.5,443,1877.0
6888,23737,293,97,422.87,388,1877.3
6889,27447,352,97,497.11,447,1877.8
6890,27157,344,97,488.43,439,1878.2
6891,28472,352,97,506.86,447,1878.6
6892,25128,309,97,446.68,404,1879.3
6893,15201,165,97,257.33,260,1879.5
6894,23657,291,97,420.61,386,1879.8
6895,24977,306,97,443.27,401,1880.2
6896,28402,376,97,520.86,471,1880.7
6897,29942,384,97,542.52,479,1881.5
6898,27917,341,97,494.13,436,1881.9
6899,30022,381,97,540.7,476,1882.4
6900,24702,302,97,438.26,397,1882.8
6901,26422,333,97,474.66,428,1883.2
6902,30392,387,97,547.94,482,1884.0
6903,29612,373,97,531.52,468,1884.5
6904,23627,291,97,420.43,386,1884.9
6905,27477,353,97,498.15,448,1885.3
6906,15361,169,97,261.47,264,1885.5
6907,27452,336,97,487.06,431,1886.2
6908,28367,362,97,513.17,457,1886.6
6909,12565,124,97,203.99,220,1886.8
6910,29992,380,97,539.68,475,1887.3
6911,23122,281,97,408.68,376,1887.6
6912,27272,350,97,494.56,445,1888.4
6913,24977,306,97,443.27,401,1888.7
6914,25987,327,97,467.35,422,1889.1
6915,26767,343,97,484.97,438,1889.5
6916,30097,381,97,541.13,476,1890.0
6917,12645,125,97,205.09,221,1890.5
6918,27182,347,97,491.32,442,1891.0
6919,25877,332,97,468.77,427,1891.4
6920,23807,303,97,429.91,398,1891.8
6921,24405,308,97,439.23,403,1892.1
6922,25137,309,97,446.57,404,1892.9
6923,27407,354,97,498.53,449,1893.3
6924,25492,325,97,460.56,420,1893.7
6925,23612,290,97,419.5,385,1894.1
6926,29587,372,97,530.53,467,1894.6
6927,26507,325,97,470.57,420,1895.3
6928,25707,329,97,465.23,424,1895.7
6929,28807,356,97,512.19,451,1896.2
6930,8895,41,97,111.45,138,1896.2
6931,23777,303,97,429.91,397,1896.6
6932,21837,275,97,392.51,370,1896.9
6933,25937,323,97,463.47,418,1897.6
6934,11450,99,97,176.1,195,1897.8
6935,26967,343,97,486.49,438,1898.3
6936,26917,340,97,483.71,435,1898.7
6937,9910,68,97,140.7,164,1898.8
6938,29363,367,97,524.73,462,1899.6
6939,25442,314,97,452.94,409,1900.0
6940,27297,349,97,493.69,444,1900.5
6941,26947,343,97,486.57,438,1900.9
6942,22322,276,97,398.12,372,1901.2
6943,11370,97,97,173.94,193,1901.4
6944,25257,319,97,453.91,414,1902.1
6945,26217,319,97,463.61,414,1902.5
6946,28117,364,97,511.21,459,1903.0
6947,31517,400,97,567.67,495,1903.5
6948,28877,359,97,515.15,454,1904.2
6949,25377,313,97,451.71,408,1904.6
6950,23737,301,97,427.97,396,1905.0
6951,24382,304,97,436.04,399,1905.5
6952,22332,285,97,404.06,380,1905.8
6953,27102,346,97,490.0,441,1906.2
6954,23742,301,97,428.0,396,1907.0
6955,22627,293,97,412.13,388,1907.3
6956,22847,286,97,410.03,381,1907.7
6957,26542,343,97,481.98,438,1908.1
6958,22217,285,97,402.79,380,1908.5
6959,26872,331,97,477.44,426,1909.2
6960,24470,315,97,444.0,410,1909.6
6961,26552,325,97,470.46,421,1910.0
6962,27212,348,97,492.34,443,1910.4
6963,28057,365,97,511.77,460,1911.1
6964,25442,314,97,452.94,409,1911.5
6965,21267,267,97,382.21,362,1911.8
6966,26682,318,97,467.28,413,1912.2
6967,27067,345,97,488.95,440,1912.7
6968,23647,300,97,426.61,395,1913.3
6969,26317,341,97,478.95,436,1913.8
6970,22167,282,97,400.47,377,1914.1
6971,26952,343,97,486.58,438,1914.6
6972,26952,343,97,486.58,438,1915.0
6973,28012,362,97,508.9,456,1915.8
6974,25157,309,97,447.03,404,1916.2
6975,28272,366,97,513.82,461,1916.7
6976,27287,330,97,481.17,425,1917.2
6977,26852,341,97,484.3,436,1917.7
6978,31527,407,97,571.57,502,1918.5
6979,28092,363,97,510.22,458,1919.0
6980,32212,411,97,581.18,505,1919.5
6981,27007,344,97,487.75,439,1920.0
6982,24855,325,97,454.75,420,1920.8
6983,31982,407,97,576.42,502,1921.5
6984,32837,422,97,594.17,517,1922.1
6985,25827,331,97,467.61,426,1922.5
6986,27985,352,97,501.57,447,1923.5
6987,28412,370,97,518.04,465,1924.7
6988,25397,313,97,451.83,408,1925.4
6989,35077,464,97,642.87,558,1926.5
6990,26662,339,97,481.48,434,1927.3
6991,30612,391,97,552.62,485,1928.7
6992,25517,316,97,454.99,411,1929.4
6993,28007,362,97,508.87,457,1930.2
6994,29482,370,97,528.2,464,1931.1
6995,30482,388,97,549.34,483,1932.0
6996,31727,402,97,570.69,497,1933.4
6997,25162,310,97,447.76,405,1934.2
6998,12200,116,97,195.1,212,1934.5
6999,9005,44,97,114.99,140,1934.7
7000,26167,326,97,467.37,421,1935.5
7001,12200,116,97,195.1,212,1936.0
7002,27537,353,97,498.51,448,1936.9
7003,25648,319,97,458.32,414,1937.3
7004,30467,388,97,549.25,483,1937.8
7005,30692,382,97,547.64,477,1938.3
7006,24187,309,97,437.45,404,1938.7
7007,27482,350,97,495.38,445,1939.5
7008,19607,240,97,348.99,335,1939.8
7009,29322,389,97,539.52,483,1940.3
7010,26002,324,97,464.7,419,1940.7
7011,27052,343,97,486.98,438,1941.5
7012,25442,314,97,452.94,409,1941.9
7013,31522,407,97,571.54,501,1942.5
7014,26522,345,97,483.64,440,1942.9
7015,30302,386,97,546.58,481,1943.4
7016,30342,386,97,546.8,481,1944.4
7017,25857,332,97,468.81,427,1944.8
7018,21877,280,97,396.71,375,1945.1
7019,25827,331,97,467.61,426,1945.6
7020,32287,413,97,583.33,507,1946.4
7021,25192,310,97,447.74,404,1946.9
7022,25522,320,97,458.38,414,1947.3
7023,25252,311,97,449.12,405,1947.7
7024,24417,296,97,431.51,391,1948.0
7025,27842,359,97,505.36,454,1948.8
7026,25007,309,97,445.95,403,1949.3
7027,24977,306,97,443.27,400,1949.7
7028,25092,308,97,445.64,402,1950.1
7029,30142,383,97,543.1,477,1950.6
7030,28572,375,97,523.44,469,1951.3
7031,23552,289,97,418.3,383,1951.7
7032,24342,295,97,430.22,390,1952.1
7033,28212,349,97,502.56,443,1952.5
7034,23612,290,97,419.5,384,1952.9
7035,28007,362,97,508.95,457,1953.7
7036,27267,330,97,481.11,424,1954.1
7037,23222,282,97,410.28,376,1954.5
7038,23797,294,97,423.89,388,1954.8
7039,24452,297,97,432.56,392,1955.2
7040,28322,348,97,502.54,442,1956.0
7041,27327,350,97,494.65,444,1956.4
7042,23652,291,97,420.58,385,1956.8
7043,8060,17,97,86.3,113,1956.9
7044,22473,280,97,402.59,375,1957.2
7045,23122,290,97,414.88,385,1957.6
7046,24512,298,97,433.76,393,1958.3
7047,8835,39,97,109.35,137,1958.4
7048,24977,306,97,443.27,401,1958.8
7049,24697,309,97,441.97,403,1959.2
7050,25142,309,97,446.78,403,1959.5
7051,24117,306,97,435.99,401,1960.0
7052,23592,291,97,420.38,385,1960.7
7053,12525,123,97,202.89,219,1960.8
7054,29712,373,97,531.9,468,1961.3
7055,28372,349,97,503.68,442,1961.7
7056,26662,348,97,487.0,442,1962.2
7057,26142,327,97,467.9,421,1962.9
7058,25032,315,97,449.02,409,1963.4
7059,25092,308,97,445.64,402,1963.8
7060,28157,345,97,499.03,439,1964.2
7061,26232,328,97,469.28,422,1964.7
7062,23662,290,97,419.72,384,1965.4
7063,23217,282,97,410.25,376,1965.7
7064,23722,292,97,421.84,386,1966.1
7065,25087,308,97,445.61,402,1966.5
7066,26167,328,97,468.95,423,1966.9
7067,25147,309,97,446.81,403,1967.7
7068,24697,309,97,441.97,403,1968.1
7069,24977,306,97,443.27,400,1968.4
7070,27705,350,97,498.35,445,1968.9
7071,25262,311,97,449.18,405,1969.3
7072,23627,291,97,420.43,385,1969.9
7073,25073,308,97,445.51,402,1970.3
7074,26312,341,97,478.6,435,1970.7
7075,26162,338,97,475.5,432,1971.2
7076,25122,311,97,448.32,406,1971.7
7077,30910,395,97,559.04,489,1972.5
7078,23107,280,97,407.91,374,1972.8
7079,27997,362,97,508.65,455,1973.3
7080,26647,338,97,480.39,432,1973.7
7081,24207,309,97,437.51,404,1974.1
7082,28167,364,97,511.51,458,1974.9
7083,24872,304,97,440.94,399,1975.3
7084,26167,328,97,468.95,421,1975.7
7085,31297,395,97,562.25,489,1976.2
7086,21267,265,97,380.69,359,1976.5
7087,12840,133,97,213.16,228,1977.2
7088,25117,311,97,448.29,406,1977.5
7089,25227,310,97,448.13,404,1978.1
7090,25382,314,97,452.64,408,1978.9
7091,27127,346,97,490.15,440,1979.7
7092,23682,282,97,415.18,376,1980.7
7093,11490,100,97,177.36,195,1981.0
7094,25222,311,97,448.94,406,1981.7
7095,25482,324,97,459.5,418,1982.5
7096,12350,122,97,200.84,217,1982.8
7097,23607,290,97,419.47,384,1983.5
7098,26521,334,97,476.13,429,1984.7
7099,26037,328,97,468.49,422,1985.4
7100,22952,287,97,411.16,382,1986.1
7101,27957,368,97,511.47,462,1987.0
7102,26437,334,97,475.75,428,1987.8
7103,25717,329,97,465.27,423,1988.9
7104,10530,78,97,152.76,174,1989.1
7105,22052,278,97,396.24,372,1989.8
7106,27122,346,97,490.12,441,1990.5
7107,11490,100,97,177.36,195,1990.8
7108,24697,309,97,441.97,403,1991.5
7109,25032,307,97,444.44,401,1992.6
7110,30327,376,97,540.13,471,1993.4
7111,25117,311,97,448.29,406,1994.2
7112,26822,339,97,482.24,433,1995.0
7113,23667,291,97,420.67,386,1995.4
7114,23307,294,97,419.51,389,1996.1
7115,25877,332,97,468.75,426,1996.5
7116,25182,322,97,456.0,416,1996.9
7117,32592,418,97,589.34,513,1997.5
7118,26432,324,97,469.42,418,1997.9
7119,28302,346,97,500.58,440,1998.7
7120,27532,353,97,498.46,447,1999.1
7121,27442,352,97,497.08,447,1999.5
7122,28167,365,97,512.35,459,2000.0
7123,26272,340,97,477.84,434,2000.8
7124,30597,391,97,552.55,486,2001.4
7125,26752,335,97,478.28,429,2001.8
7126,31397,405,97,569.11,499,2002.4
7127,26227,331,97,472.15,425,2002.8
7128,25467,316,97,454.79,409,2003.6
7129,21857,280,97,396.59,375,2003.9
7130,26782,328,97,474.48,422,2004.3
7131,28282,382,97,525.38,475,2004.8
7132,25737,330,97,466.15,424,2005.2
7133,26117,327,97,467.97,420,2006.1
7134,26322,334,97,475.08,429,2006.5
7135,27222,347,97,491.56,441,2007.0
7136,25017,316,97,449.83,411,2007.4
7137,12200,116,97,195.1,211,2007.5
7138,33247,430,97,603.35,525,2008.5
7139,32457,420,97,590.41,513,2009.0
7140,25032,307,97,444.52,401,2009.4
7141,28352,368,97,516.0,462,2009.9
7142,29287,367,97,524.53,461,2010.7
7143,27542,353,97,498.54,448,2011.2
7144,28162,346,97,499.9,439,2011.6
7145,23872,303,97,430.36,397,2012.0
7146,25882,332,97,468.6,427,2012.4
7147,25437,314,97,452.57,408,2013.2
7148,25932,333,97,469.92,428,2013.6
7149,12415,120,97,199.41,216,2013.7
7150,26952,343,97,486.58,438,2014.2
7151,24967,317,97,450.69,411,2014.6
7152,22332,284,97,403.06,377,2015.3
7153,23612,290,97,419.5,384,2015.7
7154,27537,353,97,498.51,447,2016.1
7155,26217,331,97,472.11,426,2016.6
7156,27647,355,97,500.85,449,2017.0
7157,27177,347,97,491.29,441,2017.8
7158,27242,348,97,492.56,442,2018.3
7159,21537,270,97,386.53,363,2018.6
7160,32707,432,97,599.81,526,2019.2
7161,28187,357,97,507.71,452,2019.7
7162,27582,354,97,499.6,448,2020.6
7163,27532,354,97,499.3,448,2021.5
7164,32557,418,97,589.13,513,2022.5
7165,25567,316,97,455.21,410,2023.3
7166,26562,334,97,476.3,428,2024.6
7167,26932,333,97,480.08,427,2025.5
7168,33857,443,97,618.09,537,2026.6
7169,12565,124,97,203.99,220,2027.0
7170,23722,292,97,421.84,387,2027.6
7171,26252,339,97,476.88,434,2028.9
7172,28257,347,97,501.31,442,2029.7
7173,23542,297,97,423.36,391,2030.4
7174,12205,116,97,195.21,211,2030.7
7175,22157,284,97,401.59,378,2031.4
7176,27272,348,97,492.72,442,2032.2
7177,10920,87,97,162.84,182,2032.7
7178,23722,300,97,426.96,394,2033.2
7179,24977,306,97,443.27,401,2033.6
7180,25367,314,97,452.65,408,2034.0
7181,27052,345,97,488.86,439,2034.5
7182,26137,339,97,476.49,432,2035.3
7183,26217,331,97,472.11,425,2035.8
7184,25597,327,97,462.89,421,2036.2
7185,25917,333,97,469.65,427,2036.6
7186,25538,320,97,458.42,413,2037.0
7187,26373,333,97,474.45,427,2037.7
7188,28092,363,97,510.22,457,2038.2
7189,27307,349,97,493.73,444,2038.6
7190,35337,470,97,649.63,564,2039.3
7191,27309,339,97,486.73,434,2039.7
7192,25777,321,97,460.91,415,2040.5
7193,28042,363,97,509.84,457,2041.0
7194,24627,311,97,443.63,406,2041.4
7195,24692,318,97,448.04,412,2041.8
7196,26787,340,97,483.07,434,2042.5
7197,19937,242,97,353.23,337,2042.8
7198,21647,272,97,388.87,366,2043.2
7199,26217,338,97,475.83,432,2043.6
7200,27007,344,97,487.83,439,2044.1
7201,29147,364,97,520.97,458,2044.9
7202,28592,357,97,511.54,451,2045.5
7203,24372,305,97,436.88,399,2045.8
7204,29732,375,97,533.9,469,2046.3
7205,26707,339,97,481.77,434,2046.7
7206,27577,354,97,499.59,448,2047.4
7207,9565,60,97,131.55,158,2047.5
7208,23332,294,97,419.66,388,2047.9
7209,12565,124,97,203.99,220,2048.0
7210,25267,311,97,449.37,406,2048.4
7211,26312,321,97,465.6,416,2048.8
7212,22787,285,97,408.83,379,2049.5
7213,27982,343,97,496.54,437,2050.0
7214,28117,364,97,511.21,458,2050.4
7215,26157,328,97,469.07,423,2050.8
7216,27232,348,97,492.46,442,2051.3
7217,30712,393,97,554.92,487,2052.3
7218,27252,349,97,493.44,444,2052.8
7219,32647,420,97,591.35,515,2053.3
7220,30047,381,97,540.83,475,2053.8
7221,24072,307,97,434.94,401,2054.6
7222,12200,116,97,195.1,212,2054.8
7223,25432,315,97,453.66,409,2055.2
7224,21817,269,97,389.23,363,2055.5
7225,30457,387,97,548.17,481,2056.0
7226,26242,328,97,469.5,423,2056.5
7227,23037,281,97,408.65,376,2057.2
7228,27647,355,97,500.85,449,2057.7
7229,31852,405,97,573.98,499,2058.2
7230,25277,311,97,449.51,405,2058.6
7231,24972,322,97,453.08,416,2059.3
7232,20317,248,97,360.47,342,2059.7
7233,26227,331,97,472.15,425,2060.1
7234,26952,343,97,486.58,437,2060.6
7235,29867,377,97,536.39,472,2061.1
7236,33337,432,97,605.57,526,2062.0
7237,31647,402,97,570.23,496,2062.5
7238,26102,337,97,474.22,432,2062.9
7239,30992,398,97,560.8,492,2063.4
7240,29867,378,97,537.25,471,2064.2
7241,26747,342,97,484.51,436,2064.7
7242,24882,306,97,442.92,400,2065.0
7243,30997,399,97,561.53,493,2065.5
7244,31077,392,97,558.33,487,2066.0
7245,24582,310,97,442.5,404,2066.7
7246,27007,344,97,487.83,438,2067.2
7247,21542,273,97,388.78,368,2067.5
7248,27647,355,97,500.85,449,2067.9
7249,26912,340,97,483.6,434,2068.3
7250,23922,296,97,426.42,391,2069.1
7251,31272,403,97,566.68,497,2069.6
7252,27522,353,97,498.42,448,2070.1
7253,28842,378,97,527.32,473,2070.5
7254,29597,373,97,531.41,467,2071.3
7255,28127,364,97,511.31,458,2071.8
7256,28032,362,97,509.02,456,2072.3
7257,26167,330,97,470.95,424,2072.7
7258,23322,298,97,422.78,393,2073.1
7259,32852,423,97,595.08,517,2073.9
7260,29892,371,97,533.8,465,2074.4
7261,12565,123,97,203.09,219,2074.6
7262,21262,264,97,379.58,358,2074.9
7263,26742,339,97,481.86,433,2075.3
7264,32302,413,97,583.4,507,2076.2
7265,26227,331,97,472.15,426,2076.6
7266,29452,370,97,528.02,465,2077.1
7267,32692,420,97,591.62,514,2077.6
7268,15437,170,97,263.31,264,2077.8
7269,29407,370,97,527.69,464,2078.7
7270,24717,313,97,445.85,407,2079.1
7271,26952,343,97,486.58,437,2079.6
7272,29203,357,97,517.39,451,2080.0
7273,27517,353,97,498.41,448,2080.4
7274,28452,369,97,517.42,463,2081.2
7275,29462,370,97,528.06,464,2081.7
7276,21677,272,97,389.03,366,2082.1
7277,26352,331,97,472.58,426,2082.5
7278,24247,301,97,432.55,396,2083.1
7279,20232,240,97,355.12,334,2083.5
7280,29077,373,97,526.67,467,2084.0
7281,27537,353,97,498.53,447,2084.4
7282,33747,439,97,613.95,533,2085.0
7283,28087,363,97,510.27,457,2085.8
7284,26387,330,97,472.05,428,2086.2
7285,32387,415,97,585.59,509,2086.8
7286,28377,369,97,516.97,463,2087.2
7287,27647,355,97,500.85,449,2087.9
7288,12565,124,97,203.99,219,2088.2
7289,26227,331,97,472.15,426,2088.6
7290,25932,326,97,466.18,420,2089.0
7291,31787,403,97,571.89,497,2089.5
7292,27182,347,97,491.32,441,2090.0
7293,32327,425,97,591.69,520,2090.9
7294,25442,314,97,452.94,409,2091.3
7295,27182,347,97,491.32,441,2091.8
7296,27457,334,97,485.75,428,2092.2
7297,22907,286,97,410.23,380,2092.9
7298,26097,329,97,469.69,423,2093.3
7299,25442,314,97,452.94,409,2093.7
7300,29837,376,97,535.25,470,2094.2
7301,28277,357,97,508.15,451,2094.7
7302,15172,164,97,256.52,259,2095.2
7303,11785,109,97,187.21,203,2095.4
7304,26022,325,97,465.72,419,2095.8
7305,25252,320,97,454.7,414,2096.2
7306,30087,382,97,541.93,476,2096.8
7307,24392,304,97,436.12,406,2097.2
7308,23417,295,97,421.01,390,2098.0
7309,25382,313,97,451.74,407,2098.4
7310,26903,342,97,485.33,436,2098.8
7311,26952,343,97,486.58,437,2099.2
7312,23387,295,97,420.83,389,2099.6
7313,24812,311,97,444.5,405,2100.3
7314,30727,392,97,554.05,486,2100.8
7315,28492,370,97,518.52,464,2101.2
7316,25772,330,97,466.44,425,2101.6
7317,26777,340,97,483.01,434,2102.4
7318,30648,393,97,554.34,492,2102.9
7319,27062,345,97,488.92,439,2103.4
7320,26017,325,97,465.69,419,2103.8
7321,27322,350,97,494.7,444,2104.2
7322,27647,355,97,500.85,449,2105.0
7323,24627,311,97,443.63,405,2105.4
7324,26907,339,97,482.59,433,2105.8
7325,27292,349,97,493.66,443,2106.2
7326,27212,348,97,492.34,441,2106.8
7327,27032,344,97,487.7,438,2107.6
7328,30667,392,97,553.79,487,2108.1
7329,29077,373,97,526.67,467,2108.6
7330,26952,343,97,486.58,437,2109.0
7331,26267,339,97,476.97,433,2109.7
7332,27182,348,97,492.08,442,2110.1
7333,29592,393,97,544.28,487,2110.6
7334,29867,379,97,538.23,473,2111.1
7335,26362,343,97,480.98,437,2111.5
7336,20782,255,97,368.9,349,2112.2
7337,27437,351,97,496.23,445,2112.6
7338,32167,411,97,580.91,505,2113.2
7339,20882,258,97,372.28,352,2113.5
7340,15112,175,97,263.58,269,2113.7
7341,27512,353,97,498.34,447,2114.5
7342,27887,340,97,492.97,434,2114.9
7343,26962,343,97,486.64,437,2115.4
7344,26182,329,97,470.2,423,2115.8
7345,28067,344,97,497.61,439,2116.3
7346,26012,337,97,473.84,431,2117.1
7347,26132,327,97,468.06,421,2117.5
7348,24067,299,97,430.11,393,2117.9
7349,22512,288,97,407.48,383,2118.2
7350,25902,323,97,463.32,417,2118.6
7351,26568,325,97,470.46,419,2119.5
7352,23577,298,97,424.35,393,2119.8
7353,22797,284,97,407.97,379,2120.2
7354,27372,350,97,494.98,444,2120.6
7355,27102,346,97,489.8,440,2121.4
7356,24527,306,97,438.43,400,2121.8
7357,23407,295,97,420.85,389,2122.2
7358,31437,398,97,565.61,492,2122.7
7359,26602,326,97,471.54,420,2123.1
7360,26372,322,97,467.3,417,2123.9
7361,23407,296,97,421.73,391,2124.3
7362,28062,365,97,511.8,459,2124.7
7363,25442,314,97,452.94,408,2125.1
7364,30252,385,97,545.44,479,2125.6
7365,23007,289,97,413.51,383,2126.4
7366,30222,384,97,544.42,478,2126.8
7367,26402,334,97,475.72,428,2127.3
7368,30202,383,97,543.44,477,2127.8
7369,32037,409,97,578.45,503,2128.3
7370,27272,348,97,492.72,442,2129.2
7371,23242,292,97,417.36,386,2129.6
7372,21658,272,97,388.9,366,2130.0
7373,27574,359,97,503.56,453,2130.5
7374,26547,325,97,470.37,419,2131.1
7375,25902,323,97,463.32,417,2131.6
7376,26497,338,97,479.43,432,2132.1
7377,26435,334,97,475.91,428,2132.5
7378,31742,403,97,571.62,497,2133.0
7379,27312,349,97,493.78,443,2133.7
7380,27762,357,97,503.22,451,2134.1
7381,27877,359,97,505.57,453,2134.6
7382,25862,314,97,457.02,408,2135.0
7383,26227,331,97,472.15,425,2135.4
7384,32842,427,97,598.8,521,2136.3
7385,28282,367,97,514.72,461,2136.8
7386,28447,369,97,517.39,463,2137.3
7387,26547,325,97,470.37,419,2137.7
7388,12565,123,97,203.09,218,2137.9
7389,28322,340,97,497.58,434,2138.7
7390,27432,351,97,496.18,445,2139.2
7391,27502,353,97,498.3,447,2139.6
7392,24422,296,97,431.54,390,2140.0
7393,27217,347,97,491.53,441,2140.8
7394,26162,328,97,468.94,422,2141.5
7395,27428,353,97,497.98,447,2142.3
7396,26012,325,97,465.66,419,2143.1
7397,26987,344,97,487.63,438,2143.9
7398,15012,172,97,260.2,267,2144.3
7399,25907,334,97,470.53,429,2145.5
7400,27203,348,97,492.29,442,2146.3
7401,29217,365,97,522.15,459,2147.3
7402,11445,99,97,176.25,195,2147.6
7403,25647,328,97,464.03,422,2148.3
7404,27262,348,97,492.68,442,2149.5
7405,32807,422,97,593.97,516,2150.6
7406,26312,331,97,472.72,425,2151.4
7407,25917,323,97,463.35,417,2152.2
7408,27212,348,97,492.34,442,2153.4
7409,25442,314,97,452.94,408,2154.1
7410,25827,331,97,467.61,425,2154.9
7411,11445,99,97,176.25,194,2155.1
7412,26242,329,97,470.4,423,2155.9
7413,27167,347,97,491.21,441,2156.8
7414,30257,384,97,544.61,478,2157.7
7415,11055,90,97,166.17,185,2157.8
7416,19892,233,97,347.02,327,2158.2
7417,26317,340,97,478.11,434,2158.6
7418,12565,124,97,203.99,219,2158.8
7419,32757,431,97,599.11,525,2159.7
7420,25902,323,97,463.32,417,2160.2
7421,16422,191,97,286.72,286,2160.4
7422,29507,371,97,529.21,465,2160.9
7423,27252,349,97,493.42,443,2161.4
7424,28117,364,97,511.07,457,2162.2
7425,27337,350,97,494.77,444,2162.7
7426,25442,314,97,452.94,408,2163.1
7427,27597,354,97,499.71,448,2163.6
7428,27432,351,97,496.18,445,2164.0
7429,32647,418,97,589.65,511,2164.9
7430,24447,297,97,432.31,394,2165.3
7431,21857,280,97,396.59,374,2165.7
7432,27762,357,97,503.22,451,2166.2
7433,27432,352,97,497.2,446,2166.6
7434,25722,329,97,465.3,422,2167.5
7435,23062,280,97,407.8,374,2167.8
7436,25607,327,97,462.93,421,2168.2
7437,25322,322,97,457.02,416,2168.6
7438,27432,351,97,496.18,445,2169.1
7439,25607,327,97,462.93,421,2169.9
7440,31567,399,97,567.15,493,2170.4
7441,25722,329,97,465.3,423,2170.8
7442,27707,356,97,502.05,450,2171.3
7443,31727,403,97,571.53,497,2172.1
7444,26092,336,97,473.4,430,2172.5
7445,19652,229,97,342.22,322,2172.8
7446,25442,314,97,452.94,408,2173.2
7447,25267,311,97,449.37,404,2173.6
7448,25607,319,97,458.19,413,2174.4
7449,25427,324,97,458.85,418,2174.9
7450,28712,356,97,511.7,450,2175.4
7451,28872,359,97,515.12,453,2175.9
7452,28102,345,97,498.64,439,2176.3
7453,25717,319,97,458.79,413,2177.1
7454,22332,284,97,403.12,378,2177.5
7455,29242,366,97,523.3,459,2178.0
7456,24327,293,97,428.45,387,2178.3
7457,25367,314,97,452.65,408,2178.7
7458,25722,329,97,465.3,423,2179.5
7459,25772,330,97,466.44,424,2179.9
7460,26162,337,97,474.66,430,2180.3
7461,27982,350,97,500.06,444,2180.8
7462,26982,344,97,487.6,438,2181.3
7463,25442,314,97,452.94,408,2182.0
7464,25612,319,97,458.34,413,2182.5
7465,23932,304,97,431.56,398,2182.8
7466,30712,392,97,554.08,486,2183.4
7467,24367,304,97,435.95,397,2183.7
7468,27640,354,97,500.76,448,2184.6
7469,22217,285,97,402.79,379,2184.9
7470,30992,390,97,556.22,484,2185.4
7471,24382,294,97,429.62,388,2185.8
7472,21652,272,97,388.88,366,2186.1
7473,28640,370,97,521.32,464,2186.8
7474,30877,388,97,554.03,482,2187.3
7475,21857,280,97,396.59,374,2187.7
7476,27802,358,97,504.3,452,2188.2
7477,31617,401,97,569.21,495,2189.1
7478,23762,291,97,421.08,385,2189.5
7479,25597,327,97,462.89,421,2189.9
7480,24157,308,97,436.37,402,2190.3
7481,33392,433,97,606.68,527,2190.9
7482,25712,329,97,465.26,423,2191.7
7483,24487,311,97,442.33,404,2192.1
7484,28807,358,97,513.93,452,2192.6
7485,26732,328,97,474.0,423,2193.0
7486,28888,360,97,516.14,453,2193.5
7487,25647,328,97,464.03,422,2194.3
7488,27112,345,97,489.06,439,2194.7
7489,26322,333,97,474.24,427,2195.1
7490,26727,338,97,480.87,431,2195.6
7491,25887,333,97,469.67,427,2196.4
7492,25722,329,97,465.3,423,2196.8
7493,30402,387,97,548.0,480,2197.3
7494,24767,309,97,442.39,403,2197.6
7495,25957,333,97,470.07,427,2198.1
7496,27517,353,97,498.39,447,2198.8
7497,28837,390,97,536.394,483,2199.4
7498,26262,339,97,476.96,433,2199.8
7499,21982,279,97,396.5,372,2200.2
7500,30152,384,97,543.88,478,2200.7
7501,24937,315,97,448.49,409,2201.5
7502,25607,327,97,462.93,421,2201.9
7503,26567,334,97,476.49,427,2202.3
7504,29217,366,97,523.21,460,2202.8
7505,25302,311,97,449.42,405,2203.2
7506,28352,340,97,497.92,434,2204.0
7507,27427,351,97,496.19,445,2204.4
7508,23022,288,97,412.6,382,2204.8
7509,25047,309,97,446.43,403,2205.2
7510,27362,350,97,494.92,445,2205.9
7511,26777,329,97,475.11,422,2206.4
7512,28657,356,97,511.53,450,2206.9
7513,30127,403,97,556.29,497,2207.4
7514,28842,358,97,514.04,453,2207.9
7515,25902,323,97,463.32,418,2208.7
7516,26722,348,97,487.26,441,2209.1
7517,26992,344,97,487.66,438,2209.5
7518,23172,290,97,414.98,385,2209.9
7519,22232,282,97,400.78,376,2210.3
7520,25397,313,97,451.83,406,2211.1
7521,25932,333,97,469.92,426,2211.6
7522,25352,312,97,450.6,406,2212.0
7523,28732,378,97,526.66,471,2212.4
7524,27007,343,97,486.69,437,2212.9
7525,27202,348,97,492.3,442,2213.7
7526,25592,326,97,461.84,420,2214.2
7527,32877,423,97,595.23,517,2214.8
7528,27182,347,97,491.32,441,2215.3
7529,12200,116,97,195.1,210,2215.4
7530,29302,367,97,524.6,461,2216.3
7531,26667,327,97,472.77,421,2216.7
7532,26271,329,97,470.33,423,2217.1
7533,25667,328,97,464.13,422,2217.6
7534,29652,374,97,532.6,469,2218.4
7535,24817,311,97,444.53,405,2218.8
7536,30312,385,97,545.78,479,2219.4
7537,28117,364,97,511.21,459,2219.8
7538,27882,360,97,506.46,454,2220.3
7539,33927,443,97,618.35,537,2221.4
7540,25607,327,97,462.93,421,2221.8
7541,27937,361,97,507.63,455,2222.3
7542,28117,364,97,511.21,458,2222.8
7543,26547,325,97,470.37,419,2223.6
7544,26952,343,97,486.58,437,2224.1
7545,26282,328,97,469.74,422,2224.5
7546,26237,328,97,469.47,422,2224.9
7547,26387,330,97,472.05,425,2225.3
7548,27952,361,97,507.7,455,2226.2
7549,9225,49,97,120.63,144,2226.3
7550,25767,330,97,466.41,424,2226.7
7551,31942,406,97,575.34,500,2227.2
7552,24977,306,97,443.27,400,2227.6
7553,24977,306,97,443.27,401,2228.0
7554,30477,388,97,549.29,482,2228.9
7555,30222,383,97,543.56,478,2229.4
7556,26937,341,97,484.49,436,2229.8
7557,30262,384,97,544.64,479,2230.3
7558,26547,325,97,470.37,419,2231.1
7559,28527,352,97,507.07,447,2231.5
7560,26387,335,97,476.29,429,2232.0
7561,30882,395,97,557.62,489,2232.5
7562,28162,364,97,511.48,458,2233.2
7563,25622,318,97,457.38,412,2233.7
7564,9225,49,97,120.63,144,2233.7
7565,28017,362,97,508.93,457,2234.2
7566,25847,322,97,462.15,416,2234.6
7567,25542,325,97,461.1,419,2235.0
7568,30752,393,97,555.16,487,2235.8
7569,30317,386,97,546.65,480,2236.3
7570,25492,325,97,460.56,419,2236.8
7571,12200,116,97,195.1,211,2236.9
7572,24977,306,97,443.27,401,2237.3
7573,26482,342,97,480.78,437,2238.1
7574,32982,424,97,596.72,518,2238.7
7575,28117,364,97,511.21,458,2239.2
7576,25662,328,97,464.1,422,2239.7
7577,11445,99,97,176.25,194,2239.8
7578,31187,393,97,559.89,487,2240.7
7579,32267,420,97,586.93,514,2241.3
7580,26542,325,97,470.34,419,2241.8
7581,29312,359,97,519.88,453,2242.2
7582,30182,383,97,543.32,477,2243.1
7583,25932,333,97,469.92,427,2243.6
7584,25442,314,97,452.94,408,2244.0
7585,30532,381,97,545.88,476,2244.4
7586,29077,373,97,526.67,468,2244.9
7587,28292,348,97,502.3,442,2245.7
7588,27997,362,97,508.83,456,2246.1
7589,25657,328,97,464.07,422,2246.5
7590,25902,323,97,463.32,417,2246.9
7591,27382,339,97,487.58,433,2247.4
7592,30582,390,97,551.6,484,2248.2
7593,27582,354,97,499.62,448,2248.7
7594,26142,326,97,467.22,420,2249.1
7595,24537,306,97,438.65,400,2249.5
7596,30942,396,97,558.82,490,2250.3
7597,30202,383,97,543.44,477,2250.8
7598,12565,124,97,203.99,219,2251.0
7599,26717,328,97,473.91,422,2251.4
7600,28007,362,97,508.87,456,2251.9
7601,28042,362,97,509.08,456,2252.7
7602,27737,354,97,500.27,448,2253.2
7603,32292,413,97,583.32,507,2253.7
7604,26012,324,97,464.84,418,2254.1
7605,28007,362,97,508.87,456,2254.6
7606,25942,333,97,469.98,427,2255.4
7607,31542,408,97,572.48,502,2256.0
7608,27082,345,97,489.04,439,2256.4
7609,29677,374,97,532.73,468,2256.9
7610,12270,118,97,197.2,213,2257.0
7611,28072,344,97,497.74,438,2257.7
7612,14325,169,97,253.27,262,2257.9
7613,12205,116,97,195.21,211,2258.1
7614,25607,327,97,462.93,421,2258.5
7615,24417,306,97,437.99,400,2258.9
7616,25442,314,97,452.94,408,2259.3
7617,27812,358,97,504.34,452,2260.1
7618,29652,374,97,532.6,475,2260.5
7619,19297,230,97,339.05,324,2260.8
7620,26777,329,97,475.11,423,2261.2
7621,26487,324,97,469.17,418,2261.6
7622,25152,309,97,446.84,403,2262.2
7623,28492,370,97,518.5,464,2262.7
7624,31297,402,97,565.99,496,2263.3
7625,31332,404,97,567.74,498,2263.8
7626,30022,380,97,539.84,474,2264.8
7627,28552,371,97,519.7,465,2265.3
7628,26602,326,97,471.54,420,2265.7
7629,27952,342,97,495.34,436,2266.1
7630,30562,390,97,551.5,484,2266.9
7631,23132,290,97,414.94,384,2267.3
7632,26687,327,97,472.91,421,2267.8
7633,23022,288,97,412.6,383,2268.1
7634,29852,378,97,537.1,472,2268.6
7635,26777,329,97,475.11,423,2269.3
7636,32342,413,97,583.62,507,2269.9
7637,25442,314,97,452.94,408,2270.3
7638,25607,327,97,462.93,422,2270.7
7639,30922,396,97,558.72,491,2271.3
7640,23647,300,97,426.61,394,2272.0
7641,27202,348,97,492.3,442,2272.5
7642,25047,309,97,446.43,403,2272.8
7643,28092,363,97,510.22,457,2273.3
7644,28187,346,97,500.11,440,2273.7
7645,32227,412,97,582.09,507,2274.6
7646,30282,385,97,545.62,479,2275.1
7647,25668,330,97,465.62,424,2275.5
7648,27762,357,97,503.22,451,2276.0
7649,25817,322,97,461.91,416,2276.7
7650,28940,354,97,512.54,448,2277.1
7651,25682,327,97,463.18,421,2277.6
7652,26612,326,97,471.6,420,2278.1
7653,25552,315,97,454.36,409,2278.4
7654,23187,291,97,416.27,385,2279.2
7655,27317,349,97,493.81,443,2279.6
7656,27212,348,97,492.34,442,2280.0
7657,12160,115,97,194.0,210,2280.2
7658,27652,336,97,488.4,430,2280.6
7659,26547,325,97,470.37,419,2281.3
7660,12565,124,97,203.99,219,2281.5
7661,27177,347,97,491.29,441,2281.9
7662,27587,354,97,499.63,448,2282.4
7663,27237,348,97,492.49,442,2282.8
7664,22732,290,97,410.48,384,2283.2
7665,28087,364,97,510.99,458,2284.0
7666,31342,395,97,562.5,489,2284.5
7667,26602,326,97,471.54,440,2284.9
7668,26132,327,97,468.0,421,2285.3
7669,28502,370,97,518.56,464,2286.1
7670,28117,364,97,511.21,458,2286.6
7671,26122,325,97,466.26,419,2287.0
7672,24642,300,97,436.22,394,2287.4
7673,28502,371,97,519.4,465,2287.8
7674,30727,393,97,554.99,487,2288.6
7675,26232,330,97,471.18,424,2289.0
7676,24977,306,97,443.27,400,2289.5
7677,24537,306,97,438.65,400,2289.8
7678,26272,340,97,477.84,434,2290.3
7679,23587,299,97,425.41,393,2291.0
7680,28692,374,97,523.06,468,2291.5
7681,28657,364,97,515.89,458,2291.9
7682,24792,319,97,449.42,413,2292.3
7683,27597,354,97,499.71,448,2293.2
7684,12625,128,97,207.55,223,2293.3
7685,28007,362,97,508.87,456,2293.8
7686,29427,370,97,527.87,464,2294.3
7687,28117,364,97,511.21,458,2294.8
7688,32637,419,97,590.45,513,2295.7
7689,26227,331,97,472.15,425,2296.1
7690,29922,379,97,538.42,473,2296.6
7691,27617,356,97,501.41,450,2297.1
7692,30372,387,97,547.84,481,2297.6
7693,26322,340,97,478.14,434,2298.4
7694,32917,424,97,596.33,517,2299.0
7695,27617,354,97,499.81,448,2299.4
7696,27647,355,97,500.85,449,2299.8
7697,24977,306,97,443.27,400,2300.6
7698,31027,398,97,560.91,493,2301.1
7699,26227,331,97,472.15,425,2301.5
7700,25762,320,97,459.9,414,2301.9
7701,31802,405,97,573.68,499,2302.5
7702,28312,367,97,514.9,461,2303.3
7703,27422,334,97,485.4,428,2303.7
7704,26452,331,97,473.28,497,2304.2
7705,30602,391,97,552.56,486,2304.7
7706,29867,377,97,536.37,470,2305.5
7707,27757,357,97,503.19,451,2306.0
7708,28117,364,97,511.21,458,2306.4
7709,26918,344,97,487.22,438,2306.8
7710,25442,314,97,452.94,408,2307.2
7711,12565,124,97,203.99,219,2307.8
7712,27762,357,97,503.22,451,2308.2
7713,27457,350,97,495.29,444,2308.6
7714,28882,377,97,526.72,471,2309.1
7715,23282,294,97,419.22,388,2309.5
7716,29592,373,97,531.38,467,2310.4
7717,30232,384,97,544.46,478,2311.0
7718,26192,327,97,468.36,421,2311.4
7719,33177,429,97,602.09,523,2312.0
7720,27292,349,97,493.66,443,2313.3
7721,25902,323,97,463.32,416,2313.7
7722,24537,306,97,438.49,400,2314.2
7723,29972,380,97,539.56,475,2314.7
7724,27427,351,97,496.15,444,2315.2
7725,29757,376,97,534.89,470,2316.2
7726,27317,349,97,493.81,442,2316.8
7727,24977,306,97,443.27,400,2317.2
7728,29337,368,97,525.67,461,2317.7
7729,28122,345,97,498.88,439,2318.7
7730,28292,367,97,514.78,461,2319.2
7731,26732,339,97,481.9,433,2319.8
7732,25772,330,97,466.44,423,2320.2
7733,27117,345,97,489.25,439,2320.7
7734,24367,303,97,434.95,396,2321.6
7735,27582,354,97,499.62,447,2322.1
7736,25892,323,97,463.28,417,2322.5
7737,26547,325,97,470.37,418,2323.0
7738,25492,325,97,460.56,418,2323.4
7739,23067,289,97,413.71,383,2324.2
7740,25942,333,97,469.98,427,2324.6
7741,27647,355,97,500.85,449,2325.0
7742,28502,371,97,519.4,465,2325.5
7743,24537,306,97,438.65,400,2325.9
7744,28747,356,97,511.81,450,2326.7
7745,27432,351,97,496.18,445,2327.1
7746,25442,314,97,452.94,407,2327.5
7747,27432,351,97,496.18,445,2327.9
7748,25442,314,97,452.94,408,2328.3
7749,22032,270,97,391.18,365,2329.0
7750,27257,360,97,500.59,453,2329.4
7751,28597,353,97,508.41,447,2329.9
7752,28957,371,97,524.27,464,2330.4
7753,12565,124,97,203.99,219,2330.5
7754,13813,147,97,232.03,241,2331.0
7755,25322,312,97,450.38,405,2331.4
7756,31045,392,97,558.09,486,2331.9
7757,12565,124,97,203.99,218,2332.1
7758,24452,306,97,438.14,400,2332.4
7759,30112,382,97,542.06,476,2333.2
7760,33577,436,97,610.37,530,2333.8
7761,28282,367,97,514.72,461,2334.2
7762,24977,306,97,443.27,399,2334.6
7763,26262,331,97,472.12,424,2335.0
7764,26357,335,97,476.11,429,2335.7
7765,27877,341,97,493.99,435,2336.2
7766,24847,304,97,440.81,398,2336.5
7767,26992,344,97,487.66,438,2337.0
7768,25302,311,97,449.42,405,2337.3
7769,31677,402,97,570.39,496,2338.1
7770,32347,414,97,584.51,508,2338.7
7771,30107,392,97,548.81,486,2339.1
7772,25902,323,97,463.32,417,2339.5
7773,26042,335,97,472.26,430,2340.2
7774,25047,309,97,446.43,403,2340.6
7775,27432,351,97,496.18,445,2341.1
7776,29592,373,97,531.38,466,2341.6
7777,27647,355,97,500.85,449,2342.0
7778,25902,323,97,463.32,416,2342.8
7779,25902,323,97,463.32,417,2343.2
7780,27892,360,97,506.54,453,2343.6
7781,21252,265,97,380.6,358,2343.9
7782,25367,314,97,452.65,407,2344.3
7783,26962,343,97,486.64,437,2345.0
7784,25442,314,97,452.94,408,2345.4
7785,26547,325,97,470.37,419,2345.8
7786,32512,417,97,588.02,511,2346.4
7787,26507,336,97,478.05,430,2347.0
7788,25762,320,97,459.98,414,2347.4
7789,24252,301,97,432.74,395,2347.8
7790,21772,274,97,391.28,368,2348.1
7791,23077,289,97,413.77,383,2348.4
7792,25902,323,97,463.32,417,2348.8
7793,24977,306,97,443.27,401,2349.5
7794,30042,381,97,540.8,475,2350.0
7795,33122,428,97,600.92,522,2350.5
7796,23438,299,97,424.2,393,2350.9
7797,25662,328,97,464.1,422,2351.6
7798,27682,356,97,501.9,450,2352.0
7799,24977,306,97,443.27,400,2352.4
7800,25027,308,97,445.41,402,2352.7
7801,24977,306,97,443.27,400,2353.3
7802,24977,306,97,443.27,400,2354.0
7803,27637,355,97,500.79,449,2354.4
7804,24307,304,97,435.65,408,2354.8
7805,29772,376,97,534.98,470,2355.3
7806,24362,295,97,430.34,389,2355.6
7807,32512,417,97,588.0,511,2356.5
7808,26547,325,97,470.37,419,2356.9
7809,25742,318,97,457.96,412,2357.3
7810,25057,307,97,444.75,401,2357.6
7811,24922,305,97,442.1,399,2358.0
7812,12565,124,97,203.99,219,2358.4
7813,24922,305,97,442.1,399,2358.8
7814,25792,321,97,460.98,415,2359.2
7815,32032,408,97,577.56,502,2359.7
7816,15437,170,97,263.31,264,2359.9
7817,25992,334,97,471.12,428,2360.6
7818,24977,306,97,443.27,400,2361.0
7819,24967,306,97,443.21,400,2361.4
7820,26432,332,97,474.08,426,2361.8
7821,31712,403,97,571.48,498,2362.3
7822,26512,325,97,470.08,419,2363.1
7823,30802,394,97,556.3,488,2363.6
7824,28172,365,97,512.38,459,2364.0
7825,23587,299,97,425.41,393,2364.4
7826,26211,319,97,462.97,413,2364.8
7827,31532,399,97,567.02,494,2365.6
7828,31742,411,97,576.2,505,2366.1
7829,31452,406,97,570.28,500,2366.6
7830,29267,365,97,522.31,470,2367.1
7831,25717,329,97,465.27,423,2367.9
7832,25886,322,97,462.14,416,2368.3
7833,25862,314,97,457.02,408,2368.6
7834,31797,404,97,572.83,499,2369.1
7835,23612,290,97,419.5,384,2369.5
7836,31022,390,97,556.38,484,2370.3
7837,26227,331,97,472.15,425,2370.7
7838,28037,362,97,509.07,456,2371.1
7839,25747,312,97,454.65,406,2371.5
7840,30842,396,97,558.22,490,2372.3
7841,31317,396,97,563.21,490,2372.9
7842,29587,373,97,531.37,467,2373.3
7843,25442,314,97,452.94,409,2373.7
7844,29852,377,97,536.3,471,2374.2
7845,15201,165,97,257.33,260,2374.7
7846,26227,331,97,472.15,425,2375.1
7847,27462,334,97,485.72,428,2375.5
7848,26167,337,97,474.69,431,2376.0
7849,30477,388,97,549.51,482,2376.5
7850,26892,341,97,484.38,436,2377.2
7851,12610,125,97,205.2,220,2377.4
7852,30042,381,97,540.8,475,2377.9
7853,27107,347,97,490.87,441,2378.3
7854,31572,408,97,572.7,502,2378.9
7855,31557,400,97,567.99,494,2379.7
7856,26117,329,97,469.81,424,2380.1
7857,15437,170,97,263.31,264,2380.3
7858,23612,290,97,419.5,384,2380.7
7859,12610,125,97,205.2,220,2380.9
7860,26227,331,97,472.15,426,2381.6
7861,25307,313,97,451.45,407,2382.0
7862,28117,364,97,511.21,458,2382.5
7863,26227,331,97,472.15,425,2382.9
7864,33597,437,97,611.33,531,2383.5
7865,20597,253,97,366.43,347,2384.1
7866,27497,335,97,486.77,429,2384.5
7867,30257,385,97,545.49,479,2385.0
7868,25192,321,97,455.4,415,2385.4
7869,31532,399,97,567.02,493,2385.9
7870,9575,57,97,129.61,156,2386.3
7871,21857,280,97,396.59,374,2386.7
7872,24862,315,97,448.38,409,2387.0
7873,31342,404,97,567.92,498,2387.6
7874,30697,392,97,553.97,487,2388.1
7875,27582,354,97,499.56,447,2388.8
7876,25442,314,97,452.94,408,2389.2
7877,26227,331,97,472.15,424,2389.7
7878,30332,386,97,546.76,479,2390.2
7879,26227,331,97,472.15,425,2390.6
7880,32757,421,97,592.83,515,2391.4
7881,25827,331,97,467.61,425,2391.8
7882,30137,383,97,543.05,477,2392.3
7883,28717,355,97,510.81,449,2392.8
7884,26227,331,97,472.15,425,2393.5
7885,14390,175,97,258.78,270,2393.8
7886,32457,416,97,586.85,510,2394.3
7887,27012,346,97,489.46,440,2394.7
7888,25692,311,97,453.48,404,2395.1
7889,24662,310,97,442.78,404,2395.9
7890,26227,331,97,472.15,425,2396.3
7891,29962,379,97,538.66,473,2396.8
7892,26172,330,97,470.98,424,2397.2
7893,27427,351,97,496.15,445,2397.6
7894,30592,391,97,552.52,484,2398.5
7895,26227,331,97,472.15,425,2398.9
7896,26192,327,97,468.36,420,2399.3
7897,25637,319,97,458.65,413,2399.7
7898,26227,331,97,472.15,425,2400.1
7899,30857,396,97,558.31,490,2400.9
7900,30437,388,97,549.05,482,2401.4
7901,28092,363,97,510.22,457,2401.9
7902,33742,439,97,613.9,533,2402.5
7903,26427,335,97,476.71,429,2403.3
7904,26402,334,97,475.72,428,2403.7
7905,26227,331,97,472.15,425,2404.1
7906,26227,331,97,472.15,425,2404.5
7907,25367,314,97,452.65,410,2404.9
7908,20597,253,97,366.43,347,2405.6
7909,26642,338,97,480.52,432,2406.0
7910,15437,170,97,263.31,265,2406.2
7911,26282,332,97,473.32,425,2406.6
7912,27642,356,97,501.56,449,2407.0
7913,23488,289,97,417.96,383,2407.7
7914,15437,170,97,263.31,264,2407.9
7915,23612,290,97,419.5,384,2408.2
7916,26117,329,97,469.81,423,2408.6
7917,26227,331,97,472.15,425,2409.0
7918,32266,413,97,583.18,507,2409.8
7919,28522,375,97,523.12,469,2410.3
7920,27103,347,97,490.99,441,2410.7
7921,24542,307,97,439.52,402,2411.1
7922,26227,331,97,472.15,425,2411.5
7923,15122,175,97,263.64,269,2412.0
7924,30652,391,97,552.88,485,2412.5
7925,30642,391,97,552.82,485,2413.0
7926,15617,174,97,267.75,268,2413.3
7927,28897,368,97,520.89,462,2413.7
7928,31762,441,97,598.48,535,2414.7
7929,33132,428,97,600.98,522,2415.2
7930,26282,332,97,473.32,426,2415.6
7931,28942,383,97,532.36,477,2416.1
7932,31292,404,97,567.64,498,2416.9
7933,18557,210,97,319.63,304,2417.2
7934,31587,400,97,568.19,494,2417.7
7935,26227,331,97,472.15,425,2418.1
7936,26227,331,97,472.15,425,2418.5
7937,22012,277,97,395.08,371,2419.1
7938,25827,331,97,467.61,425,2419.5
7939,30327,386,97,546.73,480,2420.0
7940,26277,332,97,473.29,426,2420.4
7941,26227,331,97,472.15,426,2420.8
7942,25067,309,97,446.49,403,2421.5
7943,15201,165,97,257.33,260,2421.7
7944,25032,307,97,444.44,401,2422.0
7945,24562,300,97,435.9,394,2422.4
7946,23682,300,97,426.8,394,2422.8
7947,24842,305,97,441.78,399,2423.4
7948,23587,291,97,420.35,385,2423.8
7949,24902,306,97,442.98,400,2424.1
7950,26082,327,97,467.52,421,2424.5
7951,23272,284,97,412.42,378,2424.9
7952,23222,282,97,410.28,376,2425.3
7953,26222,329,97,470.12,424,2426.0
7954,25497,307,97,449.37,401,2426.4
7955,24712,303,97,439.32,397,2426.7
7956,24977,306,97,443.27,400,2427.1
7957,10740,83,97,158.5,185,2427.2
7958,29227,364,97,521.41,458,2428.0
7959,27212,330,97,480.92,424,2428.4
7960,26387,332,97,473.71,426,2428.8
7961,25302,320,97,454.84,414,2429.2
7962,23222,282,97,410.28,376,2429.5
7963,26752,322,97,471.44,416,2430.3
7964,25297,312,97,450.23,406,2430.7
7965,25942,323,97,463.34,417,2431.1
7966,28557,362,97,514.01,456,2431.5
7967,24622,309,97,441.68,404,2431.9
7968,27282,349,97,493.52,443,2432.6
7969,24972,306,97,443.24,400,2433.0
7970,23237,282,97,410.35,376,2433.3
7971,23777,293,97,423.01,387,2433.7
7972,27447,352,97,497.03,446,2434.1
7973,26922,325,97,474.98,419,2434.9
7974,22097,273,97,394.47,367,2435.2
7975,23242,284,97,412.06,378,2435.5
7976,9275,50,97,121.65,145,2435.7
7977,15447,170,97,263.37,264,2435.9
7978,26147,329,97,469.83,423,2436.3
7979,29367,359,97,520.21,453,2437.1
7980,25417,314,97,452.71,408,2437.5
7981,15417,170,97,263.11,264,2437.7
7982,26867,324,97,473.81,418,2438.1
7983,26387,332,97,473.71,427,2438.5
7984,32407,426,97,592.79,520,2439.4
7985,15387,181,97,270.43,275,2439.6
7986,31412,405,97,569.28,499,2440.1
7987,26382,334,97,475.6,428,2440.5
7988,26172,330,97,470.98,424,2440.9
7989,27792,340,97,492.76,434,2441.7
7990,30572,390,97,551.54,484,2442.1
7991,25832,322,97,461.9,415,2442.5
7992,24922,307,97,443.86,402,2442.9
7993,26342,333,97,474.52,427,2443.3
7994,28507,374,97,521.95,468,2444.1
7995,26227,331,97,472.15,425,2444.5
7996,26167,328,97,468.95,422,2444.9
7997,26227,331,97,472.15,425,2445.3
7998,26227,331,97,472.15,425,2446.0
7999,26167,330,97,470.95,424,2446.5
8000,26277,332,97,473.29,426,2446.9
8001,25692,311,97,453.48,405,2447.3
8002,26117,329,97,469.81,423,2447.7
8003,12205,116,97,195.21,211,2447.9
8004,29721,375,97,533.85,469,2448.7
8005,27382,351,97,495.8,445,2449.2
8006,27332,331,97,482.34,425,2449.6
8007,26042,326,97,466.44,420,2450.0
8008,25242,312,97,450.06,406,2450.6
8009,26032,327,97,467.46,421,2451.0
8010,24897,306,97,442.95,400,2451.4
8011,26112,329,97,469.78,423,2451.8
8012,26037,328,97,468.41,422,2452.2
8013,24902,316,97,449.46,410,2452.9
8014,26332,331,97,472.46,425,2453.3
8015,26442,335,97,476.8,429,2453.8
8016,24192,299,97,430.62,393,2454.1
8017,30667,392,97,553.79,486,2454.6
8018,26927,325,97,475.01,419,2455.4
8019,24602,308,97,440.72,402,2455.8
8020,25452,308,97,450.02,402,2456.1
8021,30557,390,97,551.47,484,2456.6
8022,23162,283,97,410.86,377,2457.0
8023,24902,306,97,442.98,400,2457.7
8024,29957,378,97,537.79,472,2458.2
8025,26117,329,97,469.81,423,2458.6
8026,24022,298,97,428.68,392,2459.0
8027,15367,169,97,261.97,263,2459.2
8028,26262,331,97,472.04,425,2459.9
8029,26542,335,97,477.08,429,2460.3
8030,23820,296,97,425.34,390,2460.7
8031,26350,334,97,475.28,428,2461.1
8032,31202,402,97,565.44,495,2461.6
8033,29862,378,97,537.36,472,2462.4
8034,25102,308,97,445.86,402,2462.8
8035,26327,333,97,474.43,427,2463.2
8036,26227,331,97,472.15,425,2463.6
8037,26092,328,97,468.66,422,2464.0
8038,31177,401,97,564.43,495,2464.8
8039,20132,249,97,359.78,343,2465.1
8040,25367,314,97,452.65,408,2465.5
8041,20747,257,97,370.77,351,2465.8
8042,23182,291,97,416.16,385,2466.2
8043,30707,384,97,549.47,478,2467.0
8044,30957,397,97,559.75,491,2467.5
8045,22897,286,97,410.25,381,2467.8
8046,26347,333,97,474.55,427,2468.3
8047,23802,302,97,429.2,397,2468.6
8048,25367,314,97,452.65,408,2469.4
8049,12205,116,97,195.21,211,2469.5
8050,20827,265,97,376.49,359,2469.8
8051,26227,331,97,472.15,425,2470.3
8052,21247,265,97,380.41,359,2470.6
8053,20472,251,97,364.0,345,2471.2
8054,25022,307,97,444.38,401,2471.6
8055,14802,158,97,249.24,252,2471.8
8056,28873,359,97,515.17,453,2472.3
8057,26447,335,97,476.83,429,2472.7
8058,26227,331,97,472.15,425,2473.1
8059,28222,370,97,516.9,464,2473.9
8060,26167,326,97,467.37,421,2474.3
8061,24902,306,97,442.98,400,2474.7
8062,26227,331,97,472.15,425,2475.2
8063,26622,336,97,478.4,430,2475.9
8064,26227,331,97,472.15,425,2476.4
8065,26227,331,97,472.15,425,2476.8
8066,26997,326,97,476.05,419,2477.2
8067,30627,391,97,552.71,485,2477.7
8068,26227,331,97,472.15,425,2478.5
8069,26182,330,97,471.04,424,2478.9
8070,26227,331,97,472.15,425,2479.3
8071,31942,407,97,576.18,502,2479.9
8072,31192,401,97,564.52,495,2480.4
8073,24157,308,97,436.37,402,2481.2
8074,27862,361,97,507.24,455,2481.6
8075,27067,345,97,488.77,439,2482.0
8076,23282,294,97,419.44,388,2482.5
8077,25927,333,97,469.89,427,2482.9
8078,25967,323,97,463.47,417,2483.7
8079,28497,373,97,521.03,466,2484.2
8080,25458,316,97,454.84,409,2484.6
8081,28094,367,97,513.84,461,2485.1
8082,26192,330,97,471.08,424,2485.9
8083,30672,392,97,553.82,486,2486.4
8084,12245,117,97,196.31,213,2486.5
8085,12205,116,97,195.21,211,2486.7
8086,30567,390,97,551.51,484,2487.2
8087,12200,116,97,195.1,212,2487.3
8088,24957,307,97,444.15,401,2487.9
8089,26227,331,97,472.15,425,2488.4
8090,24902,305,97,441.9,399,2488.7
8091,25692,311,97,453.48,405,2489.1
8092,26227,331,97,472.15,425,2489.5
8093,28317,368,97,515.93,462,2490.4
8094,30857,395,97,557.45,489,2490.9
8095,25487,315,97,454.05,409,2491.3
8096,26547,337,97,479.11,431,2491.7
8097,26227,331,97,472.15,425,2492.1
8098,30627,391,97,552.71,485,2493.0
8099,26227,331,97,472.15,425,2493.4
8100,30957,397,97,559.75,491,2494.0
8101,29222,364,97,521.38,458,2494.5
8102,27557,351,97,496.71,445,2495.3
8103,27227,359,97,499.53,453,2495.8
8104,25714,319,97,458.86,413,2496.3
8105,25487,317,97,455.81,410,2496.7
8106,24812,304,97,440.74,398,2497.1
8107,25332,313,97,451.58,407,2497.9
8108,30627,391,97,552.71,485,2498.4
8109,26192,330,97,471.08,423,2498.9
8110,24478,308,97,440.08,402,2499.3
8111,30922,396,97,558.68,490,2499.9
8112,30637,391,97,552.75,484,2500.8
8113,21932,277,97,394.84,371,2501.2
8114,25827,331,97,467.61,425,2501.6
8115,31000,393,97,557.88,486,2502.2
8116,26227,331,97,472.15,425,2502.9
8117,26143,330,97,470.63,424,2503.3
8118,12160,115,97,194.0,210,2503.5
8119,25402,313,97,451.84,407,2503.9
8120,24064,307,97,435.06,401,2504.3
8121,28322,370,97,517.48,463,2504.8
8122,24887,305,97,442.19,399,2505.6
8123,30322,409,97,562.54,502,2506.1
8124,24462,296,97,431.92,389,2506.5
8125,25472,315,97,453.88,408,2506.9
8126,26382,335,97,476.44,429,2507.5
8127,28432,372,97,519.82,466,2508.4
8128,26172,330,97,470.98,424,2508.9
8129,30352,386,97,546.86,480,2509.4
8130,25517,316,97,454.99,410,2509.8
8131,21132,263,97,378.2,358,2510.5
8132,30962,397,97,559.78,491,2511.1
8133,25532,317,97,456.16,412,2511.6
8134,26127,328,97,468.87,421,2512.0
8135,26192,330,97,471.08,424,2512.4
8136,24977,306,97,443.27,399,2513.2
8137,25692,311,97,453.48,405,2513.6
8138,26717,328,97,473.91,421,2514.0
8139,31127,400,97,563.29,495,2514.6
8140,12565,124,97,203.99,219,2514.7
8141,26697,348,97,487.11,442,2515.6
8142,25332,313,97,451.58,407,2516.0
8143,25662,318,97,457.7,413,2516.5
8144,28852,379,97,528.32,473,2517.0
8145,25657,310,97,452.41,404,2517.5
8146,26227,331,97,472.15,425,2518.4
8147,33082,426,97,598.98,520,2519.0
8148,25477,316,97,454.97,410,2519.4
8149,26717,328,97,473.91,422,2519.9
8150,25367,314,97,452.65,408,2520.3
8151,30352,386,97,546.86,480,2521.2
8152,29937,379,97,538.49,473,2521.7
8153,25442,314,97,452.94,409,2522.1
8154,27772,348,97,497.54,442,2522.6
8155,24977,306,97,443.27,400,2523.3
8156,25407,313,97,451.87,406,2523.7
8157,27227,348,97,492.43,442,2524.2
8158,27777,361,97,506.81,454,2524.6
8159,30472,389,97,550.12,483,2525.2
8160,20002,242,97,353.2,337,2525.9
8161,21225,268,97,382.09,362,2526.2
8162,30572,390,97,551.54,484,2526.8
8163,22132,281,97,399.4,375,2527.1
8164,21132,256,97,374.38,350,2527.4
8165,24697,301,97,437.57,396,2528.1
8166,26227,331,97,472.15,425,2528.6
8167,30427,388,97,548.99,482,2529.2
8168,26172,330,97,470.98,424,2529.6
8169,24847,305,97,441.81,399,2530.0
8170,27282,349,97,493.6,443,2530.8
8171,25142,309,97,446.86,403,2531.2
8172,28892,382,97,531.08,476,2531.7
8173,26347,333,97,474.55,427,2532.2
8174,23797,302,97,429.17,396,2532.6
8175,30832,394,97,556.44,488,2533.4
8176,26477,333,97,475.27,428,2533.9
8177,25442,314,97,452.94,407,2534.3
8178,26277,332,97,473.29,426,2534.8
8179,25522,317,97,456.12,411,2535.2
8180,27202,350,97,493.88,444,2536.0
8181,26622,347,97,485.66,441,2536.4
8182,24212,300,97,431.48,394,2536.8
8183,26957,353,97,492.97,447,2537.3
8184,18592,219,97,325.7,313,2537.5
8185,29142,385,97,535.08,480,2538.4
8186,31517,399,97,566.91,493,2539.0
8187,25792,320,97,460.06,414,2539.4
8188,29522,369,97,527.42,463,2539.9
8189,9275,50,97,121.65,145,2539.9
8190,28692,354,97,509.8,448,2540.8
8191,25407,313,97,451.87,407,2541.2
8192,29182,363,97,520.3,456,2541.7
8193,25107,308,97,445.71,402,2542.1
8194,25292,311,97,449.5,406,2542.5
8195,26192,330,97,471.08,424,2543.3
8196,25717,329,97,465.27,423,2543.7
8197,30957,397,97,559.75,491,2544.3
8198,27577,344,97,492.61,439,2544.7
8199,27322,350,97,494.6,443,2545.6
8200,26522,334,97,476.3,427,2546.1
8201,25662,318,97,457.7,412,2546.7
8202,30842,395,97,557.38,489,2547.2
8203,25822,321,97,461.1,415,2547.6
8204,25482,317,97,455.48,412,2548.3
8205,21652,272,97,388.88,366,2548.7
8206,12565,124,97,203.99,219,2548.9
8207,25607,319,97,458.29,412,2549.3
8208,24247,311,97,439.53,404,2549.7
8209,28692,356,97,511.72,450,2550.4
8210,27077,352,97,492.77,446,2551.0
8211,30482,388,97,549.3,482,2551.5
8212,15512,171,97,264.58,265,2551.7
8213,27767,358,97,503.99,452,2552.1
8214,20312,232,97,350.82,326,2552.4
8215,30927,396,97,558.71,490,2553.3
8216,27227,348,97,492.43,442,2553.7
8217,28674,377,97,525.56,471,2554.2
8218,31077,399,97,562.15,493,2554.8
8219,24312,310,97,438.9,404,2555.5
8220,26667,328,97,473.53,422,2555.9
8221,30675,396,97,556.25,490,2556.5
8222,26507,337,97,478.87,431,2556.9
8223,31027,398,97,560.99,492,2557.5
8224,25332,313,97,451.22,407,2558.3
8225,26332,331,97,472.46,426,2558.7
8226,25142,309,97,446.78,403,2559.3
8227,25852,315,97,457.72,409,2559.7
8228,24962,306,97,443.1,400,2560.1
8229,28322,370,97,517.32,464,2561.0
8230,25402,315,97,453.68,409,2561.4
8231,26227,331,97,472.15,425,2561.8
8232,26697,340,97,482.45,434,2562.3
8233,25587,318,97,457.41,412,2563.0
8234,29357,367,97,524.63,461,2563.5
8235,23587,291,97,420.35,385,2563.9
8236,26392,334,97,475.66,428,2564.3
8237,26227,331,97,472.15,425,2564.7
8238,25332,313,97,451.58,407,2565.5
8239,30897,396,97,558.69,490,2566.0
8240,26227,331,97,472.15,425,2566.5
8241,26277,332,97,473.29,426,2566.9
8242,30627,391,97,552.71,485,2567.4
8243,26312,332,97,473.48,426,2568.1
8244,25782,320,97,460.0,414,2568.6
8245,26432,334,97,475.88,429,2569.1
8246,12565,124,97,203.99,220,2569.2
8247,25142,309,97,446.78,403,2569.6
8248,29432,367,97,525.14,461,2570.5
8249,30627,391,97,552.71,486,2571.0
8250,30602,391,97,552.48,485,2571.6
8251,26192,330,97,471.08,424,2572.1
8252,15437,170,97,263.31,265,2572.3
8253,26192,330,97,471.08,424,2573.1
8254,28707,355,97,510.73,449,2573.6
8255,28165,372,97,517.33,466,2574.1
8256,28547,374,97,522.19,469,2574.6
8257,25857,324,97,463.99,418,2575.3
8258,12245,117,97,196.31,212,2575.5
8259,29072,363,97,519.8,457,2576.0
8260,25497,316,97,455.09,410,2576.5
8261,25352,312,97,450.7,406,2576.9
8262,26112,327,97,468.04,421,2577.3
8263,20442,251,97,363.76,346,2578.0
8264,28811,379,97,527.79,473,2578.5
8265,28507,375,97,522.95,469,2579.0
8266,32692,420,97,591.76,514,2579.6
8267,26257,332,97,473.09,427,2580.3
8268,26577,326,97,471.31,420,2580.8
8269,28987,361,97,517.59,455,2581.2
8270,28437,372,97,519.93,466,2581.7
8271,30832,394,97,556.44,488,2582.3
8272,22147,283,97,401.21,377,2583.0
8273,28599,375,97,523.33,469,2583.5
8274,25067,309,97,446.57,403,2583.9
8275,25102,310,97,447.46,404,2584.3
8276,26677,327,97,472.81,422,2584.8
8277,28667,377,97,525.51,471,2585.6
8278,28947,381,97,530.55,475,2586.1
8279,30543,390,97,551.19,484,2586.6
8280,28659,378,97,526.47,472,2587.1
8281,25897,314,97,457.21,408,2587.8
8282,26227,331,97,472.15,425,2588.3
8283,26257,332,97,473.09,426,2588.7
8284,25552,317,97,456.26,412,2589.2
8285,31797,404,97,572.81,498,2589.7
8286,22992,278,97,405.84,372,2590.4
8287,28187,369,97,516.01,463,2590.9
8288,24697,309,97,441.97,403,2591.3
8289,28547,374,97,522.25,468,2591.8
8290,24902,306,97,442.98,400,2592.2
8291,26192,330,97,471.08,424,2593.0
8292,25367,314,97,452.65,408,2593.4
8293,24952,306,97,443.04,400,2593.7
8294,26227,331,97,472.15,425,2594.1
8295,25532,317,97,456.16,411,2594.6
8296,26237,331,97,472.19,425,2595.3
8297,29987,404,97,556.31,498,2595.9
8298,27187,350,97,493.81,444,2596.3
8299,26357,333,97,474.59,426,2596.7
8300,30747,394,97,555.87,489,2597.6
8301,26192,330,97,471.08,424,2598.1
8302,26197,331,97,471.89,425,2598.6
8303,25822,313,97,455.92,407,2598.9
8304,29222,390,97,540.836,484,2599.5
8305,26227,331,97,472.15,425,2600.3
8306,20597,253,97,366.43,347,2600.6
8307,30902,396,97,558.58,490,2601.2
8308,27597,357,97,502.21,451,2601.6
8309,26292,332,97,473.36,426,2602.0
8310,25307,313,97,451.45,407,2602.8
8311,26227,331,97,472.15,425,2603.2
8312,21672,272,97,389.0,366,2603.5
8313,25692,311,97,453.48,405,2603.9
8314,26227,331,97,472.15,425,2604.3
8315,25272,312,97,450.38,406,2605.1
8316,26227,331,97,472.15,425,2605.5
8317,26227,331,97,472.15,425,2606.0
8318,21177,264,97,379.33,358,2606.3
8319,29842,377,97,536.24,471,2606.8
8320,26487,336,97,477.91,430,2607.6
8321,20427,250,97,362.97,344,2607.9
8322,25502,317,97,456.0,411,2608.3
8323,26342,333,97,474.52,427,2608.7
8324,26227,331,97,472.15,425,2609.1
8325,24902,306,97,442.98,400,2609.9
8326,25472,307,97,448.8,401,2610.3
8327,26607,337,97,479.49,431,2610.8
8328,26227,331,97,472.15,425,2611.2
8329,26192,330,97,471.08,424,2611.6
8330,26117,329,97,469.81,423,2612.4
8331,26272,332,97,473.26,426,2612.8
8332,26287,333,97,474.13,427,2613.3
8333,26547,336,97,478.11,430,2613.7
8334,28357,372,97,519.53,466,2614.5
8335,15382,169,97,262.14,263,2614.8
8336,26092,326,97,467.08,420,2615.2
8337,26227,331,97,472.15,425,2615.7
8338,24357,302,97,434.19,396,2616.1
8339,25822,313,97,455.92,407,2616.5
8340,15122,175,97,263.64,268,2617.1
8341,26227,331,97,472.15,425,2617.5
8342,12565,124,97,203.99,219,2617.6
8343,21847,275,97,392.41,369,2618.0
8344,26227,331,97,472.15,425,2618.4
8345,26227,331,97,472.15,426,2619.1
8346,28422,373,97,520.74,467,2619.7
8347,26512,336,97,478.04,430,2620.2
8348,25887,315,97,457.93,409,2620.6
8349,24902,306,97,442.98,400,2621.0
8350,26227,331,97,472.15,426,2621.8
8351,28452,374,97,521.76,467,2622.4
8352,30627,391,97,552.71,485,2622.9
8353,28507,374,97,521.87,468,2623.5
8354,25642,319,97,458.5,413,2623.9
8355,12610,125,97,205.2,219,2624.4
8356,12565,124,97,203.99,219,2624.6
8357,28987,361,97,517.59,455,2625.1
8358,26452,335,97,476.84,429,2625.5
8359,25827,313,97,455.95,406,2625.9
8360,25827,313,97,455.95,407,2626.3
8361,26937,355,97,494.59,450,2627.2
8362,26054,318,97,461.52,412,2627.7
8363,14522,161,97,248.42,255,2627.9
8364,26192,330,97,471.08,424,2628.3
8365,12610,125,97,205.2,219,2628.4
8366,27642,346,97,494.64,440,2629.3
8367,27462,355,97,499.64,448,2629.7
8368,15072,164,97,255.82,258,2629.9
8369,28502,375,97,522.92,468,2630.4
8370,26367,332,97,473.69,426,2630.8
8371,25332,313,97,451.58,407,2631.6
8372,28322,371,97,518.46,465,2632.1
8373,26192,330,97,471.08,424,2632.5
8374,28477,375,97,522.69,469,2633.0
8375,26357,332,97,473.79,426,2633.5
8376,21212,264,97,379.34,358,2634.2
8377,28509,375,97,523.05,469,2634.7
8378,28517,376,97,523.77,470,2635.2
8379,25362,314,97,452.78,408,2635.6
8380,9440,54,97,126.28,150,2635.7
8381,25087,310,97,447.39,404,2636.4
8382,25827,313,97,455.95,407,2636.8
8383,26497,333,97,475.37,427,2637.2
8384,12565,124,97,203.99,219,2637.4
8385,23947,297,97,427.55,391,2637.8
8386,31112,401,97,563.96,495,2638.3
8387,25107,308,97,445.71,401,2639.1
8388,26292,332,97,473.36,426,2639.6
8389,26599,339,97,480.85,433,2640.0
8390,28522,376,97,523.8,470,2640.5
8391,25027,308,97,445.39,401,2641.2
8392,30832,394,97,556.44,488,2641.8
8393,12565,124,97,203.99,219,2641.9
8394,27122,348,97,491.72,442,2642.4
8395,28629,376,97,524.45,470,2642.9
8396,26454,334,97,476.06,429,2643.6
8397,25827,313,97,455.95,406,2644.0
8398,25497,316,97,455.09,410,2644.4
8399,29412,367,97,525.02,461,2644.9
8400,15052,161,97,253.08,255,2645.1
8401,26512,324,97,469.3,418,2645.6
8402,25192,311,97,449.08,405,2646.3
8403,26622,327,97,472.42,421,2646.7
8404,25332,313,97,451.58,407,2647.1
8405,26192,330,97,471.08,424,2647.5
8406,25332,313,97,451.58,407,2647.9
8407,28432,372,97,519.82,466,2648.7
8408,31162,401,97,564.34,495,2649.2
8409,26227,331,97,472.15,425,2649.7
8410,25332,313,97,451.58,407,2650.0
8411,12610,125,97,205.2,220,2650.2
8412,12520,123,97,202.98,218,2650.7
8413,26192,330,97,471.08,424,2651.2
8414,26227,331,97,472.15,425,2651.6
8415,28042,366,97,512.68,460,2652.0
8416,9275,50,97,121.65,145,2652.1
8417,25367,314,97,452.65,408,2652.5
8418,25692,311,97,453.48,405,2653.3
8419,25607,318,97,457.45,412,2653.7
8420,26227,331,97,472.15,425,2654.1
8421,26227,331,97,472.15,425,2654.5
8422,26227,331,97,472.15,426,2654.9
8423,21657,272,97,388.93,366,2655.6
8424,25307,313,97,451.45,406,2656.0
8425,21267,265,97,380.69,359,2656.3
8426,25332,313,97,451.58,407,2656.8
8427,25367,314,97,452.65,408,2657.1
8428,25367,314,97,452.65,408,2658.0
8429,23002,287,97,411.7,381,2658.3
8430,25367,314,97,452.65,408,2658.7
8431,21327,266,97,381.89,360,2659.0
8432,21292,265,97,380.82,359,2659.3
8433,26227,331,97,472.15,425,2660.1
8434,26117,329,97,469.81,423,2660.5
8435,26242,331,97,472.22,425,2660.9
8436,12610,125,97,205.2,220,2661.1
8437,26227,331,97,472.15,425,2661.5
8438,26227,331,97,472.15,425,2662.3
8439,22797,284,97,407.97,378,2662.6
8440,25692,311,97,453.48,405,2663.0
8441,25532,317,97,456.16,411,2663.4
8442,26192,330,97,471.08,424,2663.8
8443,20427,250,97,362.89,344,2664.1
8444,26401,334,97,475.73,428,2664.8
8445,26277,331,97,472.29,425,2665.2
8446,26227,331,97,472.15,425,2665.7
8447,26227,331,97,472.15,426,2666.1
8448,26227,331,97,472.15,425,2666.8
8449,26498,336,97,477.86,430,2667.3
8450,26227,331,97,472.15,425,2667.7
8451,26227,331,97,472.15,425,2668.2
8452,26227,331,97,472.15,425,2668.6
8453,9275,50,97,121.65,145,2668.7
8454,26227,331,97,472.15,425,2669.5
8455,26227,331,97,472.15,425,2669.9
8456,26277,332,97,473.29,426,2670.3
8457,26227,331,97,472.15,426,2670.7
8458,26192,330,97,471.08,424,2671.1
8459,26227,331,97,472.15,425,2671.9
8460,25037,309,97,446.33,402,2672.3
8461,26192,330,97,471.08,424,2672.7
8462,28387,373,97,520.47,467,2673.1
8463,26242,331,97,472.22,425,2673.8
8464,22402,278,97,400.54,372,2674.2
8465,26257,332,97,473.09,426,2674.6
8466,25527,318,97,456.89,411,2675.1
8467,28357,372,97,519.53,466,2675.5
8468,26227,331,97,472.15,424,2676.4
8469,26192,330,97,471.08,424,2676.9
8470,26457,336,97,477.73,430,2677.3
8471,25067,309,97,446.49,403,2677.7
8472,26192,330,97,471.08,424,2678.1
8473,26457,336,97,477.73,430,2678.8
8474,25032,308,97,445.42,402,2679.2
8475,26292,333,97,474.4,427,2679.6
8476,26277,332,97,473.29,426,2680.1
8477,26257,332,97,473.35,426,2680.5
8478,22037,272,97,393.41,365,2681.2
8479,26192,330,97,471.08,423,2681.7
8480,26227,331,97,472.15,425,2682.1
8481,26227,331,97,472.15,425,2682.5
8482,26192,330,97,471.08,424,2682.9
8483,26227,331,97,472.15,424,2683.7
8484,26227,331,97,472.15,425,2684.1
8485,26192,330,97,471.08,424,2684.5
8486,26227,331,97,472.15,424,2685.0
8487,28397,373,97,520.59,466,2685.4
8488,26227,331,97,472.15,425,2686.3
8489,25192,311,97,449.08,405,2686.6
8490,15437,170,97,263.31,264,2686.8
8491,26192,330,97,471.08,424,2687.3
8492,28357,372,97,519.53,465,2687.8
8493,25147,310,97,447.97,404,2688.5
8494,20907,259,97,373.49,353,2688.8
8495,26227,331,97,472.15,425,2689.3
8496,25332,313,97,451.58,407,2689.7
8497,20457,251,97,364.07,345,2690.0
8498,26307,333,97,474.05,427,2690.8
8499,21062,262,97,376.96,356,2691.1
8500,28432,374,97,521.58,468,2691.6
8501,28357,372,97,519.53,466,2692.2
8502,25532,317,97,456.16,411,2692.5
8503,26212,331,97,472.04,425,2693.2
8504,26227,331,97,472.15,425,2693.7
8505,26082,328,97,468.74,422,2694.1
8506,28357,372,97,519.53,466,2694.6
8507,14435,177,97,260.99,271,2694.8
8508,25427,315,97,454.05,409,2695.5
8509,24867,305,97,441.91,399,2695.9
8510,25822,313,97,455.92,407,2696.3
8511,26192,330,97,471.08,424,2696.7
8512,26227,331,97,472.15,425,2697.1
8513,29097,363,97,519.93,457,2697.9
8514,28322,371,97,518.46,465,2698.4
8515,25642,320,97,459.26,414,2698.8
8516,28327,372,97,519.29,466,2699.3
8517,9910,68,97,140.7,163,2699.4
8518,26227,331,97,472.15,425,2700.2
8519,28372,372,97,519.6,466,2700.7
8520,26082,328,97,468.74,422,2701.1
8521,26739,343,97,485.23,437,2701.5
8522,28322,371,97,518.46,464,2701.9
8523,26227,331,97,472.15,425,2702.8
8524,24849,304,97,440.97,398,2703.2
8525,26622,339,97,481.32,432,2703.6
8526,26242,331,97,472.22,425,2704.1
8527,14699,167,97,254.33,261,2704.3
8528,28372,373,97,520.4,467,2705.1
8529,28357,372,97,519.53,466,2705.6
8530,28397,372,97,519.85,466,2706.0
8531,9155,48,97,119.15,144,2706.1
8532,20427,250,97,362.89,344,2706.4
8533,26117,329,97,469.81,423,2707.2
8534,26227,331,97,472.15,425,2707.7
8535,26302,333,97,474.2,427,2708.1
8536,25132,311,97,448.48,405,2708.5
8537,23432,287,97,416.06,381,2708.8
8538,28322,371,97,518.46,464,2709.6
8539,21072,262,97,377.0,356,2710.0
8540,25152,311,97,448.6,405,2710.3
8541,28912,382,97,531.34,475,2710.8
8542,17397,197,97,299.59,291,2711.1
8543,25892,315,97,457.96,409,2711.4
8544,30922,396,97,558.68,490,2712.3
8545,27212,350,97,493.96,444,2712.8
8546,24902,306,97,442.98,399,2713.1
8547,23367,286,97,414.67,380,2713.5
8548,26137,329,97,469.91,423,2714.3
8549,28322,371,97,518.46,464,2714.7
8550,28387,373,97,520.73,467,2715.2
8551,23577,281,97,413.85,374,2715.6
8552,12995,136,97,217.13,230,2715.8
8553,24992,308,97,445.12,402,2716.2
8554,24827,305,97,441.61,399,2717.0
8555,12610,125,97,205.2,220,2717.1
8556,26192,330,97,471.08,424,2717.5
8557,27517,354,97,499.03,448,2718.0
8558,30877,396,97,558.35,490,2718.5
8559,26227,331,97,472.15,425,2719.3
8560,25657,310,97,452.41,404,2719.7
8561,9910,68,97,140.7,163,2719.8
8562,26147,329,97,469.97,423,2720.2
8563,12205,116,97,195.21,212,2720.4
8564,26227,331,97,472.15,425,2720.8
8565,26222,331,97,472.28,425,2721.6
8566,26327,333,97,474.43,427,2722.0
8567,28272,370,97,517.34,464,2722.4
8568,26367,331,97,473.01,425,2722.9
8569,30952,397,97,559.88,491,2723.7
8570,26227,331,97,472.15,425,2724.2
8571,25847,314,97,456.89,408,2724.6
8572,26227,331,97,472.15,425,2725.0
8573,26192,330,97,471.08,424,2725.4
8574,26227,331,97,472.15,425,2726.2
8575,25860,328,97,467.34,422,2726.6
8576,26257,332,97,473.35,426,2727.1
8577,26227,331,97,472.15,425,2727.5
8578,28914,381,97,530.32,475,2728.0
8579,25620,325,97,462.54,419,2728.8
8580,26257,332,97,473.35,426,2729.2
8581,26227,331,97,472.15,425,2729.6
8582,26227,331,97,472.15,425,2730.0
8583,28307,371,97,518.39,465,2730.5
8584,26227,331,97,472.15,425,2731.4
8585,25417,326,97,460.95,420,2731.8
8586,26227,331,97,472.15,425,2732.2
8587,26227,331,97,472.15,425,2732.6
8588,24902,306,97,442.98,400,2733.0
8589,24797,303,97,439.83,397,2733.7
8590,25692,311,97,453.48,404,2734.1
8591,26227,331,97,472.15,424,2734.5
8592,26227,331,97,472.15,425,2734.9
8593,24982,306,97,443.28,400,2735.3
8594,11445,99,97,176.35,194,2735.8
8595,26257,332,97,473.35,426,2736.3
8596,26087,328,97,468.59,422,2736.7
8597,26227,331,97,472.15,424,2737.1
8598,26227,331,97,472.15,424,2737.6
8599,26227,331,97,472.15,425,2738.3
8600,8800,38,97,108.6,134,2738.4
8601,26227,331,97,472.15,425,2738.9
8602,26227,331,97,472.15,425,2739.3
8603,28357,372,97,519.53,466,2739.8
8604,16317,186,97,282.03,280,2740.0
8605,8800,38,97,108.3,135,2740.4
8606,21777,274,97,391.49,368,2740.8
8607,26227,331,97,472.15,425,2741.2
8608,26227,331,97,472.15,425,2741.7
8609,26227,331,97,472.15,425,2742.1
8610,26277,332,97,473.29,426,2742.8
8611,25692,311,97,453.48,405,2743.3
8612,26312,330,97,471.76,424,2743.7
8613,12160,115,97,194.1,210,2743.8
8614,26227,331,97,472.15,425,2744.2
8615,8800,38,97,108.6,134,2744.3
8616,25367,314,97,452.65,408,2744.9
8617,26227,331,97,472.15,425,2745.4
8618,26257,332,97,473.35,427,2745.8
8619,26127,329,97,469.71,423,2746.2
8620,26227,331,97,472.15,425,2746.6
8621,25367,314,97,452.65,408,2747.4
8622,25692,311,97,453.48,405,2747.8
8623,21267,265,97,380.69,359,2748.1
8624,24392,295,97,430.44,389,2748.5
8625,25367,314,97,452.65,408,2748.9
8626,24887,305,97,442.05,399,2749.4
8627,26227,331,97,472.15,426,2750.3
8628,25352,313,97,451.72,407,2750.7
8629,25362,314,97,452.78,408,2751.1
8630,26227,331,97,472.15,425,2751.5
8631,26227,331,97,472.15,425,2752.2
8632,26227,331,97,472.15,425,2752.7
8633,26227,331,97,472.15,424,2753.2
8634,25367,314,97,452.65,409,2753.6
8635,26227,331,97,472.15,425,2754.0
8636,28382,372,97,519.64,465,2754.9
8637,26227,331,97,472.15,425,2755.3
8638,26227,331,97,472.15,425,2755.7
8639,25367,314,97,452.65,408,2756.1
8640,26227,331,97,472.15,424,2756.6
8641,26237,331,97,472.19,424,2757.4
8642,26272,332,97,473.26,426,2757.8
8643,26192,330,97,471.08,424,2758.3
8644,31277,395,97,562.27,489,2758.8
8645,25692,311,97,453.48,405,2759.2
8646,26557,338,97,479.75,431,2759.9
8647,20457,251,97,364.09,345,2760.3
8648,26227,331,97,472.15,425,2760.7
8649,22472,278,97,400.98,372,2761.1
8650,12635,126,97,206.39,221,2761.2
8651,12245,117,97,196.31,211,2761.5
8652,26182,330,97,471.04,424,2762.3
8653,9090,45,97,116.2,141,2762.4
8654,24902,306,97,442.98,399,2762.7
8655,21107,263,97,378.07,356,2763.1
8656,25367,314,97,452.65,408,2763.5
8657,25767,313,97,455.79,406,2763.9
8658,12205,116,97,195.21,211,2764.4
8659,26227,331,97,472.15,425,2764.9
8660,12205,116,97,195.21,211,2765.1
8661,26187,330,97,471.05,424,2765.5
8662,12205,116,97,195.21,211,2765.6
8663,28857,359,97,515.15,453,2766.1
8664,30627,391,97,552.71,485,2766.9
8665,25367,314,97,452.65,408,2767.3
8666,26227,331,97,472.15,425,2767.7
8667,25307,313,97,451.45,407,2768.1
8668,25367,314,97,452.65,408,2768.5
8669,26227,331,97,472.15,425,2769.3
8670,25367,314,97,452.65,408,2769.7
8671,25367,314,97,452.65,408,2770.1
8672,12680,127,97,207.5,222,2770.3
8673,26182,330,97,471.04,424,2770.7
8674,30537,390,97,551.49,483,2771.5
8675,26547,325,97,470.37,419,2771.9
8676,26227,331,97,472.15,425,2772.4
8677,26227,331,97,472.15,425,2772.8
8678,12205,116,97,195.21,211,2772.9
8679,25367,314,97,452.65,408,2773.7
8680,26192,330,97,471.08,424,2774.2
8681,26092,326,97,467.08,420,2774.6
8682,30627,391,97,552.71,485,2775.1
8683,26227,331,97,472.15,425,2775.5
8684,26227,331,97,472.15,425,2776.3
8685,26227,331,97,472.15,425,2776.7
8686,26227,331,97,472.15,425,2777.1
8687,26282,332,97,473.32,426,2777.6
8688,26227,331,97,472.15,425,2778.0
8689,26227,331,97,472.15,426,2778.8
8690,26192,330,97,471.08,424,2779.2
8691,26227,331,97,472.15,425,2779.6
8692,25067,309,97,446.49,403,2780.0
8693,26227,331,97,472.15,425,2780.4
8694,26117,329,97,469.81,423,2781.3
8695,26227,331,97,472.15,425,2781.7
8696,28507,375,97,522.95,469,2782.2
8697,26227,331,97,472.15,425,2782.6
8698,24902,306,97,442.98,400,2783.3
8699,15438,170,97,263.2,264,2783.6
8700,26227,331,97,472.15,425,2784.0
8701,26172,330,97,470.98,424,2784.5
8702,12570,124,97,204.1,219,2784.6
8703,26277,332,97,473.29,425,2785.0
8704,26227,331,97,472.15,425,2785.9
8705,28322,371,97,518.46,464,2786.4
8706,26257,332,97,473.09,426,2786.8
8707,26152,330,97,470.78,425,2787.2
8708,24772,304,97,440.52,398,2787.6
8709,26227,331,97,472.15,425,2788.3
8710,25332,313,97,451.58,407,2788.7
8711,26227,331,97,472.15,426,2789.2
8712,26092,326,97,467.08,420,2789.6
8713,25367,314,97,452.65,407,2790.0
8714,24902,306,97,442.98,401,2790.8
8715,26227,331,97,472.15,425,2791.2
8716,26227,331,97,472.15,425,2791.6
8717,26227,331,97,472.15,425,2792.0
8718,26227,331,97,472.15,425,2792.4
8719,26227,331,97,472.15,424,2793.2
8720,26227,331,97,472.15,425,2793.6
8721,26227,331,97,472.15,424,2794.0
8722,26227,331,97,472.15,425,2794.4
8723,25367,314,97,452.65,408,2794.8
8724,26227,331,97,472.15,425,2795.7
8725,26227,331,97,472.15,425,2796.1
8726,26227,331,97,472.15,424,2796.6
8727,26227,331,97,472.15,424,2797.0
8728,25692,311,97,453.48,405,2797.7
8729,25862,314,97,457.02,408,2798.2
8730,26227,331,97,472.15,425,2798.6
8731,9345,52,97,123.85,147,2798.7
8732,25292,313,97,451.28,406,2799.1
8733,26227,331,97,472.15,425,2799.5
8734,26227,331,97,472.15,425,2800.3
8735,26227,331,97,472.15,425,2800.7
8736,26192,330,97,471.08,424,2801.1
8737,25367,314,97,452.65,408,2801.5
8738,26032,317,97,460.56,411,2802.0
8739,26547,336,97,478.11,430,2802.8
8740,25472,316,97,454.96,410,2803.2
8741,26227,331,97,472.15,425,2803.6
8742,25367,314,97,452.65,408,2804.0
8743,25532,317,97,456.16,410,2804.4
8744,26332,331,97,472.82,425,2805.2
8745,28322,371,97,518.46,465,2805.7
8746,25657,310,97,452.41,404,2806.1
8747,26302,333,97,474.2,427,2806.5
8748,25417,326,97,460.95,420,2806.9
8749,26227,331,97,472.15,425,2807.7
8750,25822,313,97,455.92,407,2808.1
8751,26227,331,97,472.15,426,2808.6
8752,26202,331,97,471.92,425,2809.0
8753,24937,316,97,449.65,411,2809.4
8754,25692,311,97,453.48,404,2810.2
8755,26227,331,97,472.15,426,2810.6
8756,25367,314,97,452.65,408,2811.0
8757,26227,331,97,472.15,425,2811.4
8758,25732,312,97,454.58,405,2812.1
8759,23242,292,97,417.36,386,2812.5
8760,25397,315,97,453.59,409,2812.8
8761,26382,334,97,475.6,427,2813.2
8762,25532,317,97,456.16,411,2813.6
8763,25452,315,97,454.02,408,2814.3
8764,26192,330,97,471.08,424,2814.8
8765,26152,330,97,470.78,424,2815.2
8766,25587,318,97,457.41,412,2815.6
8767,26207,331,97,471.95,425,2816.0
8768,26227,331,97,472.15,424,2816.8
8769,25367,314,97,452.65,408,2817.2
8770,25617,310,97,452.11,405,2817.6
8771,21432,268,97,384.2,361,2818.0
8772,26227,331,97,472.15,425,2818.4
8773,25367,314,97,452.65,407,2819.2
8774,20427,250,97,362.89,344,2819.6
8775,25332,313,97,451.58,406,2820.0
8776,25367,314,97,452.65,407,2820.4
8777,26227,331,97,472.15,425,2820.9
8778,26227,331,97,472.15,425,2821.3
8779,22767,291,97,411.59,386,2821.9
8780,26227,331,97,472.15,425,2822.3
8781,25857,314,97,456.99,408,2822.7
8782,25332,313,97,451.58,407,2823.1
8783,26227,331,97,472.15,425,2823.5
8784,26227,331,97,472.15,425,2824.3
8785,26232,331,97,472.0,425,2824.7
8786,25367,314,97,452.65,407,2825.0
8787,25692,311,97,453.48,405,2825.4
8788,25307,313,97,451.45,406,2826.1
8789,26272,332,97,473.26,426,2826.6
8790,26227,331,97,472.15,425,2827.0
8791,28507,375,97,522.95,468,2827.5
8792,30627,391,97,552.71,485,2828.0
8793,25577,318,97,457.27,411,2828.9
8794,25497,316,97,455.09,409,2829.3
8795,26172,330,97,470.98,423,2829.7
8796,26152,330,97,470.78,423,2830.1
8797,25587,318,97,457.41,412,2830.5
8798,25912,315,97,458.24,408,2831.3
8799,26112,329,97,469.78,423,2831.7
8800,25332,313,97,451.58,407,2832.1
8801,25692,311,97,453.48,405,2832.5
8802,27242,351,97,494.98,445,2833.0
8803,29022,362,97,518.66,455,2833.8
8804,26192,330,97,471.08,423,2834.2
8805,28322,371,97,518.46,464,2834.7
8806,30902,397,97,559.32,491,2835.2
8807,25607,318,97,457.43,412,2835.9
8808,25067,309,97,446.49,405,2836.4
8809,25977,327,97,467.33,421,2836.8
8810,26269,330,97,471.57,424,2837.2
8811,25562,318,97,457.16,412,2837.7
8812,24942,305,97,442.2,399,2838.3
8813,26192,330,97,471.08,423,2838.8
8814,25822,313,97,455.92,406,2839.2
8815,26512,336,97,478.04,431,2839.6
8816,26192,330,97,471.08,424,2840.0
8817,25737,312,97,454.59,406,2840.7
8818,25657,310,97,452.41,404,2841.1
8819,26962,325,97,474.98,419,2841.5
8820,12205,116,97,195.21,211,2841.7
8821,25497,316,97,455.09,409,2842.1
8822,26222,331,97,472.12,425,2842.5
8823,25762,322,97,461.74,416,2843.2
8824,21625,277,97,392.89,370,2843.5
8825,26682,338,97,480.78,432,2844.0
8826,28497,375,97,522.91,469,2844.5
8827,15402,169,97,262.24,263,2844.8
8828,26227,331,97,472.15,425,2845.5
8829,28307,371,97,518.39,465,2846.0
8830,26227,331,97,472.15,425,2846.4
8831,28387,373,97,520.47,467,2846.9
8832,28832,380,97,529.2,474,2847.7
8833,26252,332,97,473.06,426,2848.2
8834,26192,330,97,471.08,424,2848.7
8835,26227,331,97,472.15,424,2849.1
8836,26192,330,97,471.08,424,2849.5
8837,28492,344,97,502.5,438,2850.4
8838,28307,371,97,518.39,465,2850.9
8839,25282,313,97,451.14,407,2851.3
8840,27642,357,97,502.48,450,2851.7
8841,26192,330,97,471.08,423,2852.1
8842,26192,330,97,471.08,423,2852.9
8843,26172,330,97,470.98,423,2853.3
8844,25657,310,97,452.41,404,2853.7
8845,26227,331,97,472.15,424,2854.1
8846,26277,332,97,473.29,426,2854.5
8847,25857,314,97,456.99,407,2855.4
8848,25692,311,97,453.48,405,2855.7
8849,26227,331,97,472.15,425,2856.2
8850,26227,331,97,472.15,425,2856.6
8851,26192,330,97,471.08,423,2857.2
8852,21387,267,97,383.09,361,2857.9
8853,26227,331,97,472.15,425,2858.3
8854,25722,311,97,453.68,404,2858.7
8855,26342,333,97,474.52,427,2859.2
8856,28651,377,97,525.57,471,2859.7
8857,26192,330,97,471.08,424,2860.5
8858,27052,327,97,477.22,421,2861.0
8859,26277,332,97,473.29,426,2861.5
8860,26227,331,97,472.15,425,2862.2
8861,26192,330,97,471.08,424,2863.0
8862,26227,331,97,472.15,425,2864.1
8863,26172,330,97,470.98,424,2865.0
8864,26227,331,97,472.15,425,2865.7
8865,26192,330,97,471.08,424,2866.5
8866,26227,331,97,472.15,425,2867.9
8867,20597,253,97,366.43,347,2868.5
8868,26227,331,97,472.15,425,2869.2
8869,28397,373,97,520.69,467,2870.1
8870,26192,330,97,471.08,424,2870.9
8871,25022,308,97,445.38,402,2872.1
8872,28307,371,97,518.39,465,2873.0
8873,24902,306,97,442.98,400,2873.7
8874,28482,373,97,520.96,468,2874.6
8875,26227,331,97,472.15,425,2875.4
8876,25002,307,97,444.56,401,2876.6
8877,27282,331,97,481.96,425,2877.3
8878,28507,375,97,522.95,469,2878.2
8879,26227,331,97,472.15,425,2879.0
8880,26282,332,97,473.32,427,2879.8
8881,25657,310,97,452.41,404,2880.9
8882,26227,331,97,472.15,425,2881.6
8883,28387,373,97,520.73,467,2882.5
8884,26547,337,97,479.11,431,2883.3
8885,25657,310,97,452.41,404,2884.1
8886,28502,375,97,522.74,469,2885.3
8887,26227,331,97,472.15,425,2886.1
8888,25692,311,97,453.48,407,2886.8
8889,26027,317,97,460.53,411,2887.6
8890,28507,375,97,522.95,469,2888.8
8891,26192,330,97,471.08,424,2889.6
8892,25657,310,97,452.41,404,2890.3
8893,26227,331,97,472.15,425,2891.0
8894,25332,313,97,451.58,407,2891.8
8895,25692,311,97,453.48,405,2892.9
8896,25532,317,97,456.16,411,2893.6
8897,25272,312,97,450.38,406,2894.3
8898,22762,283,97,406.9,377,2894.9
8899,25397,315,97,453.59,409,2895.6
8900,25002,307,97,444.56,401,2896.7
8901,25562,317,97,456.32,411,2898.0
8902,26337,333,97,474.49,427,2898.8
8903,26227,331,97,472.15,425,2899.6
8904,28822,358,97,514.08,452,2900.4
8905,15437,170,97,263.31,264,2901.3
8906,25707,312,97,454.35,406,2902.0
8907,25422,316,97,454.66,410,2902.7
8908,25532,317,97,456.16,411,2903.4
8909,25182,311,97,448.94,406,2904.2
8910,25382,313,97,451.9,407,2905.3
8911,28432,374,97,521.58,468,2906.1
8912,25532,317,97,456.16,411,2906.9
8913,26137,329,97,469.91,424,2907.7
8914,26227,331,97,472.15,425,2908.4
8915,28357,372,97,519.53,466,2909.7
8916,12205,116,97,195.21,211,2910.0
8917,25367,314,97,452.65,408,2910.6
8918,25657,310,97,452.41,404,2911.3
8919,26502,337,97,478.76,431,2912.2
8920,25617,310,97,452.11,404,2912.9
8921,26152,330,97,470.78,424,2914.0
8922,26297,340,97,478.13,434,2914.8
8923,26192,330,97,471.08,424,2915.6
8924,28357,372,97,519.53,466,2916.4
8925,28422,373,97,520.74,467,2917.7
8926,25332,313,97,451.58,407,2919.1
8927,25367,314,97,452.65,408,2919.8
8928,25332,313,97,451.58,407,2920.3
8929,28881,382,97,531.31,475,2920.8
8930,26227,331,97,472.15,425,2921.6
8931,26227,331,97,472.15,425,2922.0
8932,25217,311,97,449.21,405,2922.5
8933,25842,334,97,470.22,430,2922.9
8934,28357,372,97,519.53,466,2923.4
8935,28372,372,97,519.6,466,2924.4
8936,26227,331,97,472.15,425,2924.9
8937,26397,334,97,475.67,427,2925.3
8938,27037,345,97,488.91,439,2925.8
8939,25782,313,97,455.62,407,2926.4
8940,24367,296,97,431.35,391,2926.9
8941,25597,319,97,458.23,413,2927.6
8942,26382,334,97,475.6,428,2928.4
8943,28357,372,97,519.53,466,2929.3
8944,26227,331,97,472.15,425,2930.5
8945,26277,332,97,473.29,426,2931.2
8946,25177,311,97,448.83,405,2931.9
8947,26547,336,97,478.11,430,2932.7
8948,28357,372,97,519.53,466,2933.6
8949,26342,333,97,474.52,428,2934.8
8950,26227,331,97,472.15,425,2935.5
8951,28432,373,97,520.88,467,2936.6
8952,24747,313,97,446.01,407,2937.3
8953,24657,310,97,442.75,405,2938.0
8954,26227,331,97,472.15,426,2939.1
8955,28357,372,97,519.53,466,2940.0
8956,26432,335,97,476.74,429,2940.8
8957,25862,324,97,464.06,418,2941.6
8958,26227,331,97,472.15,425,2942.3
8959,25857,314,97,456.99,408,2943.5
8960,25657,310,97,452.41,404,2944.2
8961,25522,318,97,456.86,412,2944.9
8962,26227,331,97,472.15,425,2945.7
8963,25367,314,97,452.65,408,2946.5
8964,25022,308,97,445.38,402,2947.6
8965,26977,325,97,475.01,419,2948.3
8966,26457,335,97,476.89,429,2949.1
8967,18387,215,97,321.09,309,2949.6
8968,25367,314,97,452.65,409,2950.4
8969,26117,329,97,469.81,424,2951.5
8970,25367,314,97,452.65,408,2952.3
8971,25692,311,97,453.48,405,2953.1
8972,26227,331,97,472.15,425,2953.8
8973,26227,331,97,472.15,426,2954.7
8974,26277,332,97,473.29,426,2955.8
8975,25462,316,97,454.9,410,2956.6
8976,26227,331,97,472.15,425,2957.5
8977,26227,331,97,472.15,425,2958.3
8978,26227,331,97,472.15,425,2959.1
8979,28502,375,97,522.92,469,2960.3
8980,28402,353,97,507.48,447,2961.1
8981,26302,333,97,474.2,427,2961.9
8982,28262,370,97,517.34,464,2962.7
8983,24367,296,97,431.35,390,2963.8
8984,15402,169,97,262.24,263,2964.2
8985,28302,371,97,518.36,465,2965.1
8986,25332,313,97,451.58,407,2965.8
8987,9230,49,97,120.64,144,2965.9
8988,26522,337,97,478.88,431,2966.7
8989,26227,331,97,472.15,426,2967.8
8990,24789,312,97,445.19,406,2968.5
8991,28272,370,97,517.32,464,2969.4
8992,11505,100,97,177.37,195,2969.7
8993,17537,199,97,302.09,293,2970.1
8994,15362,169,97,261.94,263,2970.5
8995,24567,300,97,435.93,393,2971.6
8996,21691,277,97,393.11,371,2972.2
8997,25332,313,97,451.58,407,2973.0
8998,25887,315,97,457.93,409,2973.7
8999,25267,313,97,450.97,407,2974.4
9000,26087,319,97,462.57,414,2975.5
9001,26227,331,97,472.15,425,2976.5
9002,29062,361,97,517.96,455,2977.3
9003,25932,316,97,459.04,410,2978.0
9004,24607,302,97,437.79,397,2978.7
9005,28267,370,97,517.29,464,2980.0
9006,26612,335,97,477.74,430,2980.7
9007,24922,298,97,438.52,392,2981.4
9008,25497,316,97,455.09,411,2982.2
9009,24367,296,97,431.35,390,2982.9
9010,25022,308,97,445.32,401,2984.0
9011,26722,337,97,479.94,431,2984.7
9012,29294,367,97,524.58,461,2985.6
9013,24277,304,97,435.49,399,2986.3
9014,24652,310,97,442.74,404,2987.0
9015,23392,287,97,415.58,381,2988.1
9016,24722,310,97,443.28,404,2988.8
9017,24587,301,97,436.81,395,2989.5
9018,25104,318,97,452.2,411,2990.2
9019,29972,402,97,554.38,495,2991.2
9020,25494,316,97,455.08,409,2992.3
9021,11100,91,97,167.38,186,2992.5
9022,26219,330,97,471.09,424,2993.3
9023,25272,312,97,450.38,405,2994.0
9024,25747,321,97,460.57,415,2994.8
9025,24302,303,97,434.7,396,2995.9
9026,25937,324,97,464.45,418,2996.7
9027,24702,311,97,443.92,405,2997.5
9028,21352,274,97,387.16,368,2998.1
9029,25252,302,97,443.12,395,2998.7
9030,26222,328,97,469.52,422,2999.9
9031,27212,350,97,493.96,444,3000.7
9032,24967,308,97,444.97,402,3001.4
9033,12610,125,97,205.2,220,3001.7
9034,26752,350,97,489.04,444,3002.6
9035,26382,334,97,475.6,427,3003.3
9036,26337,341,97,479.03,434,3004.5
9037,28522,375,97,523.04,468,3005.4
9038,25167,321,97,455.09,414,3006.2
9039,24367,296,97,431.35,390,3006.8
9040,25897,325,97,465.13,419,3008.0
9041,23167,283,97,410.95,377,3008.7
9042,28597,377,97,525.11,471,3009.6
9043,25877,314,97,457.09,407,3010.3
9044,27452,354,97,498.8,448,3011.1
9045,26292,332,97,473.36,426,3012.3
9046,27037,345,97,488.91,439,3013.1
9047,26212,331,97,471.98,425,3013.8
9048,10455,77,97,151.93,175,3014.1
9049,19192,229,97,337.82,323,3014.6
9050,24367,296,97,431.35,390,3015.3
9051,25692,311,97,453.48,404,3016.5
9052,25772,321,97,460.94,415,3017.2
9053,12205,116,97,195.21,211,3017.5
9054,25332,313,97,451.58,407,3018.2
9055,26227,331,97,472.15,425,3019.0
9056,28457,374,97,521.81,468,3020.3
9057,27182,337,97,484.4,431,3021.1
9058,26227,331,97,472.15,425,3021.9
9059,25592,319,97,458.12,413,3022.6
9060,25332,313,97,451.58,407,3023.3
9061,26227,331,97,472.15,425,3024.6
9062,27397,342,97,489.85,436,3025.4
9063,26657,337,97,479.73,430,3026.2
9064,26392,334,97,475.66,428,3027.0
9065,23147,283,97,410.99,377,3027.6
9066,26262,332,97,473.12,425,3028.8
9067,28362,372,97,519.64,466,3029.7
9068,28322,371,97,518.46,465,3030.6
9069,26172,311,97,458.48,405,3031.3
9070,29377,390,97,541.01,484,3032.2
9071,26122,327,97,467.9,422,3033.3
9072,17682,202,97,305.46,296,3033.8
9073,28572,376,97,524.18,470,3034.7
9074,25357,315,97,453.35,409,3035.4
9075,25554,317,97,456.28,411,3036.2
9076,25500,321,97,458.4,415,3037.4
9077,26892,343,97,486.2,437,3038.2
9078,29202,387,97,537.36,481,3039.1
9079,25182,312,97,449.62,406,3039.8
9080,28602,378,97,525.96,471,3041.2
9081,26522,335,97,477.16,428,3042.0
9082,25547,317,97,456.23,411,3042.7
9083,27662,338,97,490.04,432,3043.4
9084,26042,318,97,461.38,412,3044.2
9085,24777,304,97,440.53,398,3045.3
9086,20562,252,97,365.36,348,3045.8
9087,24937,307,97,444.03,403,3046.6
9088,26397,334,97,475.67,428,3047.3
9089,24962,308,97,445.02,402,3048.0
9090,25222,311,97,449.24,405,3049.1
9091,25367,314,97,452.65,408,3049.8
9092,24472,297,97,432.84,391,3050.5
9093,25722,312,97,454.42,407,3051.2
9094,25332,313,97,451.58,407,3051.9
9095,22937,286,97,410.31,380,3053.0
9096,26177,320,97,464.67,413,3053.7
9097,26222,312,97,459.62,406,3054.4
9098,25332,313,97,451.58,407,3055.1
9099,27122,347,97,491.12,441,3055.9
9100,24047,289,97,423.55,383,3057.0
9101,26117,329,97,469.81,422,3057.9
9102,26312,332,97,473.48,426,3058.6
9103,26587,335,97,477.61,428,3059.4
9104,28281,370,97,517.47,463,3060.2
9105,26347,333,97,474.55,427,3061.4
9106,26047,338,97,474.81,432,3062.2
9107,27202,349,97,493.12,442,3063.0
9108,24807,314,97,447.21,407,3063.8
9109,26227,331,97,472.15,425,3064.5
9110,26492,337,97,478.7,431,3065.7
9111,25367,314,97,452.65,408,3066.4
9112,12570,124,97,204.1,219,3066.7
9113,26547,337,97,479.11,431,3067.5
9114,26347,333,97,474.55,427,3068.2
9115,26432,335,97,476.74,429,3069.4
9116,26547,336,97,478.11,431,3070.1
9117,26597,319,97,467.77,415,3070.9
9118,26402,334,97,475.72,428,3071.7
9119,26227,331,97,472.15,425,3072.4
9120,27917,353,97,503.07,447,3073.6
9121,25412,307,97,449.02,401,3074.4
9122,25342,314,97,452.34,408,3075.1
9123,29482,373,97,530.66,468,3076.0
9124,22257,274,97,396.31,368,3076.6
9125,26492,336,97,477.94,430,3077.8
9126,26892,343,97,486.2,437,3078.7
9127,26287,332,97,473.35,426,3079.5
9128,21767,274,97,391.31,368,3080.2
9129,21047,262,97,376.87,356,3080.8
9130,22875,291,97,414.29,385,3081.8
9131,24402,297,97,432.42,391,3082.5
9132,24912,306,97,443.02,400,3083.2
9133,26667,339,97,481.51,433,3084.0
9134,25197,319,97,453.71,413,3084.7
9135,24532,299,97,434.86,393,3085.8
9136,25367,314,97,452.65,408,3086.5
9137,26712,340,97,482.62,434,3087.3
9138,25177,311,97,448.91,406,3088.1
9139,21512,262,97,381.78,356,3088.7
9140,25752,321,97,460.84,415,3089.8
9141,21447,268,97,384.29,362,3090.4
9142,24407,297,97,432.45,391,3091.1
9143,18945,229,97,335.65,323,3091.6
9144,21997,261,97,385.45,355,3092.2
9145,25117,310,97,447.63,404,3092.9
9146,20687,256,97,369.83,351,3093.9
9147,25827,322,97,461.93,416,3094.7
9148,25367,314,97,452.65,408,3095.4
9149,25367,314,97,452.65,408,3096.1
9150,25312,313,97,451.48,407,3096.8
9151,24402,297,97,432.42,392,3098.1
9152,26392,334,97,475.66,428,3098.8
9153,24977,307,97,444.43,401,3099.5
9154,25062,309,97,446.46,403,3100.3
9155,26652,347,97,486.16,441,3101.1
9156,25692,311,97,453.48,405,3102.2
9157,24367,296,97,431.35,390,3102.9
9158,25773,313,97,455.47,407,3103.6
9159,26227,331,97,472.15,425,3104.4
9160,26307,332,97,473.45,426,3105.2
9161,25367,314,97,452.65,408,3106.4
9162,21732,273,97,390.24,368,3107.0
9163,25107,310,97,447.65,404,3107.7
9164,24952,307,97,444.12,401,3108.4
9165,22877,285,97,409.11,379,3109.0
9166,26392,334,97,475.66,428,3110.2
9167,21744,274,97,391.02,368,3110.8
9168,25697,320,97,459.67,413,3111.5
9169,9910,68,97,140.7,165,3111.7
9170,25692,311,97,453.48,405,3112.5
9171,26347,333,97,474.55,427,3113.2
9172,26512,336,97,478.06,429,3114.4
9173,25607,318,97,457.45,412,3115.1
9174,24622,309,97,441.84,404,3115.8
9175,26347,333,97,474.55,427,3116.5
9176,25532,317,97,456.16,411,3117.4
9177,25307,313,97,451.45,407,3118.5
9178,26227,331,97,472.15,425,3119.3
9179,25367,314,97,452.65,408,3120.0
9180,25367,314,97,452.65,408,3120.7
9181,25367,314,97,452.65,408,3121.5
9182,25367,314,97,452.65,407,3122.6
9183,21692,272,97,388.94,366,3123.2
9184,25497,316,97,455.09,410,3123.9
9185,25082,309,97,446.56,403,3124.6
9186,25532,317,97,456.16,411,3125.4
9187,28472,374,97,521.88,468,3126.6
9188,25922,316,97,459.0,410,3127.4
9189,25297,313,97,451.31,407,3128.1
9190,25532,317,97,456.16,411,3128.8
9191,26267,330,97,471.55,423,3129.6
9192,21957,279,97,396.51,373,3130.6
9193,21712,273,97,390.66,367,3131.2
9194,24307,304,97,435.67,398,3132.0
9195,26152,330,97,470.78,424,3132.7
9196,28407,373,97,520.67,467,3133.6
9197,25692,311,97,453.48,405,3134.7
9198,25382,314,97,452.72,408,3135.4
9199,25332,313,97,451.58,406,3136.1
9200,25332,313,97,451.58,407,3136.9
9201,28322,371,97,518.46,465,3137.9
9202,25517,317,97,456.05,410,3139.0
9203,25582,318,97,457.3,412,3139.8
9204,24952,307,97,444.12,401,3140.5
9205,25562,318,97,457.1,412,3141.2
9206,25442,316,97,454.7,410,3142.0
9207,24452,306,97,438.28,400,3143.0
9208,28446,373,97,520.98,467,3143.9
9209,27162,348,97,491.8,442,3144.7
9210,20752,256,97,369.62,350,3145.3
9211,24752,303,97,439.7,396,3146.0
9212,9910,68,97,140.7,164,3146.6
9213,27717,348,97,496.69,442,3147.3
9214,26137,329,97,469.91,423,3148.1
9215,25922,316,97,459.06,410,3148.8
9216,26192,330,97,471.08,425,3149.6
9217,28617,378,97,526.05,472,3150.9
9218,26332,331,97,472.64,425,3151.6
9219,27607,356,97,501.41,450,3152.5
9220,26252,332,97,473.06,426,3153.2
9221,25692,311,97,453.48,405,3153.9
9222,25332,313,97,451.58,407,3155.0
9223,25497,316,97,455.09,409,3155.8
9224,28467,374,97,521.87,469,3156.7
9225,25332,313,97,451.58,407,3157.4
9226,25562,318,97,457.1,411,3158.3
9227,28657,355,97,510.65,449,3159.5
9228,25032,308,97,445.42,402,3160.2
9229,25497,316,97,455.09,410,3160.9
9230,25767,312,97,454.75,406,3161.7
9231,25332,313,97,451.58,407,3162.8
9232,28987,361,97,517.59,455,3163.6
9233,28372,372,97,519.62,466,3164.5
9234,28552,376,97,524.04,470,3165.4
9235,11445,99,97,176.35,194,3165.6
9236,26332,331,97,472.82,425,3166.5
9237,28737,380,97,528.53,474,3167.8
9238,21714,276,97,392.6,370,3168.4
9239,25332,313,97,451.58,407,3169.2
9240,25887,315,97,457.93,409,3169.9
9241,26082,328,97,468.74,423,3171.1
9242,25497,316,97,455.09,410,3171.8
9243,25532,317,97,456.16,412,3172.6
9244,25497,316,97,455.09,410,3173.3
9245,25332,313,97,451.58,407,3174.1
9246,26057,325,97,466.01,419,3175.2
9247,26182,330,97,471.04,424,3176.0
9248,26412,334,97,475.84,428,3176.8
9249,26317,333,97,474.31,427,3177.6
9250,26027,327,97,467.57,421,3178.4
9251,25032,308,97,445.42,402,3179.6
9252,25517,317,97,456.05,411,3180.4
9253,25497,316,97,455.09,410,3181.1
9254,25542,318,97,457.06,412,3181.8
9255,28422,373,97,520.74,467,3182.8
9256,25497,316,97,455.09,410,3183.9
9257,26227,331,97,472.15,425,3184.6
9258,25692,311,97,453.48,405,3185.4
9259,25857,314,97,456.99,407,3186.1
9260,26512,336,97,478.04,430,3186.9
9261,26192,330,97,471.08,423,3188.1
9262,26592,338,97,480.22,432,3188.8
9263,24522,299,97,434.82,393,3189.5
9264,25497,316,97,455.11,410,3190.3
9265,26347,333,97,474.55,427,3191.1
9266,25692,311,97,453.48,404,3192.2
9267,26152,330,97,470.78,424,3193.0
9268,28357,372,97,519.53,465,3193.9
9269,28602,377,97,525.12,471,3194.8
9270,28357,372,97,519.53,465,3195.7
9271,25292,313,97,451.28,406,3196.8
9272,27222,339,97,486.22,432,3197.5
9273,26312,332,97,473.48,425,3198.3
9274,25497,316,97,455.09,409,3199.0
9275,25332,313,97,451.58,406,3200.1
9276,25757,312,97,454.69,406,3200.9
9277,26347,333,97,474.55,428,3201.7
9278,26302,333,97,474.2,427,3202.5
9279,26192,330,97,471.08,424,3203.3
9280,26082,328,97,468.74,423,3204.4
9281,28322,371,97,518.46,465,3205.3
9282,25866,314,97,457.06,408,3206.0
9283,25032,308,97,445.42,403,3206.7
9284,26227,331,97,472.15,425,3207.4
9285,28357,372,97,519.53,466,3208.7
9286,26227,331,97,472.15,425,3209.5
9287,26267,330,97,471.55,424,3210.3
9288,26192,330,97,471.08,424,3211.0
9289,30917,397,97,559.63,491,3212.0
9290,24902,306,97,442.98,400,3213.0
9291,28282,371,97,518.16,465,3213.9
9292,28322,371,97,518.46,465,3214.9
9293,28357,372,97,519.53,466,3215.7
9294,26172,330,97,470.98,425,3216.9
9295,26227,331,97,472.15,426,3217.6
9296,26117,329,97,469.81,423,3218.4
9297,28852,381,97,530.14,475,3219.3
9298,25657,310,97,452.41,403,3220.0
9299,28307,371,97,518.39,465,3221.2
9300,25692,311,97,453.48,405,3221.9
9301,28357,372,97,519.53,466,3223.0
9302,26192,330,97,471.08,424,3223.8
9303,25252,312,97,450.28,406,3224.5
9304,26227,331,97,472.15,427,3225.7
9305,26227,331,97,472.15,426,3226.4
9306,26192,330,97,471.08,424,3227.2
9307,26227,331,97,472.15,425,3228.0
9308,12610,125,97,205.2,220,3228.3
9309,25532,317,97,456.16,411,3229.4
9310,25367,314,97,452.65,409,3230.1
9311,26227,331,97,472.15,425,3230.9
9312,25367,314,97,452.65,408,3231.6
9313,25367,314,97,452.65,409,3232.3
9314,25367,314,97,452.65,408,3233.4
9315,26227,331,97,472.15,425,3234.2
9316,26192,330,97,471.08,424,3235.0
9317,26227,331,97,472.15,430,3235.7
9318,25292,313,97,451.28,407,3236.5
9319,26117,329,97,469.81,423,3237.6
9320,24772,304,97,440.44,398,3238.3
9321,26227,331,97,472.15,425,3239.1
9322,26227,331,97,472.15,425,3239.8
9323,26192,330,97,471.08,424,3240.6
9324,26227,331,97,472.15,425,3241.8
9325,26192,330,97,471.08,425,3242.5
9326,26227,331,97,472.15,425,3243.5
9327,26192,330,97,471.08,425,3244.3
9328,26227,331,97,472.15,425,3245.1
9329,26387,332,97,473.99,426,3246.3
9330,25367,314,97,452.65,410,3247.1
9331,26227,331,97,472.15,425,3247.7
9332,26332,341,97,479.2,435,3248.2
9333,24662,302,97,438.18,401,3248.6
9334,25442,316,97,454.7,410,3249.3
9335,26057,325,97,466.01,419,3249.8
9336,26342,333,97,474.52,427,3250.2
9337,25367,314,97,452.65,408,3250.6
9338,25692,311,97,453.48,405,3251.2
9339,26227,331,97,472.15,425,3251.9
9340,26227,331,97,472.15,425,3252.7
9341,25532,317,97,456.16,411,3253.5
9342,26192,330,97,471.08,424,3254.4
9343,26027,317,97,460.53,411,3255.5
9344,26227,331,97,472.15,425,3256.3
9345,25367,314,97,452.65,408,3257.1
9346,26227,331,97,472.15,425,3257.9
9347,26152,330,97,470.78,424,3258.7
9348,26227,331,97,472.15,425,3260.0
9349,26182,330,97,471.04,424,3260.7
9350,25367,314,97,452.65,408,3261.5
9351,15437,170,97,263.31,264,3262.0
9352,25367,314,97,452.65,408,3262.8
9353,26227,331,97,472.15,425,3263.6
9354,25367,314,97,452.65,407,3264.7
9355,26227,331,97,472.15,425,3265.5
9356,26227,331,97,472.15,425,3266.3
9357,25367,314,97,452.65,408,3267.2
9358,25367,314,97,452.65,408,3268.3
9359,12610,125,97,205.2,220,3268.6
9360,18627,218,97,324.89,312,3269.1
9361,25367,314,97,452.65,408,3269.8
9362,25367,314,97,452.65,408,3270.6
9363,26227,331,97,472.15,424,3271.4
9364,25332,313,97,451.58,407,3272.6
9365,25742,321,97,460.78,415,3273.3
9366,27366,352,97,496.8,446,3274.2
9367,25367,314,97,452.65,408,3275.0
9368,25377,314,97,452.69,408,3275.8
9369,26217,331,97,472.09,426,3277.0
9370,26092,326,97,467.08,419,3277.7
9371,26277,332,97,473.29,426,3278.6
9372,26192,330,97,471.08,424,3279.4
9373,25367,314,97,452.65,407,3280.1
9374,26227,331,97,472.15,425,3281.3
9375,26227,331,97,472.15,425,3282.2
9376,25067,309,97,446.49,403,3283.0
9377,25692,311,97,453.48,404,3283.8
9378,26227,331,97,472.15,425,3284.5
9379,25582,318,97,457.3,412,3285.7
9380,25367,314,97,452.65,408,3286.5
9381,27757,370,97,512.19,464,3287.3
9382,25367,314,97,452.65,408,3288.1
9383,25367,314,97,452.65,408,3288.9
9384,25692,311,97,453.48,405,3289.9
9385,26227,331,97,472.15,425,3290.7
9386,30587,391,97,552.63,484,3291.7
9387,26227,331,97,472.15,425,3292.6
9388,26227,331,97,472.15,425,3293.8
9389,26167,330,97,470.95,424,3294.5
9390,25912,315,97,458.16,409,3295.2
9391,25972,325,97,465.6,419,3296.0
9392,26227,331,97,472.15,426,3296.9
9393,25312,313,97,451.48,407,3298.0
9394,25192,311,97,449.08,406,3298.7
9395,26227,331,97,472.15,425,3299.5
9396,25412,315,97,453.76,409,3300.3
9397,25412,315,97,453.76,408,3301.1
9398,25462,316,97,454.92,410,3302.3
9399,26502,336,97,478.0,430,3303.0
9400,25282,323,97,457.46,417,3303.8
9401,26437,334,97,475.77,428,3304.8
9402,26337,333,97,474.49,427,3305.6
9403,26392,334,97,475.66,428,3306.9
9404,24402,297,97,432.42,390,3307.5
9405,24842,297,97,437.36,390,3308.2
9406,24402,297,97,432.42,391,3308.9
9407,26282,332,97,473.32,426,3309.7
9408,25202,312,97,449.84,408,3310.8
9409,25937,307,97,453.73,401,3311.5
9410,23077,280,97,408.05,375,3312.2
9411,22942,270,97,400.82,364,3312.9
9412,26117,329,97,469.81,423,3313.6
9413,26557,337,97,479.17,430,3314.9
9414,25422,315,97,453.82,409,3315.6
9415,27047,347,97,490.51,440,3316.4
9416,24107,292,97,426.45,386,3317.1
9417,26342,333,97,474.52,427,3317.9
9418,26347,333,97,474.55,426,3319.1
9419,25277,304,97,445.69,398,3319.8
9420,29432,361,97,522.42,455,3320.7
9421,30052,382,97,541.86,476,3321.6
9422,25177,321,97,455.31,414,3322.4
9423,17572,200,97,303.16,294,3323.3
9424,22778,284,97,407.82,377,3323.9
9425,24553,300,97,435.75,393,3324.6
9426,25087,301,97,442.03,395,3325.5
9427,21942,277,97,394.88,371,3326.1
9428,23562,298,97,424.38,393,3326.9
9429,24897,306,97,442.95,399,3328.0
9430,26092,329,97,469.58,422,3328.8
9431,25417,315,97,453.79,408,3329.6
9432,26282,332,97,473.32,425,3330.4
9433,26707,340,97,482.59,433,3331.6
9434,26357,333,97,474.61,426,3332.4
9435,26722,340,97,482.68,434,3333.1
9436,25282,313,97,451.14,406,3333.8
9437,25062,317,97,451.2,411,3334.7
9438,28187,364,97,511.57,458,3336.0
9439,26497,334,97,476.23,428,3336.8
9440,25187,319,97,453.61,412,3337.6
9441,26112,330,97,470.5,423,3338.4
9442,26182,330,97,470.98,424,3339.2
9443,25937,325,97,465.23,418,3340.3
9444,14836,158,97,249.18,251,3340.7
9445,25332,313,97,451.58,407,3341.5
9446,29227,389,97,538.97,482,3342.5
9447,27677,355,97,500.95,449,3343.4
9448,22927,270,97,400.65,364,3344.4
9449,18707,220,97,327.03,314,3344.9
9450,21350,278,97,389.44,372,3345.6
9451,26527,335,97,477.31,428,3346.6
9452,28597,377,97,525.09,470,3347.5
9453,18632,219,97,325.74,313,3348.1
9454,25502,317,97,455.9,410,3349.2
9455,29532,395,97,545.9,489,3350.2
9456,26472,335,97,476.96,442,3351.1
9457,26267,332,97,473.15,425,3351.9
9458,24867,305,97,441.91,398,3353.0
9459,25497,316,97,455.09,409,3353.7
9460,24512,299,97,434.76,393,3354.5
9461,29132,364,97,520.98,458,3355.4
9462,25332,313,97,451.58,406,3356.1
9463,25357,315,97,453.21,409,3357.3
9464,25532,317,97,456.16,411,3358.0
9465,27607,357,97,502.27,451,3358.9
9466,25187,313,97,450.51,407,3359.6
9467,24437,296,97,431.77,390,3360.3
9468,12205,116,97,195.21,211,3360.6
9469,24999,308,97,445.13,402,3361.7
9470,28085,341,97,496.67,436,3362.4
9471,25990,331,97,469.84,425,3363.2
9472,25272,312,97,450.38,406,3364.0
9473,22867,277,97,404.11,371,3364.6
9474,24887,305,97,442.03,399,3365.8
9475,26117,329,97,469.81,422,3366.6
9476,23067,282,97,409.59,430,3367.5
9477,24347,296,97,431.25,389,3368.3
9478,26072,309,97,456.2,402,3369.0
9479,25452,317,97,455.44,411,3370.1
9480,26661,339,97,481.57,434,3370.9
9481,25992,325,97,465.42,419,3371.6
9482,28657,355,97,510.57,449,3372.5
9483,26172,330,97,470.98,425,3373.3
9484,12205,116,97,195.21,211,3374.0
9485,26377,334,97,475.57,428,3374.8
9486,26292,330,97,471.64,424,3375.6
9487,12610,125,97,205.2,220,3376.0
9488,24972,317,97,450.72,411,3376.7
9489,25657,310,97,452.41,404,3377.9
9490,26269,330,97,471.57,424,3378.6
9491,25332,313,97,451.58,406,3379.4
9492,26987,326,97,475.99,420,3380.2
9493,26347,333,97,474.55,427,3381.0
9494,24532,299,97,434.86,407,3382.2
9495,24237,302,97,433.65,396,3382.8
9496,26167,330,97,470.95,423,3383.6
9497,26227,331,97,472.15,425,3384.4
9498,26227,331,97,472.15,424,3385.2
9499,26172,330,97,470.98,424,3386.3
9500,24532,299,97,434.86,393,3387.0
9501,21657,272,97,388.93,366,3387.8
9502,26672,339,97,481.54,432,3388.7
9503,24402,297,97,432.42,391,3389.4
9504,26312,332,97,473.48,426,3390.6
9505,26607,338,97,480.31,432,3391.3
9506,27607,356,97,501.41,450,3392.2
9507,24947,316,97,449.57,410,3393.0
9508,26312,332,97,473.48,426,3393.7
9509,25022,308,97,445.38,402,3394.9
9510,26827,342,97,484.99,436,3395.7
9511,25067,309,97,446.49,403,3396.4
9512,25757,321,97,460.85,416,3397.1
9513,26401,334,97,475.73,428,3397.9
9514,26997,346,97,489.37,441,3399.1
9515,23167,290,97,415.09,384,3399.8
9516,26050,332,97,471.04,426,3400.6
9517,26607,338,97,480.31,432,3401.4
9518,12610,125,97,205.2,220,3401.7
9519,26392,334,97,475.66,428,3402.9
9520,25752,321,97,460.84,414,3403.6
9521,25692,311,97,453.48,405,3404.3
9522,26532,327,97,472.14,421,3405.1
9523,26402,334,97,475.72,428,3405.9
9524,26117,329,97,469.81,422,3407.1
9525,24527,309,97,441.33,403,3407.8
9526,27397,332,97,483.55,426,3408.8
9527,26347,333,97,474.55,427,3409.5
9528,9050,45,97,115.8,144,3409.7
9529,25732,322,97,461.48,415,3410.5
9530,26227,331,97,472.15,424,3411.7
9531,26227,331,97,472.15,424,3412.4
9532,26547,337,97,479.11,431,3413.2
9533,26392,334,97,475.66,427,3414.0
9534,27665,342,97,492.83,436,3415.3
9535,24252,303,97,434.48,397,3416.5
9536,26172,330,97,470.98,423,3417.3
9537,26347,333,97,474.55,426,3418.1
9538,25692,311,97,453.48,405,3418.8
9539,25752,321,97,460.84,415,3419.6
9540,25802,313,97,455.82,407,3420.7
9541,26392,334,97,475.66,428,3421.6
9542,25692,311,97,453.48,405,3422.3
9543,28417,373,97,520.73,467,3423.2
9544,26342,333,97,474.52,427,3424.4
9545,25017,308,97,445.35,402,3425.2
9546,27182,337,97,484.4,431,3425.9
9547,22872,285,97,409.14,378,3426.6
9548,24922,298,97,438.52,391,3427.3
9549,15222,177,97,265.92,271,3427.8
9550,24852,305,97,441.82,400,3428.8
9551,27237,349,97,493.49,443,3429.8
9552,25327,304,97,445.99,398,3430.5
9553,25477,316,97,454.99,409,3431.3
9554,24487,298,97,433.75,392,3432.0
9555,26429,333,97,475.05,427,3433.1
9556,29100,364,97,520.82,458,3434.0
9557,21712,276,97,392.7,370,3434.7
9558,24462,305,97,437.42,398,3435.4
9559,23379,286,97,414.81,380,3436.0
9560,25922,316,97,459.06,410,3437.2
9561,25549,317,97,456.25,411,3437.9
9562,25562,318,97,457.1,412,3438.6
9563,25837,323,97,462.95,417,3439.4
9564,25617,318,97,457.49,412,3440.1
9565,25552,317,97,456.26,410,3441.3
9566,21517,272,97,388.17,366,3441.9
9567,25515,321,97,458.49,415,3442.7
9568,21567,271,97,387.27,365,3443.3
9569,25027,309,97,446.17,403,3444.0
9570,26172,330,97,470.98,424,3445.2
9571,25332,313,97,451.58,406,3445.9
9572,28357,372,97,519.53,466,3446.8
9573,21172,265,97,380.04,359,3447.4
9574,28762,380,97,528.68,474,3448.4
9575,26312,332,97,473.48,426,3449.5
9576,25332,313,97,451.58,407,3450.4
9577,25272,314,97,451.86,408,3451.2
9578,28472,374,97,521.88,468,3452.1
9579,24897,306,97,442.95,400,3452.8
9580,24707,303,97,439.21,397,3453.8
9581,28167,368,97,515.01,462,3454.7
9582,15467,171,97,264.25,265,3455.1
9583,24367,296,97,431.35,390,3455.9
9584,26157,330,97,470.81,424,3456.6
9585,25712,312,97,454.44,406,3457.7
9586,25497,316,97,455.09,410,3458.5
9587,29297,391,97,541.05,485,3459.4
9588,29612,373,97,531.44,467,3460.3
9589,24402,305,97,437.16,399,3461.0
9590,26152,330,97,470.78,424,3462.2
9591,26192,330,97,471.08,424,3463.0
9592,26227,331,97,472.15,425,3463.8
9593,25332,313,97,451.58,407,3464.5
9594,24402,297,97,432.42,391,3465.2
9595,23237,292,97,417.39,386,3466.2
9596,26307,332,97,473.45,426,3467.0
9597,27682,339,97,491.18,433,3467.8
9598,21892,276,97,393.74,370,3468.5
9599,24532,299,97,434.86,393,3469.2
9600,23642,290,97,419.82,384,3470.2
9601,24402,297,97,432.42,391,3471.2
9602,24402,297,97,432.42,391,3471.8
9603,25387,314,97,452.75,408,3472.6
9604,25597,318,97,457.39,412,3473.3
9605,25332,313,97,451.58,407,3474.4
9606,26287,332,97,473.35,426,3475.2
9607,11490,100,97,177.46,195,3475.5
9608,25657,310,97,452.41,403,3476.2
9609,26297,330,97,471.49,424,3477.0
9610,26347,333,97,474.55,426,3478.2
9611,24807,304,97,440.71,398,3478.9
9612,25332,313,97,451.58,407,3479.6
9613,25742,321,97,460.78,415,3480.4
9614,26432,335,97,476.74,429,3481.2
9615,25627,319,97,458.41,413,3482.3
9616,25367,314,97,452.65,408,3483.0
9617,25937,307,97,453.73,401,3483.8
9618,28562,354,97,509.12,448,3484.6
9619,26167,330,97,470.95,424,3485.4
9620,24897,306,97,442.95,400,3486.5
9621,25552,317,97,456.26,411,3487.2
9622,9910,68,97,140.7,164,3487.4
9623,25037,308,97,445.63,402,3488.2
9624,25442,316,97,454.7,410,3489.0
9625,25407,315,97,453.75,409,3489.7
9626,26236,331,97,472.22,425,3491.0
9627,24792,305,97,441.48,399,3491.8
9628,26347,333,97,474.55,427,3492.6
9629,25957,326,97,466.25,420,3493.3
9630,29656,397,97,548.56,492,3494.3
9631,23362,286,97,414.64,380,3495.3
9632,25932,316,97,459.04,410,3496.1
9633,25637,319,97,458.55,413,3496.8
9634,24862,305,97,441.88,399,3497.6
9635,25332,313,97,451.58,407,3498.3
9636,25057,317,97,451.17,411,3499.5
9637,25822,313,97,455.92,407,3500.2
9638,25552,318,97,457.04,412,3501.0
9639,26347,333,97,474.55,427,3501.8
9640,26377,342,97,480.31,436,3502.6
9641,25332,313,97,451.58,407,3503.7
9642,27832,341,97,493.88,435,3504.6
9643,23212,282,97,410.52,376,3505.2
9644,25212,311,97,449.0,404,3505.9
9645,25617,319,97,458.17,413,3506.7
9646,26227,331,97,472.15,425,3507.8
9647,25532,317,97,456.16,410,3508.6
9648,12205,116,97,195.21,211,3508.9
9649,21372,267,97,383.0,361,3509.5
9650,11235,94,97,170.71,189,3509.8
9651,25292,312,97,450.7,406,3510.6
9652,26227,331,97,472.15,425,3511.8
9653,25702,311,97,453.52,405,3512.6
9654,25367,314,97,452.65,408,3513.3
9655,28357,372,97,519.53,465,3514.2
9656,25577,318,97,457.27,413,3515.0
9657,28027,344,97,497.55,438,3516.2
9658,28607,377,97,525.23,471,3517.1
9659,24237,302,97,433.65,396,3517.8
9660,25737,312,97,454.59,405,3518.5
9661,26407,334,97,475.75,428,3519.8
9662,26227,331,97,472.15,424,3520.6
9663,25802,313,97,455.82,409,3521.4
9664,29697,377,97,535.31,471,3522.3
9665,26227,331,97,472.15,425,3523.0
9666,26227,331,97,472.15,426,3524.3
9667,25497,316,97,455.09,410,3525.0
9668,25532,317,97,456.16,411,3525.8
9669,12205,116,97,195.21,211,3526.1
9670,25232,312,97,450.08,406,3526.8
9671,26312,332,97,473.48,426,3528.0
9672,25332,313,97,451.58,407,3528.7
9673,25332,313,97,451.58,407,3529.5
9674,26227,331,97,472.15,425,3530.3
9675,26227,331,97,472.15,425,3531.1
9676,21807,274,97,391.31,368,3531.9
9677,28537,375,97,523.13,469,3533.2
9678,28432,374,97,521.58,468,3534.1
9679,25377,314,97,452.69,408,3534.9
9680,28447,374,97,521.67,468,3535.8
9681,25917,324,97,464.35,418,3536.9
9682,25332,313,97,451.58,407,3537.6
9683,25737,312,97,454.59,406,3538.4
9684,28007,365,97,511.39,459,3539.3
9685,24917,306,97,443.05,400,3540.0
9686,25842,334,97,470.22,427,3541.2
9687,24402,297,97,432.42,391,3541.9
9688,26327,333,97,474.35,480,3542.9
9689,25367,314,97,452.65,408,3543.5
9690,25277,313,97,451.19,407,3544.3
9691,22990,293,97,416.66,387,3545.3
9692,28472,374,97,521.88,468,3546.2
9693,26477,335,97,476.99,429,3547.0
9694,26542,337,97,479.08,432,3547.9
9695,25132,310,97,447.72,404,3548.6
9696,27117,349,97,492.61,443,3549.8
9697,26382,323,97,468.28,417,3550.6
9698,26342,333,97,474.52,427,3551.4
9699,25887,315,97,457.93,410,3552.1
9700,26592,335,97,477.64,429,3553.4
9701,24972,317,97,450.72,410,3554.2
9702,29152,364,97,521.1,458,3555.1
9703,26547,337,97,479.11,431,3555.9
9704,26487,336,97,477.91,430,3556.7
9705,26227,331,97,472.15,425,3557.9
9706,25692,311,97,453.48,405,3558.6
9707,26227,331,97,472.15,425,3559.4
9708,26152,330,97,470.78,424,3560.3
9709,24907,306,97,442.83,400,3561.0
9710,9275,50,97,121.75,145,3561.2
9711,25162,311,97,448.74,405,3562.3
9712,26212,312,97,459.58,408,3563.0
9713,21657,272,97,388.93,366,3563.7
9714,26227,331,97,472.15,425,3564.5
9715,21232,265,97,380.32,360,3565.1
9716,26242,313,97,460.78,407,3566.2
9717,24917,306,97,443.05,400,3567.0
9718,9910,68,97,140.7,163,3567.2
9719,26617,338,97,480.37,433,3568.0
9720,26102,319,97,463.4,413,3568.8
9721,24942,306,97,443.18,402,3569.5
9722,24757,303,97,439.75,397,3570.6
9723,25117,310,97,447.63,404,3571.4
9724,26877,353,97,492.57,448,3572.2
9725,28327,349,97,503.55,443,3573.1
9726,20927,259,97,373.47,353,3573.9
9727,26117,325,97,466.37,420,3575.0
9728,25412,315,97,453.76,409,3575.7
9729,12340,119,97,198.48,215,3576.1
9730,26097,319,97,463.37,413,3576.8
9731,26467,333,97,475.23,442,3577.7
9732,22602,273,97,399.32,367,3578.7
9733,24487,298,97,433.75,396,3579.5
9734,25937,336,97,472.47,430,3580.2
9735,26122,318,97,462.0,412,3581.0
9736,11235,94,97,170.71,189,3581.2
9737,25257,311,97,449.47,405,3582.0
9738,25367,314,97,452.65,408,3583.1
9739,12205,116,97,195.21,211,3583.4
9740,11235,94,97,170.71,190,3583.6
9741,25332,313,97,451.58,407,3584.3
9742,12205,116,97,195.21,212,3584.6
9743,25367,314,97,452.65,408,3585.4
9744,26222,339,97,476.86,433,3587.1
9745,25332,313,97,451.58,407,3587.9
9746,26347,333,97,474.55,427,3588.8
9747,25412,315,97,453.76,409,3589.5
9748,23942,296,97,426.68,390,3590.2
9749,25067,308,97,445.63,402,3591.2
9750,25272,313,97,451.16,407,3592.0
9751,25692,311,97,453.48,405,3592.9
9752,26517,326,97,471.03,420,3593.7
9753,27867,350,97,499.19,444,3594.5
9754,25282,323,97,457.62,417,3595.7
9755,27962,343,97,496.16,438,3596.5
9756,25764,304,97,450.06,398,3597.2
9757,26702,330,97,476.24,424,3598.0
9758,25732,321,97,460.72,415,3598.8
9759,26187,318,97,462.39,412,3600.0
9760,26067,318,97,461.61,414,3600.7
9761,25252,312,97,450.28,406,3601.5
9762,22207,273,97,394.99,369,3602.1
9763,11235,94,97,170.71,189,3602.4
9764,25282,311,97,449.6,407,3603.1
9765,26547,337,97,479.11,431,3604.3
9766,27252,350,97,494.26,444,3605.2
9767,26317,343,97,480.73,443,3606.0
9768,24407,306,97,437.93,401,3606.7
9769,26992,345,97,488.5,439,3607.9
9770,9910,68,97,140.7,164,3608.1
9771,24562,306,97,438.78,400,3608.8
9772,24972,307,97,444.38,403,3609.6
9773,25307,304,97,445.29,398,3610.3
9774,26397,331,97,473.09,425,3611.1
9775,25497,316,97,455.09,410,3612.2
9776,24707,301,97,437.61,395,3613.4
9777,26367,333,97,474.65,426,3614.2
9778,24864,314,97,447.48,408,3614.9
9779,26242,343,97,480.12,437,3615.7
9780,25447,316,97,454.79,409,3616.8
9781,26145,328,97,469.05,423,3617.6
9782,25757,322,97,461.65,419,3618.4
9783,27527,356,97,500.93,449,3619.2
9784,14950,165,97,254.9,260,3619.6
9785,20759,266,97,377.07,361,3620.6
9786,24427,296,97,431.63,389,3621.3
9787,24942,297,97,437.78,390,3622.0
9788,20677,254,97,367.57,349,3622.6
9789,25697,320,97,459.67,414,3623.4
9790,25312,313,97,451.22,406,3624.5
9791,25357,323,97,457.93,417,3625.2
9792,12250,117,97,196.32,215,3625.5
9793,24392,295,97,430.66,390,3626.2
9794,24962,307,97,444.16,402,3627.0
9795,25627,319,97,458.41,414,3627.7
9796,25707,320,97,459.71,413,3628.8
9797,12205,116,97,195.21,211,3629.1
9798,25457,316,97,454.79,409,3629.8
9799,25592,319,97,457.96,415,3630.6
9800,21427,268,97,383.99,361,3631.2
9801,12205,116,97,195.21,212,3631.7
9802,14759,168,97,255.51,261,3632.5
9803,25802,313,97,455.82,406,3633.2
9804,21352,266,97,382.02,359,3633.8
9805,26392,334,97,475.66,430,3634.6
9806,25867,323,97,463.13,416,3635.4
9807,12205,116,97,195.21,212,3635.6
9808,25717,322,97,461.65,416,3636.8
9809,22327,277,97,399.27,371,3637.4
9810,25582,318,97,457.3,412,3638.3
9811,25162,311,97,448.74,405,3639.0
9812,12245,117,97,196.31,214,3639.3
9813,26537,345,97,483.79,438,3640.5
9814,27687,337,97,489.63,431,3641.3
9815,25827,322,97,462.11,418,3642.0
9816,25492,317,97,456.1,413,3642.8
9817,25367,314,97,452.65,408,3643.5
9818,29287,367,97,524.45,460,3644.8
9819,28841,380,97,529.23,473,3645.7
9820,24487,298,97,433.71,392,3646.4
9821,25137,310,97,447.75,403,3647.1
9822,26227,331,97,472.15,427,3647.9
9823,25892,315,97,457.96,411,3649.0
9824,29841,401,97,553.05,495,3650.0
9825,25497,316,97,455.09,409,3650.8
9826,25272,312,97,450.22,405,3651.7
9827,26547,337,97,479.11,430,3652.5
9828,28272,370,97,517.28,463,3653.7
9829,26387,333,97,474.73,427,3654.5
9830,26302,331,97,472.62,424,3655.3
9831,26267,330,97,471.55,423,3656.1
9832,25147,310,97,447.95,403,3656.9
9833,25707,320,97,459.71,413,3658.0
9834,25662,319,97,458.6,413,3658.8
9835,25860,329,97,467.34,423,3659.5
9836,25332,313,97,451.58,407,3660.3
9837,26632,339,97,481.22,591,3661.9
9838,26927,344,97,487.27,437,3662.8
9839,28372,372,97,519.6,467,3663.7
9840,26302,330,97,471.7,425,3664.5
9841,25717,320,97,459.77,413,3665.3
9842,25767,313,97,455.53,407,3666.4
9843,25372,314,97,452.68,408,3667.2
9844,30537,390,97,551.49,484,3668.1
9845,25497,316,97,455.09,411,3668.9
9846,26347,333,97,474.55,454,3669.7
9847,25382,315,97,453.5,410,3670.9
9848,26282,330,97,471.5,423,3671.7
9849,25197,311,97,448.93,404,3672.4
9850,28282,371,97,518.18,467,3673.3
9851,11145,92,97,168.49,186,3673.7
9852,26232,329,97,470.36,423,3674.9
9853,21945,282,97,398.93,376,3675.6
9854,12245,117,97,196.31,211,3675.9
9855,25517,317,97,456.07,412,3676.6
9856,24437,296,97,431.77,389,3677.3
9857,28287,371,97,518.19,465,3678.6
9858,28322,371,97,518.46,464,3679.5
9859,26132,320,97,463.6,413,3680.2
9860,28357,372,97,519.53,466,3681.1
9861,29531,394,97,545.29,488,3682.0
9862,25717,320,97,459.77,413,3683.1
9863,25007,316,97,450.03,413,3683.8
9864,15437,170,97,263.31,268,3684.2
9865,25367,314,97,452.65,407,3685.0
9866,25702,311,97,453.52,406,3685.7
9867,28402,373,97,520.64,466,3687.1
9868,25382,314,97,452.72,410,3687.8
9869,26257,332,97,473.09,431,3688.6
9870,26229,331,97,472.17,426,3689.3
9871,26462,335,97,476.92,429,3690.1
9872,25507,317,97,455.93,412,3691.2
9873,25370,314,97,452.56,410,3692.0
9874,26447,335,97,476.81,428,3692.8
9875,26247,329,97,470.51,422,3693.6
9876,25514,317,97,456.04,410,3694.5
9877,25097,310,97,447.43,407,3695.7
9878,25382,325,97,459.88,420,3696.4
9879,28322,371,97,518.46,464,3697.3
9880,28322,371,97,518.46,468,3698.2
9881,25912,324,97,464.22,419,3699.0
9882,28987,391,97,537.39,485,3700.3
9883,25332,313,97,451.58,409,3701.1
9884,26222,328,97,469.52,422,3701.8
9885,25747,312,97,454.65,405,3702.6
9886,22420,290,97,408.58,384,3703.6
9887,25497,316,97,455.09,410,3704.4
9888,28347,373,97,520.23,466,3705.3
9889,25172,311,97,448.88,407,3706.1
9890,25692,311,97,453.48,406,3706.8
9891,26152,330,97,470.78,424,3708.0
9892,25497,316,97,455.09,412,3708.7
9893,24297,303,97,434.83,397,3709.4
9894,25414,315,97,453.66,410,3710.2
9895,24962,307,97,444.16,400,3710.9
9896,25497,316,97,455.09,409,3712.1
9897,25697,320,97,459.67,414,3712.8
9898,26192,330,97,471.08,423,3713.6
9899,25377,314,97,452.69,409,3714.3
9900,25497,316,97,455.09,409,3715.1
9901,22592,288,97,408.54,381,3716.3
9902,26227,331,97,472.15,424,3717.1
9903,28937,383,97,532.27,477,3718.1
9904,28407,373,97,520.67,466,3719.0
9905,28322,371,97,518.46,465,3719.9
9906,29541,395,97,546.19,491,3721.2
9907,25857,314,97,456.99,409,3722.0
9908,25497,316,97,455.09,410,3722.7
9909,26302,332,97,473.42,426,3723.5
9910,28302,371,97,518.36,464,3724.5
9911,29507,362,97,523.69,456,3725.7
9912,26227,331,97,472.15,425,3726.6
9913,25376,314,97,452.72,407,3727.3
9914,25702,311,97,453.52,405,3728.1
9915,25492,316,97,455.14,411,3729.2
9916,26192,330,97,471.08,424,3730.0
9917,25272,312,97,450.38,406,3730.8
9918,25897,325,97,464.99,419,3731.5
9919,24827,305,97,441.61,399,3732.2
9920,25022,308,97,445.38,403,3733.5
9921,25107,310,97,447.55,406,3734.2
9922,28427,381,97,525.51,476,3735.2
9923,25769,312,97,454.77,407,3735.9
9924,25497,316,97,455.09,415,3736.7
9925,28322,371,97,518.46,465,3738.0
9926,25707,320,97,459.71,417,3739.3
9927,29502,384,97,538.02,478,3740.3
9928,25562,318,97,457.16,413,3741.1
9929,26267,330,97,471.55,424,3741.8
9930,25497,316,97,455.09,411,3743.0
9931,26397,334,97,475.67,429,3743.8
9932,25497,316,97,455.09,409,3744.5
9933,29022,362,97,518.66,456,3745.3
9934,26222,328,97,469.52,423,3746.1
9935,25752,321,97,460.84,417,3747.3
9936,24932,307,97,443.92,400,3748.1
9937,25772,322,97,461.72,417,3748.9
9938,25307,313,97,451.45,408,3749.7
9939,25692,311,97,453.48,405,3750.5
9940,25822,313,97,455.92,408,3751.6
9941,24992,308,97,445.12,404,3752.3
9942,27642,357,97,502.48,452,3753.1
9943,26227,331,97,472.15,425,3753.9
9944,26162,320,97,463.78,415,3754.7
9945,26267,330,97,471.55,424,3755.8
9946,25632,319,97,458.44,413,3756.5
9947,25852,314,97,457.68,410,3757.3
9948,25117,310,97,447.63,405,3758.0
9949,25692,311,97,453.48,405,3759.2
9950,25307,313,97,451.45,408,3759.9
9951,26377,331,97,472.99,426,3760.9
9952,25252,312,97,450.28,405,3761.6
9953,25472,316,97,454.96,410,3762.3
9954,26227,331,97,472.15,426,3763.5
9955,28357,372,97,519.53,466,3764.4
9956,26077,318,97,461.67,411,3765.2
9957,26402,334,97,475.72,429,3766.0
9958,25217,311,97,449.21,405,3766.7
9959,25117,310,97,447.63,403,3767.9
9960,25367,314,97,452.65,407,3768.6
9961,21397,267,97,383.13,360,3769.2
9962,25332,313,97,451.58,406,3770.0
9963,26227,331,97,472.15,424,3770.8
9964,24367,296,97,431.35,389,3771.9
9965,25332,313,97,451.58,407,3772.6
9966,25277,312,97,450.41,405,3773.4
9967,21672,272,97,389.0,366,3774.0
9968,21612,271,97,387.8,364,3774.7
9969,28132,346,97,499.88,440,3775.5
9970,24292,295,97,430.08,389,3776.6
9971,25087,309,97,446.61,404,3777.3
9972,21502,269,97,385.46,363,3778.0
9973,24252,294,97,429.16,388,3778.7
9974,25252,312,97,450.28,406,3779.4
9975,26217,321,97,465.77,418,3780.5
9976,25367,314,97,452.65,408,3781.5
9977,25252,312,97,450.28,407,3782.2
9978,22737,283,97,406.77,377,3782.9
9979,25367,314,97,452.65,408,3783.7
9980,25472,316,97,454.96,410,3784.8
9981,14195,158,97,243.05,252,3785.2
9982,25742,312,97,455.34,406,3785.9
9983,26662,339,97,481.48,432,3786.7
9984,20392,249,97,361.82,344,3787.4
9985,26272,332,97,473.26,426,3788.6
9986,26437,335,97,476.77,429,3789.4
9987,25312,313,97,451.48,406,3790.1
9988,23112,282,97,409.92,376,3790.7
9989,25897,315,97,458.79,409,3791.5
9990,14967,161,97,252.75,254,3791.9
9991,25497,316,97,455.09,410,3793.0
9992,25692,311,97,453.48,404,3793.7
9993,25127,310,97,447.49,405,3794.5
9994,25772,322,97,461.72,417,3795.3
9995,25707,320,97,459.71,414,3796.1
9996,25332,313,97,451.58,407,3797.2
9997,25562,318,97,457.36,412,3797.9
9998,25032,308,97,445.42,402,3798.7
9999,28322,371,97,518.46,465,3799.6
10000,25332,313,97,451.58,407,3800.3
